identifier,IA_ID,IA_LABEL,text,punctuation,sentence_ix,word_in_sentence,sentence_word_count,relative_word_position,word_freq,stop_word,gpt2_surprisal_page,opt-125m_surprisal_page,opt-125m_surprisal_wholetext,log_word_freq
Bias0,1,Around,Bias,False,0,0,25,0.0,0.000589,False,9.247074127197266,9.502090454101562,9.502090454101562,-7.437084374312687
Bias0,2,the,Bias,False,0,1,25,0.04,0.0537,True,1.7022709846496582,1.413455367088318,1.4134552478790283,-2.9243422774673182
Bias0,3,turn,Bias,False,0,2,25,0.08,0.000209,False,4.865251541137695,7.989987373352051,7.989988327026367,-8.473176305999463
Bias0,4,of,Bias,False,0,3,25,0.12,0.0251,True,0.0310035198926925,0.3707428574562073,0.3707428574562073,-3.684887432844399
Bias0,5,the,Bias,False,0,4,25,0.16,0.0537,True,0.0371656455099582,0.0936536639928817,0.0936536639928817,-2.9243422774673182
Bias0,6,20th,Bias,False,0,5,25,0.2,4.5e-06,False,2.0372924036346376,2.459377884864807,2.45937979221344,-12.311433161188
Bias0,8,century,Bias,False,0,6,25,0.24,0.000105,False,0.1527268886566162,0.233723908662796,0.2337239980697631,-9.161550207806751
Bias0,9,a,Bias,False,0,7,25,0.28,0.0229,True,4.322543144226074,4.450676918029785,4.450675964355469,-3.776618368421943
Bias0,10,German,Bias,False,0,8,25,0.32,8.91e-05,False,3.92477822303772,4.406615257263184,4.4066162109375,-9.32575122348751
Bias0,11,school,Bias,False,0,9,25,0.36,0.000513,False,6.269900321960449,6.506234169006348,6.506235122680664,-7.575234712793504
Bias0,12,teacher,Bias,False,0,10,25,0.4,7.59e-05,False,2.6009349822998047,2.846779584884644,2.84678053855896,-9.48609387356269
Bias0,13,named,Bias,False,0,11,25,0.44,8.91e-05,False,1.443027377128601,3.439495801925659,3.439495086669922,-9.32575122348751
Bias0,14,Mr,Bias,False,0,12,25,0.48,0.00049,False,8.48438686132431,6.604160279035568,6.604159981012344,-7.621105166859602
Bias0,15,.,Bias,True,0,12,25,0.48,0.0,False,,,,
Bias0,16,von,Bias,False,0,13,25,0.52,1.48e-05,False,4.483306884765625,6.268105983734131,6.268105506896973,-11.120883377194204
Bias0,17,Osten,Bias,False,0,14,25,0.56,9.77e-08,False,10.5906982421875,8.427951335906982,8.42795181274414,-16.141364277897676
Bias0,18,exhibited,Bias,False,0,15,25,0.6,7.24e-06,False,9.954595565795898,10.854276657104492,10.854276657104492,-11.83588935156665
Bias0,19,his,Bias,False,0,16,25,0.64,0.00324,True,1.6617374420166016,2.9433999061584477,2.94340181350708,-5.732181949177899
Bias0,20,intelligent,Bias,False,0,17,25,0.68,1.95e-05,False,10.510931015014648,9.612524032592772,9.612524032592772,-10.845096092394574
Bias0,21,horse,Bias,False,0,18,25,0.72,5.75e-05,False,10.218253135681152,9.507762908935549,9.507762908935549,-9.76372561016097
Bias0,22,Hans,Bias,False,0,19,25,0.76,6.61e-06,False,13.658852815628052,16.707099437713623,16.707099437713623,-11.926926904100679
Bias0,23,",",Bias,True,0,19,25,0.76,0.0,False,,,,
Bias0,24,who,Bias,False,0,20,25,0.8,0.00219,True,2.268411159515381,1.6132148504257202,1.6132146120071411,-6.123853735153728
Bias0,25,communicated,Bias,False,0,21,25,0.84,3.39e-06,False,9.97193431854248,9.945460319519045,9.945459365844728,-12.594680636571915
Bias0,26,by,Bias,False,0,22,25,0.88,0.00457,True,2.917804002761841,3.569221019744873,3.569220542907715,-5.3882420740760235
Bias0,27,tapping,Bias,False,0,23,25,0.92,5.75e-06,False,4.848564624786377,5.32722806930542,5.327227592468262,-12.066310703155015
Bias0,28,his,Bias,False,0,24,25,0.96,0.00324,True,0.8678817749023438,1.7717103958129885,1.7717106342315674,-5.732181949177899
Bias0,29,hooves,Bias,False,0,25,25,1.0,8.32e-07,False,6.678029537200928,8.436244249343872,8.436245203018188,-13.999433396125202
Bias0,30,.,Bias,True,0,25,25,1.0,0.0,False,,,,
Bias0,31,Two,Bias,False,1,0,13,0.0,0.00126,False,6.179648399353027,6.516228675842285,6.516227722167969,-6.676643558018751
Bias0,32,taps,Bias,False,1,1,13,0.0769230769230769,3.63e-06,False,11.93178939819336,11.089655876159668,11.089656829833984,-12.526277909687515
Bias0,33,was,Bias,False,1,2,13,0.1538461538461538,0.00661,True,4.076633453369141,5.463398456573486,5.463399887084961,-5.019171625118542
Bias0,34,either,Bias,False,1,3,13,0.2307692307692307,0.000214,False,9.664664268493652,9.08691120147705,9.08691120147705,-8.449534542942423
Bias0,35,the,Bias,False,1,4,13,0.3076923076923077,0.0537,True,3.7003769874572754,2.5822458267211914,2.582242012023926,-2.9243422774673182
Bias0,36,number,Bias,False,1,5,13,0.3846153846153846,0.000417,False,6.099308013916016,6.0194091796875,6.019411087036133,-7.782424336165473
Bias0,37,two,Bias,False,1,6,13,0.4615384615384615,0.00126,False,4.3679304122924805,6.170722961425781,6.170722961425781,-6.676643558018751
Bias0,38,or,Bias,False,1,7,13,0.5384615384615384,0.00347,True,0.5216668248176575,0.3756083548069,0.3756087720394134,-5.663600685023369
Bias0,39,the,Bias,False,1,8,13,0.6153846153846154,0.0537,True,1.057132601737976,0.3536113798618316,0.3536120653152466,-2.9243422774673182
Bias0,40,letter,Bias,False,1,9,13,0.6923076923076923,8.91e-05,False,6.396512985229492,4.601879596710205,4.601879119873047,-9.32575122348751
Bias0,41,B,Bias,False,1,10,13,0.7692307692307693,0.000224,False,4.43468189239502,3.672431468963623,3.6724307537078857,-8.403864506109235
Bias0,42,and,Bias,False,1,11,13,0.8461538461538461,0.0257,True,3.978945016860962,3.4800896644592285,3.480086326599121,-3.661264287080963
Bias0,43,so,Bias,False,1,12,13,0.9230769230769232,0.00331,True,5.552004814147949,4.976393699645996,4.976395606994629,-5.710807089593166
Bias0,44,on,Bias,False,1,13,13,1.0,0.00813,True,1.5061137676239014,1.417931705713272,1.4179307222366333,-4.812194355422418
Bias0,45,.,Bias,True,1,13,13,1.0,0.0,False,,,,
Bias0,46,Apparently,Bias,False,2,0,7,0.0,6.31e-05,False,7.300833225250244,6.166378021240234,6.166378021240234,-9.670789788417107
Bias0,47,his,Bias,False,2,1,7,0.1428571428571428,0.00324,True,3.984755992889404,3.37943172454834,3.37943172454834,-5.732181949177899
Bias0,48,horse,Bias,False,2,2,7,0.2857142857142857,5.75e-05,False,2.4162437915802,1.7588961124420166,1.758894681930542,-9.76372561016097
Bias0,49,could,Bias,False,2,3,7,0.4285714285714285,0.00115,False,3.7203903198242183,4.37340259552002,4.373403549194336,-6.767993336606978
Bias0,50,even,Bias,False,2,4,7,0.5714285714285714,0.000977,False,4.609526634216309,5.12143087387085,5.121430397033691,-6.931023905921491
Bias0,51,calculate,Bias,False,2,5,7,0.7142857142857143,7.41e-06,False,6.861455917358398,6.701263427734375,6.701264381408691,-11.812680118656278
Bias0,52,square,Bias,False,2,6,7,0.8571428571428571,6.92e-05,False,8.305545806884766,9.54342555999756,9.54342555999756,-9.57850969534065
Bias0,53,roots,Bias,False,2,7,7,1.0,2.19e-05,False,5.699020624160767,7.578015327453613,7.578014373779297,-10.729023921141819
Bias0,54,!,Bias,True,2,7,7,1.0,0.0,False,,,,
Bias0,55,Two,Bias,False,3,0,25,0.0,0.00126,False,6.833751678466797,7.418800830841064,7.418801307678223,-6.676643558018751
Bias0,56,psychologists,Bias,False,3,1,25,0.04,3.63e-06,False,11.64838981628418,13.502679824829102,13.50268268585205,-12.526277909687515
Bias0,57,were,Bias,False,3,2,25,0.08,0.00219,True,3.4213292598724365,2.929168224334717,2.929168939590454,-6.123853735153728
Bias0,58,dubious,Bias,False,3,3,25,0.12,3.09e-06,False,9.297459602355955,9.586369514465332,9.586370468139648,-12.68733946705462
Bias0,59,and,Bias,False,3,4,25,0.16,0.0257,True,3.4833250045776367,2.794680118560791,2.7946784496307373,-3.661264287080963
Bias0,60,did,Bias,False,3,5,25,0.2,0.000912,True,5.520133018493652,4.878349304199219,4.878349304199219,-6.999870567889943
Bias0,61,several,Bias,False,3,6,25,0.24,0.000245,False,7.327836990356445,8.871318817138672,8.871319770812988,-8.314252347419547
Bias0,62,different,Bias,False,3,7,25,0.28,0.000389,False,5.996866703033447,5.740410804748535,5.740411758422852,-7.851931214345828
Bias0,63,experiments,Bias,False,3,8,25,0.32,1.58e-05,False,0.5047587156295776,1.2089128494262695,1.2089134454727173,-11.055500617931353
Bias0,64,to,Bias,False,3,9,25,0.36,0.0269,True,1.8098785877227783,1.849887132644653,1.8498841524124143,-3.6156289923743437
Bias0,65,discern,Bias,False,3,10,25,0.4,1.7e-06,False,8.05388355255127,8.001199722290039,8.001200675964355,-13.284882306902103
Bias0,66,whether,Bias,False,3,11,25,0.44,0.000209,False,1.674652934074402,2.7107365131378174,2.710736036300659,-8.473176305999463
Bias0,67,he,Bias,False,3,12,25,0.48,0.0049,True,2.844590663909912,2.921721935272217,2.9217214584350586,-5.318520073865556
Bias0,68,really,Bias,False,3,13,25,0.52,0.000933,False,4.072039604187012,4.95254373550415,4.952540874481201,-6.977105357116931
Bias0,69,could,Bias,False,3,14,25,0.56,0.00115,False,2.676121234893799,2.6951823234558105,2.6951804161071777,-6.767993336606978
Bias0,70,do,Bias,False,3,15,25,0.6,0.00224,True,2.8260066509246826,2.356969118118286,2.356969356536865,-6.101279413115189
Bias0,71,the,Bias,False,3,16,25,0.64,0.0537,True,3.0760509967803955,2.774355888366699,2.7743582725524902,-2.9243422774673182
Bias0,72,tricks,Bias,False,3,17,25,0.68,1.41e-05,False,4.357601165771484,4.4373064041137695,4.437306880950928,-11.169335760580152
Bias0,73,he,Bias,False,3,18,25,0.72,0.0049,True,4.462425231933594,3.81584358215332,3.815845727920532,-5.318520073865556
Bias0,74,was,Bias,False,3,19,25,0.76,0.00661,True,1.989981293678284,1.6264396905899048,1.6264387369155884,-5.019171625118542
Bias0,75,reported,Bias,False,3,20,25,0.8,0.0001,False,6.729803085327148,6.86888313293457,6.868882656097412,-9.210340371976182
Bias0,76,to,Bias,False,3,21,25,0.84,0.0269,True,0.0949554368853569,0.1132857948541641,0.1132858991622924,-3.6156289923743437
Bias0,77,be,Bias,False,3,22,25,0.88,0.00617,True,3.096327304840088,1.412500023841858,1.4125022888183594,-5.088056441064841
Bias0,78,able,Bias,False,3,23,25,0.92,0.000269,False,2.93684983253479,2.2209103107452397,2.2209126949310303,-8.220799178362435
Bias0,79,to,Bias,False,3,24,25,0.96,0.0269,True,0.0096372598782181,0.0062168310396373,0.0062168310396373,-3.6156289923743437
Bias0,80,do,Bias,False,3,25,25,1.0,0.00224,True,0.6998875737190247,1.1015040278434751,1.1015053987503052,-6.101279413115189
Bias0,81,.,Bias,True,3,25,25,1.0,0.0,False,,,,
Bias0,82,They,Bias,False,4,0,10,0.0,0.00316,True,3.4780375957489014,3.4683449268341064,3.468344688415528,-5.757183251383316
Bias0,83,noted,Bias,False,4,1,10,0.1,4.9e-05,False,5.792521953582764,6.350584030151367,6.350584983825684,-9.923690259853647
Bias0,84,that,Bias,False,4,2,10,0.2,0.0102,True,0.2942449748516083,0.28995081782341,0.2899503707885742,-4.585367558691911
Bias0,85,Hans,Bias,False,4,3,10,0.3,6.61e-06,False,2.9327707290649414,2.824870586395264,2.8248748779296875,-11.926926904100679
Bias0,86,was,Bias,False,4,4,10,0.4,0.00661,True,1.507036209106445,1.6368122100830078,1.636812448501587,-5.019171625118542
Bias0,87,usually,Bias,False,4,5,10,0.5,0.000141,False,5.311972618103027,6.292389392852783,6.292389869689941,-8.866750667586105
Bias0,88,correct,Bias,False,4,6,10,0.6,6.17e-05,False,6.624949455261231,7.067632675170898,7.067631721496582,-9.693226627052931
Bias0,89,except,Bias,False,4,7,10,0.7,0.000105,False,6.298567771911621,7.773836612701416,7.773836135864258,-9.161550207806751
Bias0,90,in,Bias,False,4,8,10,0.8,0.0186,True,2.0310301780700684,2.011082649230957,2.0110809803009038,-3.9845936982629815
Bias0,91,two,Bias,False,4,9,10,0.9,0.00126,False,5.651857852935791,4.718419551849365,4.718417644500732,-6.676643558018751
Bias0,92,situations,Bias,False,4,10,10,1.0,2.95e-05,False,3.4751073122024536,4.606319427490234,4.60631787776947,-10.4311202946185
Bias0,93,.,Bias,True,4,10,10,1.0,0.0,False,,,,
Bias0,94,He,Bias,False,5,0,29,0.0,0.0049,True,2.91187596321106,3.16263198852539,3.162633419036865,-5.318520073865556
Bias0,95,could,Bias,False,5,1,29,0.0344827586206896,0.00115,False,2.057145595550537,3.083728075027466,3.0837268829345703,-6.767993336606978
Bias0,96,not,Bias,False,5,2,29,0.0689655172413793,0.0049,True,3.006755828857422,1.9071030616760252,1.9071033000946045,-5.318520073865556
Bias0,97,answer,Bias,False,5,3,29,0.1034482758620689,0.000148,False,3.741983413696289,5.371214389801025,5.371214866638184,-8.818298284200159
Bias0,98,questions,Bias,False,5,4,29,0.1379310344827586,0.000141,False,1.8757766485214236,2.585794448852539,2.585794448852539,-8.866750667586105
Bias0,99,when,Bias,False,5,5,29,0.1724137931034483,0.00234,True,4.946606636047363,5.258996963500977,5.258999824523926,-6.057604349612527
Bias0,100,he,Bias,False,5,6,29,0.2068965517241379,0.0049,True,1.167878270149231,1.071452260017395,1.0714508295059204,-5.318520073865556
Bias0,101,was,Bias,False,5,7,29,0.2413793103448276,0.00661,True,0.8218622803688049,0.7183279991149902,0.7183288335800171,-5.019171625118542
Bias0,102,unable,Bias,False,5,8,29,0.2758620689655172,4.07e-05,False,5.209770202636719,5.468642711639404,5.468641757965088,-10.109282465515724
Bias0,103,to,Bias,False,5,9,29,0.3103448275862069,0.0269,True,0.0655441209673881,0.070045493543148,0.070045381784439,-3.6156289923743437
Bias0,104,see,Bias,False,5,10,29,0.3448275862068966,0.00126,False,3.833076477050781,4.198513507843018,4.198517799377441,-6.676643558018751
Bias0,105,the,Bias,False,5,11,29,0.3793103448275862,0.0537,True,1.8226763010025024,1.2667286396026611,1.2667269706726074,-2.9243422774673182
Bias0,106,person,Bias,False,5,12,29,0.4137931034482758,0.000355,False,4.054791450500488,6.304394245147705,6.304393768310547,-7.943392768488859
Bias0,107,who,Bias,False,5,13,29,0.4482758620689655,0.00219,True,2.29546856880188,2.6782331466674805,2.678231000900269,-6.123853735153728
Bias0,108,posed,Bias,False,5,14,29,0.4827586206896552,6.46e-06,False,5.572000503540039,7.239956855773926,7.239954471588135,-11.949881240169764
Bias0,109,the,Bias,False,5,15,29,0.5172413793103449,0.0537,True,0.1889249086380005,0.8081556558609009,0.8081571459770203,-2.9243422774673182
Bias0,110,questions,Bias,False,5,16,29,0.5517241379310345,0.000141,False,2.119635581970215,2.4304795265197754,2.430478811264038,-8.866750667586105
Bias0,111,or,Bias,False,5,17,29,0.5862068965517241,0.00347,True,3.671849250793457,4.618087291717529,4.618084907531738,-5.663600685023369
Bias0,112,when,Bias,False,5,18,29,0.6206896551724138,0.00234,True,1.3658573627471924,1.2803150415420532,1.280318260192871,-6.057604349612527
Bias0,113,the,Bias,False,5,19,29,0.6551724137931034,0.0537,True,2.527745723724365,2.4214236736297607,2.4214236736297607,-2.9243422774673182
Bias0,114,person,Bias,False,5,20,29,0.6896551724137931,0.000355,False,0.784895122051239,0.5412456393241882,0.5412465929985046,-7.943392768488859
Bias0,115,asking,Bias,False,5,21,29,0.7241379310344828,9.12e-05,False,5.804521560668945,6.097970485687256,6.097970962524414,-9.302455660883988
Bias0,116,the,Bias,False,5,22,29,0.7586206896551724,0.0537,True,0.7178076505661011,0.8498860597610474,0.8498882055282593,-2.9243422774673182
Bias0,117,questions,Bias,False,5,23,29,0.7931034482758621,0.000141,False,1.4404752254486084,0.8407047986984253,0.8407045602798462,-8.866750667586105
Bias0,118,did,Bias,False,5,24,29,0.8275862068965517,0.000912,True,2.9831573963165283,3.298168659210205,3.2981672286987305,-6.999870567889943
Bias0,119,not,Bias,False,5,25,29,0.8620689655172413,0.0049,True,0.0695309787988662,0.0762688741087913,0.0762689858675003,-5.318520073865556
Bias0,120,know,Bias,False,5,26,29,0.896551724137931,0.00126,False,1.3063000440597534,1.526120901107788,1.5261216163635254,-6.676643558018751
Bias0,121,the,Bias,False,5,27,29,0.9310344827586208,0.0537,True,1.164419412612915,1.3137112855911257,1.313709378242493,-2.9243422774673182
Bias0,122,correct,Bias,False,5,28,29,0.9655172413793104,6.17e-05,False,3.778354167938232,4.867585182189941,4.867583751678467,-9.693226627052931
Bias0,123,answer,Bias,False,5,29,29,1.0,0.000148,False,0.3948436677455902,0.5187652111053467,0.5187651365995407,-8.818298284200159
Bias0,124,.,Bias,True,5,29,29,1.0,0.0,False,,,,
Bias1,1,The,Bias,False,6,0,28,0.0,0.0537,True,3.2761731147766118,3.5087358951568604,2.681432247161865,-2.9243422774673182
Bias1,2,psychologists,Bias,False,6,1,28,0.0357142857142857,3.63e-06,False,12.004352569580078,13.663873672485352,4.002492904663086,-12.526277909687515
Bias1,3,hypothesized,Bias,False,6,2,28,0.0714285714285714,1.05e-06,False,9.701984405517578,12.347623825073242,7.222455024719238,-13.766720393794841
Bias1,4,that,Bias,False,6,3,28,0.1071428571428571,0.0102,True,0.0868771001696586,0.2884605228900909,0.0391126945614814,-4.585367558691911
Bias1,5,when,Bias,False,6,4,28,0.1428571428571428,0.00234,True,4.591930389404297,4.959046363830566,3.848203182220459,-6.057604349612527
Bias1,6,the,Bias,False,6,5,28,0.1785714285714285,0.0537,True,2.480498075485229,2.06330943107605,1.6427807807922363,-2.9243422774673182
Bias1,7,person,Bias,False,6,6,28,0.2142857142857142,0.000355,False,4.436286449432373,4.09855842590332,0.6760962009429932,-7.943392768488859
Bias1,8,asking,Bias,False,6,7,28,0.25,9.12e-05,False,9.34154224395752,9.056654930114746,2.125074863433838,-9.302455660883988
Bias1,9,the,Bias,False,6,8,28,0.2857142857142857,0.0537,True,1.4200392961502075,1.7250827550888062,0.207555815577507,-2.9243422774673182
Bias1,10,question,Bias,False,6,9,28,0.3214285714285714,0.000224,False,0.2471408993005752,0.4303154349327087,1.479604721069336,-8.403864506109235
Bias1,11,knew,Bias,False,6,10,28,0.3571428571428571,0.000158,False,5.3047194480896,5.220340251922607,4.033833980560303,-8.752915524937308
Bias1,12,the,Bias,False,6,11,28,0.3928571428571428,0.0537,True,2.0171804428100586,1.531204104423523,0.4338888525962829,-2.9243422774673182
Bias1,13,answer,Bias,False,6,12,28,0.4285714285714285,0.000148,False,1.1402573585510254,0.4435348212718963,0.7928616404533386,-8.818298284200159
Bias1,14,he,Bias,False,6,13,28,0.4642857142857143,0.0049,True,4.686206817626953,4.476400375366211,3.13779878616333,-5.318520073865556
Bias1,15,or,Bias,False,6,14,28,0.5,0.00347,True,1.8093221187591555,2.8561816215515137,4.982544898986816,-5.663600685023369
Bias1,16,she,Bias,False,6,15,28,0.5357142857142857,0.00182,True,0.0013167529832571,0.0087731154635548,0.1003651022911071,-6.3089187778934335
Bias1,17,would,Bias,False,6,16,28,0.5714285714285714,0.00186,False,0.9976839423179626,1.665049433708191,1.225106954574585,-6.287178791257027
Bias1,18,make,Bias,False,6,17,28,0.6071428571428571,0.0012,False,4.293374061584473,5.018948078155518,4.524895668029785,-6.725433722188183
Bias1,19,some,Bias,False,6,18,28,0.6428571428571429,0.00158,True,4.675066947937012,4.936911106109619,4.317045211791992,-6.450330431943262
Bias1,20,small,Bias,False,6,19,28,0.6785714285714286,0.000324,False,4.771878719329834,5.379727363586426,5.108686923980713,-8.034767042171945
Bias1,21,movement,Bias,False,6,20,28,0.7142857142857143,9.33e-05,False,5.013101100921631,5.847555160522461,5.356975555419922,-9.279690450110976
Bias1,22,that,Bias,False,6,21,28,0.75,0.0102,True,2.791154384613037,2.953294277191162,3.053846597671509,-4.585367558691911
Bias1,23,Hans,Bias,False,6,22,28,0.7857142857142857,6.61e-06,False,16.25953483581543,15.581008911132812,11.523536682128906,-11.926926904100679
Bias1,24,could,Bias,False,6,23,28,0.8214285714285714,0.00115,False,4.1461358070373535,4.143229961395264,0.7376732230186462,-6.767993336606978
Bias1,25,use,Bias,False,6,24,28,0.8571428571428571,0.000646,False,3.7260026931762695,2.9279603958129883,2.8097128868103027,-7.344711054181673
Bias1,26,when,Bias,False,6,25,28,0.8928571428571429,0.00234,True,6.277899742126465,5.868086814880371,5.514259338378906,-6.057604349612527
Bias1,27,answering,Bias,False,6,26,28,0.9285714285714286,1.17e-05,False,3.244344711303711,4.058518409729004,3.715529441833496,-11.355921716160564
Bias1,28,the,Bias,False,6,27,28,0.9642857142857144,0.0537,True,0.7654048800468445,0.6581820845603943,0.6467921733856201,-2.9243422774673182
Bias1,29,question,Bias,False,6,28,28,1.0,0.000224,False,0.4590173587203026,0.6500887796282768,0.7230656445026398,-8.403864506109235
Bias1,30,.,Bias,True,6,28,28,1.0,0.0,False,,,,
Bias1,31,When,Bias,False,7,0,38,0.0,0.00234,True,3.373209953308105,4.272282123565674,3.2574825286865234,-6.057604349612527
Bias1,32,the,Bias,False,7,1,38,0.0263157894736842,0.0537,True,0.7913193106651306,1.6769229173660278,1.189938187599182,-2.9243422774673182
Bias1,33,person,Bias,False,7,2,38,0.0526315789473684,0.000355,False,0.2866054177284241,0.8105224967002869,0.2073419094085693,-7.943392768488859
Bias1,34,asking,Bias,False,7,3,38,0.0789473684210526,9.12e-05,False,2.5779247283935547,0.6564614176750183,0.5944656729698181,-9.302455660883988
Bias1,35,the,Bias,False,7,4,38,0.1052631578947368,0.0537,True,0.2214115113019943,0.0333340466022491,0.0153492391109466,-2.9243422774673182
Bias1,36,questions,Bias,False,7,5,38,0.131578947368421,0.000141,False,6.36708927154541,5.8368096351623535,4.674871921539307,-8.866750667586105
Bias1,37,was,Bias,False,7,6,38,0.1578947368421052,0.00661,True,2.632660388946533,2.690631866455078,2.159444093704224,-5.019171625118542
Bias1,38,behind,Bias,False,7,7,38,0.1842105263157894,0.000195,False,9.15166473388672,9.325240135192873,10.378291130065918,-8.542510999400527
Bias1,39,a,Bias,False,7,8,38,0.2105263157894736,0.0229,True,1.9417288303375244,2.1988284587860107,1.799785614013672,-3.776618368421943
Bias1,40,wall,Bias,False,7,9,38,0.2368421052631578,0.00011,False,2.529724359512329,1.408830642700195,1.679090976715088,-9.115030192171858
Bias1,41,so,Bias,False,7,10,38,0.2631578947368421,0.00331,True,6.751831531524658,7.157044887542725,7.47925853729248,-5.710807089593166
Bias1,42,that,Bias,False,7,11,38,0.2894736842105263,0.0102,True,1.065028429031372,2.013465166091919,2.0179758071899414,-4.585367558691911
Bias1,43,Hans,Bias,False,7,12,38,0.3157894736842105,6.61e-06,False,1.5222569704055786,0.3772372901439667,0.368652880191803,-11.926926904100679
Bias1,44,could,Bias,False,7,13,38,0.3421052631578947,0.00115,False,0.2965867817401886,0.293523222208023,0.1416691094636917,-6.767993336606978
Bias1,45,not,Bias,False,7,14,38,0.3684210526315789,0.0049,True,2.233522891998291,2.1211774349212646,1.2319869995117188,-5.318520073865556
Bias1,46,see,Bias,False,7,15,38,0.3947368421052631,0.00126,False,0.940336525440216,1.930651426315308,0.8833218812942505,-6.676643558018751
Bias1,47,these,Bias,False,7,16,38,0.4210526315789473,0.0011,True,7.973460674285889,7.777463912963867,8.109691619873047,-6.812445099177812
Bias1,48,small,Bias,False,7,17,38,0.4473684210526316,0.000324,False,2.4373092651367188,3.2742128372192383,3.598130464553833,-8.034767042171945
Bias1,49,gestures,Bias,False,7,18,38,0.4736842105263157,3.89e-06,False,4.512223869562149,5.552413821220398,4.805980443954468,-12.457101400333919
Bias1,50,",",Bias,True,7,18,38,0.4736842105263157,0.0,False,,,,
Bias1,51,the,Bias,False,7,19,38,0.5,0.0537,True,1.1869680881500244,2.5353832244873047,1.822946071624756,-2.9243422774673182
Bias1,52,horse,Bias,False,7,20,38,0.5263157894736842,5.75e-05,False,10.284185409545898,10.49517822265625,4.792013645172119,-9.76372561016097
Bias1,53,could,Bias,False,7,21,38,0.5526315789473685,0.00115,False,2.403508186340332,2.873415231704712,1.8367327451705933,-6.767993336606978
Bias1,54,not,Bias,False,7,22,38,0.5789473684210527,0.0049,True,2.5517289638519287,1.3762179613113403,1.4383721351623535,-5.318520073865556
Bias1,55,pick,Bias,False,7,23,38,0.6052631578947368,0.00012,False,5.87779426574707,7.44382381439209,7.920270919799805,-9.028018815182229
Bias1,56,up,Bias,False,7,24,38,0.631578947368421,0.00245,True,0.3131433725357055,0.6005051732063293,0.4948853552341461,-6.011667254425501
Bias1,57,on,Bias,False,7,25,38,0.6578947368421053,0.00813,True,1.9318928718566892,1.4886537790298462,1.4252060651779177,-4.812194355422418
Bias1,58,what,Bias,False,7,26,38,0.6842105263157895,0.0024,True,4.151934146881104,3.044034957885742,3.348328828811645,-6.032286541628237
Bias1,59,the,Bias,False,7,27,38,0.7105263157894737,0.0537,True,1.8275537490844729,1.754469394683838,1.8510563373565676,-2.9243422774673182
Bias1,60,correct,Bias,False,7,28,38,0.7368421052631579,6.17e-05,False,6.104701042175293,9.165375709533691,8.704480171203613,-9.693226627052931
Bias1,61,answer,Bias,False,7,29,38,0.7631578947368421,0.000148,False,0.7154293060302734,0.2059393674135208,0.0799013376235961,-8.818298284200159
Bias1,62,might,Bias,False,7,30,38,0.7894736842105263,0.000457,False,3.475626230239868,3.1899309158325195,3.3015661239624023,-7.690827167070069
Bias1,63,be,Bias,False,7,31,38,0.8157894736842105,0.00617,True,0.09108267724514,0.0603443160653114,0.0864624753594398,-5.088056441064841
Bias1,64,and,Bias,False,7,32,38,0.8421052631578947,0.0257,True,3.211391925811768,2.517230749130249,2.1501541137695312,-3.661264287080963
Bias1,65,therefore,Bias,False,7,33,38,0.868421052631579,7.41e-05,False,4.227358818054199,3.6082918643951416,2.8413710594177246,-9.510095025662233
Bias1,66,could,Bias,False,7,34,38,0.8947368421052632,0.00115,False,1.8139158487319944,3.0474555492401123,2.5686559677124023,-6.767993336606978
Bias1,67,not,Bias,False,7,35,38,0.9210526315789472,0.0049,True,0.2794416546821594,0.2462974786758422,0.1621171236038208,-5.318520073865556
Bias1,68,answer,Bias,False,7,36,38,0.9473684210526316,0.000148,False,4.309451103210449,2.267077684402466,1.4207777976989746,-8.818298284200159
Bias1,69,questions,Bias,False,7,37,38,0.9736842105263158,0.000141,False,6.223750114440918,6.039489269256592,3.5691823959350586,-8.866750667586105
Bias1,70,correctly,Bias,False,7,38,38,1.0,1.62e-05,False,2.6795689463615417,2.1526952981948853,2.465171977877617,-11.030499315725935
Bias1,71,.,Bias,True,7,38,38,1.0,0.0,False,,,,
Bias1,72,The,Bias,False,8,0,11,0.0,0.0537,True,2.0827577114105225,2.2535605430603027,1.6777812242507937,-2.9243422774673182
Bias1,73,psychologists,Bias,False,8,1,11,0.0909090909090909,3.63e-06,False,4.0811638832092285,3.5523436069488525,2.6800696849823,-12.526277909687515
Bias1,74,',Bias,True,8,1,11,0.0909090909090909,0.0,False,9.674723625183104,10.751593589782717,11.971894264221191,
Bias1,75,prediction,Bias,False,8,2,11,0.1818181818181818,9.12e-06,False,15.370210647583008,11.065888404846191,12.568732261657717,-11.605040753878034
Bias1,76,was,Bias,False,8,3,11,0.2727272727272727,0.00661,True,2.1850695610046387,2.402495145797729,2.305239200592041,-5.019171625118542
Bias1,77,indeed,Bias,False,8,4,11,0.3636363636363636,6.17e-05,False,6.181403636932373,7.496265888214111,7.462147712707519,-9.693226627052931
Bias1,78,correct,Bias,False,8,5,11,0.4545454545454545,6.17e-05,False,1.2148481607437134,1.2242348194122314,1.1582801342010498,-9.693226627052931
Bias1,79,debunking,Bias,False,8,6,11,0.5454545454545454,5.62e-07,False,15.802935868501663,13.82830223441124,13.318504102528095,-14.39176398705272
Bias1,80,the,Bias,False,8,7,11,0.6363636363636364,0.0537,True,1.2442591190338137,0.6484627723693848,0.758615255355835,-2.9243422774673182
Bias1,81,tale,Bias,False,8,8,11,0.7272727272727273,1.95e-05,False,10.454992294311523,9.29490852355957,8.9072847366333,-10.845096092394574
Bias1,82,of,Bias,False,8,9,11,0.8181818181818182,0.0251,True,0.8409838676452637,1.4217145442962646,1.2664028406143188,-3.684887432844399
Bias1,83,Clever,Bias,False,8,10,11,0.9090909090909092,1.62e-05,False,11.11547565460205,12.47284698486328,11.392500877380373,-11.030499315725935
Bias1,84,Hans,Bias,False,8,11,11,1.0,6.61e-06,False,4.382639169692993,5.305537819862366,2.53496253490448,-11.926926904100679
Bias1,85,.,Bias,True,8,11,11,1.0,0.0,False,,,,
Bias2,1,The,Bias,False,9,0,27,0.0,0.0537,True,3.276172399520874,3.508734703063965,2.029987335205078,-2.9243422774673182
Bias2,2,term,Bias,False,9,1,27,0.037037037037037,0.00017,False,6.983640670776367,7.464839935302734,7.0004963874816895,-8.679712120914012
Bias2,3,',Bias,True,9,1,27,0.037037037037037,0.0,False,1.902990460395813,2.290160655975342,0.5061901807785034,
Bias2,4,bias,Bias,False,9,2,27,0.074074074074074,1.51e-05,False,16.249238967895508,14.142936706542969,12.48127555847168,-11.100815814143395
Bias2,5,',Bias,True,9,2,27,0.074074074074074,0.0,False,0.403500348329544,3.1409924030303955,2.010918617248535,
Bias2,6,is,Bias,False,9,3,27,0.1111111111111111,0.0117,True,1.368748426437378,0.994632363319397,1.4727152585983276,-4.448166437178426
Bias2,7,used,Bias,False,9,4,27,0.1481481481481481,0.000631,False,1.7048176527023315,1.5359214544296265,1.818499207496643,-7.368204695423061
Bias2,8,to,Bias,False,9,5,27,0.1851851851851851,0.0269,True,0.8913665413856506,0.8317944407463074,0.9331488013267516,-3.6156289923743437
Bias2,9,describe,Bias,False,9,6,27,0.2222222222222222,3.63e-05,False,0.3542454838752746,1.0153521299362185,0.7094903588294983,-10.223692816693468
Bias2,10,the,Bias,False,9,7,27,0.2592592592592592,0.0537,True,1.366426706314087,1.5261366367340088,1.37667715549469,-2.9243422774673182
Bias2,11,ways,Bias,False,9,8,27,0.2962962962962963,0.000115,False,5.359512805938721,6.9299726486206055,6.829358100891113,-9.070578429601024
Bias2,12,the,Bias,False,9,9,27,0.3333333333333333,0.0537,True,3.85883378982544,4.621679782867432,3.837271690368652,-2.9243422774673182
Bias2,13,results,Bias,False,9,10,27,0.3703703703703703,0.00017,False,5.620453357696533,6.583734035491943,6.001631736755371,-8.679712120914012
Bias2,14,of,Bias,False,9,11,27,0.4074074074074074,0.0251,True,0.2698571979999542,0.3647271692752838,0.4263545870780945,-3.684887432844399
Bias2,15,the,Bias,False,9,12,27,0.4444444444444444,0.0537,True,3.5747594833374023,2.998748540878296,2.392441749572754,-2.9243422774673182
Bias2,16,experiment,Bias,False,9,13,27,0.4814814814814814,2.4e-05,False,4.755626201629639,5.832706928253174,2.1373205184936523,-10.637456727616328
Bias2,17,can,Bias,False,9,14,27,0.5185185185185185,0.00288,True,2.5124974250793457,3.289238929748535,2.784430742263794,-5.8499649848342825
Bias2,18,be,Bias,False,9,15,27,0.5555555555555556,0.00617,True,0.5367810726165771,0.3963660001754761,0.3678802251815796,-5.088056441064841
Bias2,19,affected,Bias,False,9,16,27,0.5925925925925926,4.37e-05,False,4.463565349578857,4.9061689376831055,5.83385181427002,-10.03816245586273
Bias2,20,by,Bias,False,9,17,27,0.6296296296296297,0.00457,True,0.1977848559617996,0.1921392977237701,0.2980851233005523,-5.3882420740760235
Bias2,21,the,Bias,False,9,18,27,0.6666666666666666,0.0537,True,1.7722350358963013,1.8570866584777832,1.6844607591629028,-2.9243422774673182
Bias2,22,beliefs,Bias,False,9,19,27,0.7037037037037037,1.78e-05,False,6.31022310256958,6.340132236480713,5.913341045379639,-10.936312100666235
Bias2,23,of,Bias,False,9,20,27,0.7407407407407407,0.0251,True,1.0922421216964722,0.5707626342773438,0.3620138764381408,-3.684887432844399
Bias2,24,a,Bias,False,9,21,27,0.7777777777777778,0.0229,True,2.9735231399536133,2.144868850708008,2.6582274436950684,-3.776618368421943
Bias2,25,researcher,Bias,False,9,22,27,0.8148148148148148,8.32e-06,False,4.474311828613281,4.499419689178467,3.7465953826904297,-11.696848303131157
Bias2,26,or,Bias,False,9,23,27,0.8518518518518519,0.00347,True,1.716313123703003,1.5727299451828003,2.0294439792633057,-5.663600685023369
Bias2,27,participants,Bias,False,9,24,27,0.8888888888888888,2.51e-05,False,5.3841986656188965,7.123729705810547,6.768069267272949,-10.592642711826535
Bias2,28,in,Bias,False,9,25,27,0.925925925925926,0.0186,True,3.297682523727417,1.440151333808899,1.9013431072235107,-3.9845936982629815
Bias2,29,the,Bias,False,9,26,27,0.9629629629629628,0.0537,True,1.019506573677063,0.3452997505664825,0.3959857821464538,-2.9243422774673182
Bias2,30,study,Bias,False,9,27,27,1.0,0.000182,False,1.5529619455337524,3.399921417236328,2.8581812977790837,-8.611503870887478
Bias2,31,.,Bias,True,9,27,27,1.0,0.0,False,,,,
Bias2,32,A,Bias,False,10,0,8,0.0,0.0229,True,3.5340943336486816,3.792049407958984,3.639815330505371,-3.776618368421943
Bias2,33,bias,Bias,False,10,1,8,0.125,1.51e-05,False,2.0756378173828125,0.5896589159965515,1.6486523151397705,-11.100815814143395
Bias2,34,is,Bias,False,10,2,8,0.25,0.0117,True,1.285109043121338,0.9784190058708192,1.255200743675232,-4.448166437178426
Bias2,35,a,Bias,False,10,3,8,0.375,0.0229,True,1.53063702583313,1.0898280143737793,0.988643765449524,-3.776618368421943
Bias2,36,tendency,Bias,False,10,4,8,0.5,9.12e-06,False,2.735562562942505,4.193946838378906,3.75182580947876,-11.605040753878034
Bias2,37,in,Bias,False,10,5,8,0.625,0.0186,True,3.1697723865509038,2.9845731258392334,2.8957319259643555,-3.9845936982629815
Bias2,38,a,Bias,False,10,6,8,0.75,0.0229,True,1.201321005821228,2.489933490753174,2.4214916229248047,-3.776618368421943
Bias2,39,certain,Bias,False,10,7,8,0.875,0.000145,False,5.781675815582275,3.632832765579224,3.9895286560058594,-8.8387768155437
Bias2,40,direction,Bias,False,10,8,8,1.0,8.51e-05,False,6.458691596984863,5.024565696716309,5.375941276550293,-9.371683522384945
Bias2,41,.,Bias,True,10,8,8,1.0,0.0,False,,,,
Bias2,42,In,Bias,False,11,0,25,0.0,0.0186,True,2.8221466541290283,3.1962733268737797,2.906153917312622,-3.9845936982629815
Bias2,43,the,Bias,False,11,1,25,0.04,0.0537,True,1.8826758861541748,2.131233692169189,2.02578353881836,-2.9243422774673182
Bias2,44,case,Bias,False,11,2,25,0.08,0.000355,False,1.4053035974502563,1.028999090194702,0.8013947010040283,-7.943392768488859
Bias2,45,of,Bias,False,11,3,25,0.12,0.0251,True,0.0091719711199402,0.0746290385723114,0.0492256470024585,-3.684887432844399
Bias2,46,Clever,Bias,False,11,4,25,0.16,1.62e-05,False,15.40783405303955,15.78133773803711,3.072998285293579,-11.030499315725935
Bias2,47,Hans,Bias,False,11,5,25,0.2,6.61e-06,False,10.523681163787842,10.80403858423233,0.7336809914559126,-11.926926904100679
Bias2,48,",",Bias,True,11,5,25,0.2,0.0,False,,,,
Bias2,49,the,Bias,False,11,6,25,0.24,0.0537,True,1.5771249532699585,1.128026247024536,0.8606211543083191,-2.9243422774673182
Bias2,50,person,Bias,False,11,7,25,0.28,0.000355,False,5.635720729827881,6.510537147521973,3.716398715972901,-7.943392768488859
Bias2,51,asking,Bias,False,11,8,25,0.32,9.12e-05,False,5.6585235595703125,7.18750524520874,1.4757229089736938,-9.302455660883988
Bias2,52,the,Bias,False,11,9,25,0.36,0.0537,True,1.2933690547943115,0.9277926087379456,0.1297027915716171,-2.9243422774673182
Bias2,53,question,Bias,False,11,10,25,0.4,0.000224,False,0.3396198451519012,0.2100470960140228,0.1446036547422409,-8.403864506109235
Bias2,54,was,Bias,False,11,11,25,0.44,0.00661,True,1.9890799522399905,1.7953176498413086,1.556355357170105,-5.019171625118542
Bias2,55,biased,Bias,False,11,12,25,0.48,5.75e-06,False,3.5781915187835693,5.005514144897461,6.61248254776001,-12.066310703155015
Bias2,56,in,Bias,False,11,13,25,0.52,0.0186,True,2.0990796089172363,2.162162065505981,2.104938745498657,-3.9845936982629815
Bias2,57,that,Bias,False,11,14,25,0.56,0.0102,True,3.8603382110595694,3.108231544494629,2.6339898109436035,-4.585367558691911
Bias2,58,she,Bias,False,11,15,25,0.6,0.00182,True,2.610908031463623,5.592607498168945,5.811760902404785,-6.3089187778934335
Bias2,59,or,Bias,False,11,16,25,0.64,0.00347,True,4.07661771774292,4.888753890991211,3.29001259803772,-5.663600685023369
Bias2,60,he,Bias,False,11,17,25,0.68,0.0049,True,0.4227522909641266,0.0193775724619627,0.0338160023093223,-5.318520073865556
Bias2,61,expected,Bias,False,11,18,25,0.72,9.12e-05,False,4.91810941696167,5.130119800567627,4.779834270477295,-9.302455660883988
Bias2,62,the,Bias,False,11,19,25,0.76,0.0537,True,1.529634952545166,0.8741490840911865,1.0738831758499146,-2.9243422774673182
Bias2,63,horse,Bias,False,11,20,25,0.8,5.75e-05,False,9.687456130981444,12.552074432373049,5.152562141418457,-9.76372561016097
Bias2,64,to,Bias,False,11,21,25,0.84,0.0269,True,0.1768394559621811,0.3793266117572784,0.1116823554039001,-3.6156289923743437
Bias2,65,give,Bias,False,11,22,25,0.88,0.000513,False,4.487298011779785,5.013350486755371,4.7489848136901855,-7.575234712793504
Bias2,66,the,Bias,False,11,23,25,0.92,0.0537,True,2.109619617462158,1.5239077806472778,1.2140932083129885,-2.9243422774673182
Bias2,67,correct,Bias,False,11,24,25,0.96,6.17e-05,False,0.705470860004425,2.343506336212158,0.8675853610038757,-9.693226627052931
Bias2,68,answer,Bias,False,11,25,25,1.0,0.000148,False,1.1470486894249916,1.0366567075252533,0.8713886830955744,-8.818298284200159
Bias2,69,.,Bias,True,11,25,25,1.0,0.0,False,,,,
Bias2,70,This,Bias,False,12,0,16,0.0,0.00661,True,2.342276334762573,3.203176975250244,2.8136801719665527,-5.019171625118542
Bias2,71,most,Bias,False,12,1,16,0.0625,0.001,True,9.002152442932129,8.749460220336914,8.29802417755127,-6.907755278982137
Bias2,72,likely,Bias,False,12,2,16,0.125,0.000158,False,0.4816313982009887,1.0080150365829468,0.647273063659668,-8.752915524937308
Bias2,73,led,Bias,False,12,3,16,0.1875,0.000129,False,3.452141523361206,4.116162300109863,3.9334053993225098,-8.955698153602603
Bias2,74,the,Bias,False,12,4,16,0.25,0.0537,True,2.2960567474365234,2.2671091556549072,1.5210621356964111,-2.9243422774673182
Bias2,75,person,Bias,False,12,5,16,0.3125,0.000355,False,2.0519320964813232,2.4420721530914307,1.5754542350769043,-7.943392768488859
Bias2,76,to,Bias,False,12,6,16,0.375,0.0269,True,0.1994711607694625,0.2227919697761535,0.4855795502662658,-3.6156289923743437
Bias2,77,make,Bias,False,12,7,16,0.4375,0.0012,False,3.719950199127197,3.402554988861084,3.196144819259644,-6.725433722188183
Bias2,78,gestures,Bias,False,12,8,16,0.5,3.89e-06,False,11.462440490722656,12.880388259887695,8.068894386291504,-12.457101400333919
Bias2,79,that,Bias,False,12,9,16,0.5625,0.0102,True,0.9692474007606506,1.3098225593566897,0.8249818682670593,-4.585367558691911
Bias2,80,gave,Bias,False,12,10,16,0.625,0.000178,False,4.7230544090271,5.079048156738281,5.355019092559815,-8.633727007672189
Bias2,81,away,Bias,False,12,11,16,0.6875,0.000417,False,5.792349338531494,4.627986907958984,6.344442367553711,-7.782424336165473
Bias2,82,the,Bias,False,12,12,16,0.75,0.0537,True,0.6420613527297974,0.9821654558181764,0.6547578573226929,-2.9243422774673182
Bias2,83,correct,Bias,False,12,13,16,0.8125,6.17e-05,False,1.0268923044204712,1.8457072973251345,1.1670546531677246,-9.693226627052931
Bias2,84,or,Bias,False,12,14,16,0.875,0.00347,True,8.514512062072754,8.70712947845459,9.19113540649414,-5.663600685023369
Bias2,85,expected,Bias,False,12,15,16,0.9375,9.12e-05,False,5.629744052886963,5.88494873046875,7.15238094329834,-9.302455660883988
Bias2,86,response,Bias,False,12,16,16,1.0,0.000107,False,4.68153840303421,4.612802267074585,6.379462480545044,-9.142681723502369
Bias2,87,.,Bias,True,12,16,16,1.0,0.0,False,,,,
Bias2,88,Now,Bias,False,13,0,24,0.0,0.00151,True,7.0096869468688965,7.585928440093994,6.830989837646484,-6.495645628155304
Bias2,89,Hans,Bias,False,13,1,24,0.0416666666666666,6.61e-06,False,7.792348861694336,8.988569259643555,4.436030864715576,-11.926926904100679
Bias2,90,really,Bias,False,13,2,24,0.0833333333333333,0.000933,False,8.59295654296875,7.758552551269531,6.84261417388916,-6.977105357116931
Bias2,91,was,Bias,False,13,3,24,0.125,0.00661,True,2.669935464859009,3.407773971557617,2.250279903411865,-5.019171625118542
Bias2,92,an,Bias,False,13,4,24,0.1666666666666666,0.00339,True,4.860634803771973,4.2828049659729,3.712696075439453,-5.686925357589778
Bias2,93,exceptionally,Bias,False,13,5,24,0.2083333333333333,5.5e-06,False,6.828289031982422,6.611936569213867,5.772466659545898,-12.110762465725848
Bias2,94,sharp,Bias,False,13,6,24,0.25,3.02e-05,False,6.963156700134277,6.46157693862915,6.266081809997559,-10.40766863358345
Bias2,95,horse,Bias,False,13,7,24,0.2916666666666667,5.75e-05,False,5.804553180932999,9.152611255645752,6.95286238193512,-9.76372561016097
Bias2,96,:,Bias,True,13,7,24,0.2916666666666667,0.0,False,,,,
Bias2,97,he,Bias,False,13,8,24,0.3333333333333333,0.0049,True,2.6844494342803955,1.349615454673767,1.5005978345870972,-5.318520073865556
Bias2,98,learned,Bias,False,13,9,24,0.375,7.08e-05,False,7.637721061706543,6.318690776824951,6.048543930053711,-9.5556515572646
Bias2,99,to,Bias,False,13,10,24,0.4166666666666667,0.0269,True,1.3197224140167236,1.422148585319519,1.3492121696472168,-3.6156289923743437
Bias2,100,look,Bias,False,13,11,24,0.4583333333333333,0.000646,False,4.744286060333252,4.724750518798828,5.673059463500977,-7.344711054181673
Bias2,101,for,Bias,False,13,12,24,0.5,0.0102,True,2.544865608215332,1.8737123012542725,1.828617811203003,-4.585367558691911
Bias2,102,small,Bias,False,13,13,24,0.5416666666666666,0.000324,False,5.845190048217773,6.104799747467041,4.489431381225586,-8.034767042171945
Bias2,103,nonverbal,Bias,False,13,14,24,0.5833333333333334,4.57e-07,False,11.49133038520813,11.4894437789917,11.214664220809937,-14.598582446052207
Bias2,104,movements,Bias,False,13,15,24,0.625,2.24e-05,False,5.273404598236084,5.4868927001953125,3.2339272499084477,-10.70644959910328
Bias2,105,that,Bias,False,13,16,24,0.6666666666666666,0.0102,True,1.4901719093322754,1.927553415298462,1.9437819719314573,-4.585367558691911
Bias2,106,signaled,Bias,False,13,17,24,0.7083333333333334,1.26e-06,False,6.106775283813477,5.367718696594238,7.052900314331055,-13.584398837000888
Bias2,107,to,Bias,False,13,18,24,0.75,0.0269,True,3.238436698913574,3.424332857131958,2.996533870697021,-3.6156289923743437
Bias2,108,him,Bias,False,13,19,24,0.7916666666666666,0.00129,True,3.110135078430176,2.779360055923462,2.0005125999450684,-6.653113060608557
Bias2,109,to,Bias,False,13,20,24,0.8333333333333334,0.0269,True,3.822974681854248,4.233805179595947,4.013189792633057,-3.6156289923743437
Bias2,110,stop,Bias,False,13,21,24,0.875,0.000331,False,3.8064403533935542,4.24662971496582,4.370523929595947,-8.01339218258721
Bias2,111,tapping,Bias,False,13,22,24,0.9166666666666666,5.75e-06,False,9.664341926574709,9.349515914916992,6.47613525390625,-12.066310703155015
Bias2,112,his,Bias,False,13,23,24,0.9583333333333334,0.00324,True,1.4913333654403689,2.111752986907959,1.0279407501220703,-5.732181949177899
Bias2,113,hooves,Bias,False,13,24,24,1.0,8.32e-07,False,6.108584463596344,7.640309154987335,1.0458685643970966,-13.999433396125202
Bias2,114,.,Bias,True,13,24,24,1.0,0.0,False,,,,
Bias2,115,However,Bias,False,14,0,15,0.0,0.00038,False,3.778919458389282,5.145341873168945,4.543911933898926,-7.875339305243843
Bias2,116,he,Bias,False,14,1,15,0.0666666666666666,0.0049,True,4.677116870880127,4.562158584594727,4.111026763916016,-5.318520073865556
Bias2,117,was,Bias,False,14,2,15,0.1333333333333333,0.00661,True,1.7161355018615725,1.6784740686416626,1.639686107635498,-5.019171625118542
Bias2,118,not,Bias,False,14,3,15,0.2,0.0049,True,1.7885339260101318,2.064441204071045,1.565064787864685,-5.318520073865556
Bias2,119,really,Bias,False,14,4,15,0.2666666666666666,0.000933,False,4.231612205505371,4.60288143157959,4.924473285675049,-6.977105357116931
Bias2,120,able,Bias,False,14,5,15,0.3333333333333333,0.000269,False,3.378159999847412,2.542707681655884,1.5351877212524414,-8.220799178362435
Bias2,121,to,Bias,False,14,6,15,0.4,0.0269,True,0.0035229779314249,0.0042104171589016,0.0062581761740148,-3.6156289923743437
Bias2,122,calculate,Bias,False,14,7,15,0.4666666666666667,7.41e-06,False,7.816535949707031,7.502919197082519,5.9547529220581055,-11.812680118656278
Bias2,123,square,Bias,False,14,8,15,0.5333333333333333,6.92e-05,False,12.453933715820312,11.73869514465332,1.7502878904342651,-9.57850969534065
Bias2,124,roots,Bias,False,14,9,15,0.6,2.19e-05,False,4.393463850021362,5.856698036193848,2.62467996776104,-10.729023921141819
Bias2,125,",",Bias,True,14,9,15,0.6,0.0,False,,,,
Bias2,126,spell,Bias,False,14,10,15,0.6666666666666666,2.34e-05,False,17.3832745552063,16.815315008163452,17.064114332199097,-10.662774535600619
Bias2,127,",",Bias,True,14,10,15,0.6666666666666666,0.0,False,,,,
Bias2,128,or,Bias,False,14,11,15,0.7333333333333333,0.00347,True,0.6150912046432495,0.9186135530471802,0.9850585460662842,-5.663600685023369
Bias2,129,do,Bias,False,14,12,15,0.8,0.00224,True,5.279009819030762,5.76146125793457,5.394486904144287,-6.101279413115189
Bias2,130,other,Bias,False,14,13,15,0.8666666666666667,0.00145,True,3.5690102577209477,2.609389305114746,1.863760471343994,-6.536191722549654
Bias2,131,mental,Bias,False,14,14,15,0.9333333333333332,6.76e-05,False,5.899187088012695,6.784729957580566,6.888467788696289,-9.601902574915355
Bias2,132,tasks,Bias,False,14,15,15,1.0,1.7e-05,False,3.4578686952590942,3.888689637184143,4.160163998603821,-10.982297213908058
Bias2,133,.,Bias,True,14,15,15,1.0,0.0,False,,,,
Bias3,1,One,Bias,False,15,0,15,0.0,0.00295,False,5.880787372589111,6.640559196472168,4.844741821289063,-5.825950108630408
Bias3,2,method,Bias,False,15,1,15,0.0666666666666666,6.31e-05,False,7.567509174346924,7.634203910827637,7.1609320640563965,-9.670789788417107
Bias3,3,for,Bias,False,15,2,15,0.1333333333333333,0.0102,True,2.550518274307251,2.03652572631836,3.4336037635803223,-4.585367558691911
Bias3,4,reducing,Bias,False,15,3,15,0.2,2.29e-05,False,3.5135419368743896,4.440664291381836,6.744344234466553,-10.68437364740408
Bias3,5,the,Bias,False,15,4,15,0.2666666666666666,0.0537,True,1.423911213874817,1.498510241508484,0.7007986307144165,-2.9243422774673182
Bias3,6,impact,Bias,False,15,5,15,0.3333333333333333,8.32e-05,False,3.4684412479400635,3.8997724056243896,4.92625093460083,-9.394263210137112
Bias3,7,of,Bias,False,15,6,15,0.4,0.0251,True,0.0604621469974517,0.1455221772193908,0.1330527514219284,-3.684887432844399
Bias3,8,bias,Bias,False,15,7,15,0.4666666666666667,1.51e-05,False,8.412057876586914,9.474628448486328,3.857451677322388,-11.100815814143395
Bias3,9,is,Bias,False,15,8,15,0.5333333333333333,0.0117,True,1.4063010215759275,1.3904036283493042,1.655221939086914,-4.448166437178426
Bias3,10,to,Bias,False,15,9,15,0.6,0.0269,True,0.3986634016036987,0.4447287321090698,0.2942056357860565,-3.6156289923743437
Bias3,11,use,Bias,False,15,10,15,0.6666666666666666,0.000646,False,2.432119369506836,2.539648532867432,1.8449727296829224,-7.344711054181673
Bias3,12,blind,Bias,False,15,11,15,0.7333333333333333,3.31e-05,False,7.712450504302978,7.748927116394043,7.492006778717041,-10.315977275581258
Bias3,13,or,Bias,False,15,12,15,0.8,0.00347,True,4.290027618408203,4.393139839172363,3.222567081451416,-5.663600685023369
Bias3,14,double,Bias,False,15,13,15,0.8666666666666667,0.000102,False,6.578299522399902,6.4873456954956055,5.807034015655518,-9.190537744680004
Bias3,15,blind,Bias,False,15,14,15,0.9333333333333332,3.31e-05,False,0.8158701062202454,0.6570619940757751,0.4445666372776031,-10.315977275581258
Bias3,16,procedures,Bias,False,15,15,15,1.0,2.29e-05,False,6.209010004997253,8.189337015151978,6.954282879829407,-10.68437364740408
Bias3,17,.,Bias,True,15,15,15,1.0,0.0,False,,,,
Bias3,18,Researchers,Bias,False,16,0,17,0.0,2.45e-05,False,6.703399181365967,8.548954010009766,7.042840003967285,-10.616837440413592
Bias3,19,could,Bias,False,16,1,17,0.0588235294117647,0.00115,False,6.425957679748535,5.634702682495117,4.471327781677246,-6.767993336606978
Bias3,20,use,Bias,False,16,2,17,0.1176470588235294,0.000646,False,1.8081398010253904,1.7933803796768188,1.926648736000061,-7.344711054181673
Bias3,21,placebos,Bias,False,16,3,17,0.1764705882352941,1.58e-07,False,16.510635441169143,19.451266169548035,18.25502955913544,-15.660670803919444
Bias3,22,:,Bias,True,16,3,17,0.1764705882352941,0.0,False,,,,
Bias3,23,substances,Bias,False,16,4,17,0.2352941176470588,8.51e-06,False,8.375214576721191,7.481428146362305,7.14930534362793,-11.674268615378992
Bias3,24,or,Bias,False,16,5,17,0.2941176470588235,0.00347,True,3.6999545097351074,3.943699359893799,3.398859024047852,-5.663600685023369
Bias3,25,procedures,Bias,False,16,6,17,0.3529411764705882,2.29e-05,False,3.8323473930358887,6.491393566131592,6.715167045593262,-10.68437364740408
Bias3,26,that,Bias,False,16,7,17,0.4117647058823529,0.0102,True,0.4837191700935364,0.455931544303894,0.4157950282096863,-4.585367558691911
Bias3,27,are,Bias,False,16,8,17,0.4705882352941176,0.0055,True,1.555891990661621,1.623708963394165,1.957502603530884,-5.2030071867437115
Bias3,28,not,Bias,False,16,9,17,0.5294117647058824,0.0049,True,2.7094838619232178,2.9447059631347656,2.860137224197388,-5.318520073865556
Bias3,29,expected,Bias,False,16,10,17,0.5882352941176471,9.12e-05,False,5.948043823242188,5.580059051513672,6.026168346405029,-9.302455660883988
Bias3,30,to,Bias,False,16,11,17,0.6470588235294118,0.0269,True,0.1477285325527191,0.1860900372266769,0.2538498342037201,-3.6156289923743437
Bias3,31,have,Bias,False,16,12,17,0.7058823529411765,0.00513,True,2.725503921508789,2.105898141860962,2.806279182434082,-5.272649619799459
Bias3,32,an,Bias,False,16,13,17,0.7647058823529411,0.00339,True,3.307158946990967,2.633352041244507,2.4694299697875977,-5.686925357589778
Bias3,33,effect,Bias,False,16,14,17,0.8235294117647058,0.000105,False,0.4459106028079986,0.8064672350883484,0.4034521877765655,-9.161550207806751
Bias3,34,on,Bias,False,16,15,17,0.8823529411764706,0.00813,True,1.08763587474823,0.4524264335632324,0.2194002419710159,-4.812194355422418
Bias3,35,an,Bias,False,16,16,17,0.9411764705882352,0.00339,True,3.933393001556397,3.7035882472991934,3.974889039993286,-5.686925357589778
Bias3,36,outcome,Bias,False,16,17,17,1.0,2.24e-05,False,6.220604062080383,4.6239171624183655,4.20631468296051,-10.70644959910328
Bias3,37,.,Bias,True,16,17,17,1.0,0.0,False,,,,
Bias3,38,If,Bias,False,17,0,43,0.0,0.00295,True,4.191056251525879,3.889070272445679,3.7363905906677246,-5.825950108630408
Bias3,39,an,Bias,False,17,1,43,0.0232558139534883,0.00339,True,3.5157485008239746,3.414435148239136,3.538398742675781,-5.686925357589778
Bias3,40,experimenter,Bias,False,17,2,43,0.0465116279069767,3.02e-07,False,3.7158262729644775,8.316173076629639,6.214455485343933,-15.012838819571542
Bias3,41,was,Bias,False,17,3,43,0.0697674418604651,0.00661,True,3.9613866806030273,3.5757408142089844,2.668550491333008,-5.019171625118542
Bias3,42,probing,Bias,False,17,4,43,0.0930232558139534,1.62e-06,False,10.68319606781006,11.856590270996094,11.778520584106444,-13.333084408719982
Bias3,43,whether,Bias,False,17,5,43,0.1162790697674418,0.000209,False,5.088511943817139,3.193746328353882,3.816215038299561,-8.473176305999463
Bias3,44,chicken,Bias,False,17,6,43,0.1395348837209302,4.27e-05,False,9.216428756713867,11.08163070678711,11.415844917297363,-10.061311637729695
Bias3,45,soup,Bias,False,17,7,43,0.1627906976744186,1.41e-05,False,4.240605354309082,4.269277572631836,3.7855260372161865,-11.169335760580152
Bias3,46,really,Bias,False,17,8,43,0.1860465116279069,0.000933,False,6.652474403381348,7.349913597106934,5.952523708343506,-6.977105357116931
Bias3,47,cures,Bias,False,17,9,43,0.2093023255813953,2.19e-06,False,7.823211669921875,6.084224700927734,6.525845050811768,-13.031609014135865
Bias3,48,colds,Bias,False,17,10,43,0.2325581395348837,9.33e-07,False,5.366796180605888,6.980035841464996,7.3002848625183105,-13.884860636099067
Bias3,49,she,Bias,False,17,11,43,0.2558139534883721,0.00182,True,8.99340534210205,9.045686721801758,8.361586570739746,-6.3089187778934335
Bias3,50,could,Bias,False,17,12,43,0.2790697674418604,0.00115,False,1.562671422958374,1.0707828998565674,0.9170750379562378,-6.767993336606978
Bias3,51,implement,Bias,False,17,13,43,0.3023255813953488,1.58e-05,False,9.045255661010742,7.562124252319336,8.139074325561523,-11.055500617931353
Bias3,52,an,Bias,False,17,14,43,0.3255813953488372,0.00339,True,3.09552001953125,3.6397392749786377,3.659566640853882,-5.686925357589778
Bias3,53,experiment,Bias,False,17,15,43,0.3488372093023256,2.4e-05,False,1.6807105541229248,1.2794784307479858,0.952360451221466,-10.637456727616328
Bias3,54,in,Bias,False,17,16,43,0.3720930232558139,0.0186,True,2.762857437133789,2.4266915321350098,1.90915846824646,-3.9845936982629815
Bias3,55,which,Bias,False,17,17,43,0.3953488372093023,0.002,True,0.0708213150501251,0.3119716346263885,0.1382751613855362,-6.214608098422191
Bias3,56,some,Bias,False,17,18,43,0.4186046511627907,0.00158,True,5.835797786712647,6.3689799308776855,6.351932525634766,-6.450330431943262
Bias3,57,individuals,Bias,False,17,19,43,0.4418604651162791,6.46e-05,False,7.178820610046387,5.600005149841309,5.811176776885986,-9.647296147175718
Bias3,58,with,Bias,False,17,20,43,0.4651162790697674,0.00708,True,4.241848945617676,4.128396034240723,4.976109504699707,-4.950481371276509
Bias3,59,colds,Bias,False,17,21,43,0.4883720930232558,9.33e-07,False,2.8901938647031784,2.5839424431324005,2.234378904104233,-13.884860636099067
Bias3,60,eat,Bias,False,17,22,43,0.5116279069767442,0.000135,False,6.004345417022705,4.849886894226074,5.453275680541992,-8.910235779525845
Bias3,61,chicken,Bias,False,17,23,43,0.5348837209302325,4.27e-05,False,1.4794845581054688,1.3122769594192505,1.2250521183013916,-10.061311637729695
Bias3,62,soup,Bias,False,17,24,43,0.5581395348837209,1.41e-05,False,0.47352334856987,0.1543051302433014,0.0434542931616306,-11.169335760580152
Bias3,63,while,Bias,False,17,25,43,0.5813953488372093,0.000724,True,4.243645191192627,4.787105560302734,4.3295063972473145,-7.230719165578558
Bias3,64,others,Bias,False,17,26,43,0.6046511627906976,0.000263,False,0.0741583853960037,0.1825906783342361,0.207062542438507,-8.24335652578651
Bias3,65,ingest,Bias,False,17,27,43,0.627906976744186,6.76e-07,False,5.702272415161133,6.862570762634277,6.749573707580566,-14.207072760903447
Bias3,66,some,Bias,False,17,28,43,0.6511627906976745,0.00158,True,4.350826740264893,4.750165939331055,4.444718360900879,-6.450330431943262
Bias3,67,placebo,Bias,False,17,29,43,0.6744186046511628,3.02e-06,False,4.5450439453125,5.103237152099609,5.783466815948486,-12.710253726577497
Bias3,68,treatment,Bias,False,17,30,43,0.6976744186046512,0.000102,False,8.70718002319336,8.763630867004395,8.146326065063477,-9.190537744680004
Bias3,69,such,Bias,False,17,31,43,0.7209302325581395,0.000692,True,5.820474147796631,5.252941608428955,5.101677894592285,-7.275924602346604
Bias3,70,as,Bias,False,17,32,43,0.7441860465116279,0.00589,True,0.0105243679136037,0.012716632336378,0.0479362159967422,-5.134499281318642
Bias3,71,drinking,Bias,False,17,33,43,0.7674418604651163,5.13e-05,False,7.427739143371582,7.675534725189209,7.693632125854492,-9.877819805787551
Bias3,72,broth,Bias,False,17,34,43,0.7906976744186046,2.45e-06,False,6.374129772186279,5.324376106262207,6.187891960144043,-12.919422533407639
Bias3,73,that,Bias,False,17,35,43,0.813953488372093,0.0102,True,4.961952686309815,4.951494216918945,4.393162250518799,-4.585367558691911
Bias3,74,resembles,Bias,False,17,36,43,0.8372093023255814,5.13e-06,False,5.823794364929199,6.929847717285156,6.889212608337402,-12.180404898781596
Bias3,75,real,Bias,False,17,37,43,0.8604651162790697,0.000398,False,4.692197799682617,4.554229259490967,4.60714054107666,-7.829058552679836
Bias3,76,chicken,Bias,False,17,38,43,0.8837209302325582,4.27e-05,False,0.7439919710159302,0.4546173214912414,0.4609172642230987,-10.061311637729695
Bias3,77,soup,Bias,False,17,39,43,0.9069767441860463,1.41e-05,False,0.3716816306114197,0.2551407217979431,0.1516833454370498,-11.169335760580152
Bias3,78,but,Bias,False,17,40,43,0.9302325581395348,0.00427,True,4.490814208984375,4.166939735412598,4.224465370178223,-5.456141451741604
Bias3,79,doesn't,Bias,False,17,41,43,0.9534883720930232,0.000339,True,4.048015315202065,4.279565125703812,4.760680325329304,-7.989510450583824
Bias3,82,contain,Bias,False,17,42,43,0.9767441860465116,3.16e-05,False,1.1473677158355713,2.244655132293701,2.279712438583374,-10.362353437371407
Bias3,83,chicken,Bias,False,17,43,43,1.0,4.27e-05,False,2.3642823696136475,2.986015796661377,2.4547717571258545,-10.061311637729695
Bias3,84,.,Bias,True,17,43,43,1.0,0.0,False,,,,
Bias3,85,If,Bias,False,18,0,15,0.0,0.00295,True,3.561692476272583,3.320990562438965,3.0633463859558105,-5.825950108630408
Bias3,86,the,Bias,False,18,1,15,0.0666666666666666,0.0537,True,1.2711220979690552,1.466044783592224,1.201705813407898,-2.9243422774673182
Bias3,87,participants,Bias,False,18,2,15,0.1333333333333333,2.51e-05,False,2.5714001655578613,4.09620475769043,3.9665932655334473,-10.592642711826535
Bias3,88,are,Bias,False,18,3,15,0.2,0.0055,True,3.3220105171203613,2.270416259765625,3.557544708251953,-5.2030071867437115
Bias3,89,naive,Bias,False,18,4,15,0.2666666666666666,5.62e-06,False,9.16940975189209,8.334635734558105,8.241435050964355,-12.089178894058675
Bias3,90,to,Bias,False,18,5,15,0.3333333333333333,0.0269,True,1.91027307510376,4.045676231384277,4.741584300994873,-3.6156289923743437
Bias3,91,which,Bias,False,18,6,15,0.4,0.002,True,8.52023983001709,8.028470039367676,8.76214599609375,-6.214608098422191
Bias3,92,soup,Bias,False,18,7,15,0.4666666666666667,1.41e-05,False,3.5401952266693115,4.218625068664551,5.588657855987549,-11.169335760580152
Bias3,93,they,Bias,False,18,8,15,0.5333333333333333,0.00316,True,1.214027762413025,2.1431288719177246,1.5803356170654297,-5.757183251383316
Bias3,94,receive,Bias,False,18,9,15,0.6,7.08e-05,False,5.4905924797058105,6.538455009460449,6.393102645874023,-9.5556515572646
Bias3,95,the,Bias,False,18,10,15,0.6666666666666666,0.0537,True,2.4551005363464355,2.421684980392456,2.446812152862549,-2.9243422774673182
Bias3,96,research,Bias,False,18,11,15,0.7333333333333333,0.000245,False,6.38016939163208,7.965324401855469,8.246612548828125,-8.314252347419547
Bias3,97,design,Bias,False,18,12,15,0.8,0.000148,False,8.170557022094727,8.53824234008789,9.473536491394045,-8.818298284200159
Bias3,98,is,Bias,False,18,13,15,0.8666666666666667,0.0117,True,2.852066993713379,2.7545228004455566,2.685055732727051,-4.448166437178426
Bias3,99,called,Bias,False,18,14,15,0.9333333333333332,0.000389,False,5.457857131958008,5.05272388458252,4.2908711433410645,-7.851931214345828
Bias3,100,',Bias,True,18,14,15,0.9333333333333332,0.0,False,4.796525001525879,4.214946269989014,1.7670211791992188,
Bias3,101,blind,Bias,False,18,15,15,1.0,3.31e-05,False,9.132157325744627,7.965986728668213,5.05626392364502,-10.315977275581258
Bias3,102,',Bias,True,18,15,15,1.0,0.0,False,5.792131423950195,5.443725109100342,5.3550567626953125,
Bias3,103,.,Bias,True,18,15,15,1.0,0.0,False,,,,
Bias4,1,In,Bias,False,19,0,41,0.0,0.0186,True,4.456684589385986,5.335440635681152,2.672808885574341,-3.9845936982629815
Bias4,2,the,Bias,False,19,1,41,0.024390243902439,0.0537,True,1.96523916721344,1.8780988454818728,1.8811306953430176,-2.9243422774673182
Bias4,3,behavioral,Bias,False,19,2,41,0.048780487804878,7.24e-06,False,12.631433486938477,14.328475952148438,9.625030517578123,-11.83588935156665
Bias4,4,sciences,Bias,False,19,3,41,0.073170731707317,2.45e-05,False,1.5081236064434052,2.5277336835861206,4.225675106048584,-10.616837440413592
Bias4,5,",",Bias,True,19,3,41,0.073170731707317,0.0,False,,,,
Bias4,6,the,Bias,False,19,4,41,0.0975609756097561,0.0537,True,2.3656444549560547,2.430891752243042,1.8716261386871336,-2.9243422774673182
Bias4,7,experimenter's,Bias,False,19,5,41,0.1219512195121951,0.0,False,13.104847192764282,14.361162662506104,8.211905121803284,
Bias4,10,hypothesis,Bias,False,19,6,41,0.1463414634146341,7.41e-06,False,3.65752387046814,4.864484786987305,3.7049970626831055,-11.812680118656278
Bias4,11,may,Bias,False,19,7,41,0.1707317073170731,0.000955,False,4.319520950317383,4.764642238616943,3.646862506866455,-6.953799217483544
Bias4,12,unintentionally,Bias,False,19,8,41,0.1951219512195122,1.62e-06,False,10.99745750427246,11.038455963134766,10.783872604370115,-13.333084408719982
Bias4,13,influence,Bias,False,19,9,41,0.2195121951219512,6.03e-05,False,4.386120796203613,4.109227180480957,3.660769939422608,-9.716178454231134
Bias4,14,their,Bias,False,19,10,41,0.2439024390243902,0.00214,True,4.791530609130859,4.421388149261475,3.705554485321045,-6.1469494499483766
Bias4,15,behavior,Bias,False,19,11,41,0.2682926829268293,4.9e-05,False,3.385382413864136,2.088583946228028,2.5762510299682617,-9.923690259853647
Bias4,16,toward,Bias,False,19,12,41,0.2926829268292683,5.25e-05,False,5.017267227172852,4.894128799438477,5.564540386199951,-9.854697388366697
Bias4,17,the,Bias,False,19,13,41,0.3170731707317073,0.0537,True,1.8149652481079104,2.0737147331237797,1.202501654624939,-2.9243422774673182
Bias4,18,subjects,Bias,False,19,14,41,0.3414634146341463,2.4e-05,False,4.768112659454346,5.659023284912109,4.339178085327148,-10.637456727616328
Bias4,20,in,Bias,False,19,15,41,0.3658536585365853,0.0186,True,2.9172680377960205,2.709982395172119,3.2264184951782227,-3.9845936982629815
Bias4,21,such,Bias,False,19,16,41,0.3902439024390244,0.000692,True,6.903360843658447,7.426155567169189,6.510743618011475,-7.275924602346604
Bias4,22,a,Bias,False,19,17,41,0.4146341463414634,0.0229,True,0.4035018682479858,0.480762243270874,0.3532195091247558,-3.776618368421943
Bias4,23,way,Bias,False,19,18,41,0.4390243902439024,0.00102,False,0.1050970256328582,0.1130061373114585,0.0773755759000778,-6.887952651685957
Bias4,24,as,Bias,False,19,19,41,0.4634146341463415,0.00589,True,1.927271008491516,1.8410348892211916,2.196694850921631,-5.134499281318642
Bias4,25,to,Bias,False,19,20,41,0.4878048780487805,0.0269,True,0.033742818981409,0.0588488765060901,0.1400029063224792,-3.6156289923743437
Bias4,26,increase,Bias,False,19,21,41,0.5121951219512195,0.00012,False,3.3893909454345703,3.7189040184021,3.592679977416992,-9.028018815182229
Bias4,27,the,Bias,False,19,22,41,0.5365853658536586,0.0537,True,1.19950270652771,1.4547029733657837,0.9817141890525818,-2.9243422774673182
Bias4,28,likelihood,Bias,False,19,23,41,0.5609756097560976,8.13e-06,False,1.738080978393555,1.7649917602539062,1.5862423181533811,-11.719949634404555
Bias4,29,that,Bias,False,19,24,41,0.5853658536585366,0.0102,True,0.6502779126167297,1.0223922729492188,0.8531856536865234,-4.585367558691911
Bias4,30,the,Bias,False,19,25,41,0.6097560975609756,0.0537,True,1.2999112606048584,1.196908950805664,0.822665274143219,-2.9243422774673182
Bias4,31,participants,Bias,False,19,26,41,0.6341463414634146,2.51e-05,False,3.474323511123657,5.005036354064941,2.4940459728240967,-10.592642711826535
Bias4,32,will,Bias,False,19,27,41,0.6585365853658537,0.00282,True,0.711678683757782,0.6429975032806396,0.6241053342819214,-5.871018394032115
Bias4,33,confirm,Bias,False,19,28,41,0.6829268292682927,2.51e-05,False,8.684999465942383,9.827933311462402,8.969024658203125,-10.592642711826535
Bias4,34,the,Bias,False,19,29,41,0.7073170731707317,0.0537,True,1.432194709777832,1.4983899593353271,1.246720314025879,-2.9243422774673182
Bias4,35,investigator's,Bias,False,19,30,41,0.7317073170731707,1e-07,False,6.812614470720291,8.94626522809267,8.73760698735714,-16.11809565095832
Bias4,38,hypothesis,Bias,False,19,31,41,0.7560975609756098,7.41e-06,False,0.5556600093841553,0.455335408449173,0.4284939467906952,-11.812680118656278
Bias4,39,or,Bias,False,19,32,41,0.7804878048780488,0.00347,True,3.333935260772705,3.648940563201904,3.1522934436798096,-5.663600685023369
Bias4,40,expectation,Bias,False,19,33,41,0.8048780487804879,9.77e-06,False,14.985483646392822,15.515035152435305,17.420010566711426,-11.536194091909582
Bias4,41,;,Bias,True,19,33,41,0.8048780487804879,0.0,False,,,,
Bias4,42,this,Bias,False,19,34,41,0.8292682926829268,0.00661,True,2.8683555126190186,2.712146759033203,2.486144542694092,-5.019171625118542
Bias4,43,is,Bias,False,19,35,41,0.8536585365853658,0.0117,True,1.643049240112305,1.7750959396362305,1.5060837268829346,-4.448166437178426
Bias4,44,known,Bias,False,19,36,41,0.8780487804878049,0.000245,False,2.131829738616944,2.334263324737549,2.073652505874634,-8.314252347419547
Bias4,45,as,Bias,False,19,37,41,0.902439024390244,0.00589,True,0.0589135028421878,0.0894525796175003,0.0577161759138107,-5.134499281318642
Bias4,46,an,Bias,False,19,38,41,0.926829268292683,0.00339,True,3.078999280929565,4.165333271026611,4.408833026885986,-5.686925357589778
Bias4,47,experimenter,Bias,False,19,39,41,0.951219512195122,3.02e-07,False,5.567576050758362,2.6707239151000977,5.09001088142395,-15.012838819571542
Bias4,48,expectancy,Bias,False,19,40,41,0.975609756097561,3.09e-06,False,9.967002868652344,13.426774978637695,13.4395170211792,-12.68733946705462
Bias4,49,effect,Bias,False,19,41,41,1.0,0.000105,False,2.014050602912903,3.4846158027648926,3.595057621598244,-9.161550207806751
Bias4,50,.,Bias,True,19,41,41,1.0,0.0,False,,,,
Bias4,51,We,Bias,False,20,0,11,0.0,0.00347,True,3.718747615814209,5.876684665679932,5.72260332107544,-5.663600685023369
Bias4,52,are,Bias,False,20,1,11,0.0909090909090909,0.0055,True,5.111030578613281,3.508134365081787,3.027007341384888,-5.2030071867437115
Bias4,53,speaking,Bias,False,20,2,11,0.1818181818181818,8.13e-05,False,8.427606582641602,7.2568206787109375,7.541295051574707,-9.417364541410508
Bias4,54,then,Bias,False,20,3,11,0.2727272727272727,0.00117,True,8.580913543701172,10.6427640914917,10.074422836303713,-6.750751530172472
Bias4,55,of,Bias,False,20,4,11,0.3636363636363636,0.0251,True,0.1414907276630401,0.638267993927002,0.4793486893177032,-3.684887432844399
Bias4,56,the,Bias,False,20,5,11,0.4545454545454545,0.0537,True,1.14512836933136,1.1694427728652954,1.4681211709976196,-2.9243422774673182
Bias4,57,investigator's,Bias,False,20,6,11,0.5454545454545454,1e-07,False,9.691536664962769,9.658862352371216,10.369256317615507,-16.11809565095832
Bias4,60,hypothesis,Bias,False,20,7,11,0.6363636363636364,7.41e-06,False,1.6617950201034546,1.736219882965088,2.820884943008423,-11.812680118656278
Bias4,61,as,Bias,False,20,8,11,0.7272727272727273,0.00589,True,1.8388859033584597,3.7633156776428223,4.229493141174316,-5.134499281318642
Bias4,62,a,Bias,False,20,9,11,0.8181818181818182,0.0229,True,1.5659323930740356,1.2044082880020142,2.0923774242401123,-3.776618368421943
Bias4,63,self-fulfilling,Bias,False,20,10,11,0.9090909090909092,4.98e-06,False,10.498085285144043,9.95466226991266,9.410943876486272,-12.210080666927713
Bias4,64,prophecy,Bias,False,20,11,11,1.0,5.13e-06,False,1.254975438117981,1.1494247317314148,0.6010591834783554,-12.180404898781596
Bias4,65,.,Bias,True,20,11,11,1.0,0.0,False,,,,
Bias4,66,The,Bias,False,21,0,32,0.0,0.0537,True,2.33990740776062,2.5151498317718506,2.004340171813965,-2.9243422774673182
Bias4,67,experimenter,Bias,False,21,1,32,0.03125,3.02e-07,False,1.8872251361608503,2.311189830303192,2.767745316028595,-15.012838819571542
Bias4,68,prophesies,Bias,False,21,2,32,0.0625,1.66e-07,False,10.60962462425232,11.56868228316307,12.95767903327942,-15.611278048589869
Bias4,69,an,Bias,False,21,3,32,0.09375,0.00339,True,3.771860837936402,3.904537916183472,4.095698356628418,-5.686925357589778
Bias4,70,event,Bias,False,21,4,32,0.125,0.000151,False,1.690636157989502,2.4131577014923096,2.839167833328247,-8.79823072114935
Bias4,71,(,Bias,True,21,4,32,0.125,0.0,False,3.87812089920044,3.692548036575317,4.3708906173706055,
Bias4,72,working,Bias,False,21,5,32,0.15625,0.000282,False,15.458818435668944,18.590429306030277,17.655126571655273,-8.17360348702616
Bias4,73,hypothesis,Bias,False,21,6,32,0.1875,7.41e-06,False,3.3345654010772705,0.4104143977165222,1.226890206336975,-11.812680118656278
Bias4,74,),Bias,True,21,6,32,0.1875,0.0,False,3.358325242996216,5.336595058441162,5.300345420837402,
Bias4,75,",",Bias,True,21,6,32,0.1875,0.0,False,,,,
Bias4,76,and,Bias,False,21,7,32,0.21875,0.0257,True,1.8038184642791748,1.549812078475952,1.8180214166641235,-3.661264287080963
Bias4,77,the,Bias,False,21,8,32,0.25,0.0537,True,1.4337843656539917,0.7976509928703308,1.26829195022583,-2.9243422774673182
Bias4,78,expectation,Bias,False,21,9,32,0.28125,9.77e-06,False,4.953834533691406,4.560699462890625,6.562743663787842,-11.536194091909582
Bias4,79,of,Bias,False,21,10,32,0.3125,0.0251,True,1.57183039188385,2.3476295471191406,2.203141212463379,-3.684887432844399
Bias4,80,the,Bias,False,21,11,32,0.34375,0.0537,True,0.9084019660949708,0.6282839179039001,0.6963295340538025,-2.9243422774673182
Bias4,81,event,Bias,False,21,12,32,0.375,0.000151,False,1.785483717918396,2.270921230316162,2.989996910095215,-8.79823072114935
Bias4,82,then,Bias,False,21,13,32,0.40625,0.00117,True,7.7393317222595215,8.739784240722656,8.381277084350586,-6.750751530172472
Bias4,83,changes,Bias,False,21,14,32,0.4375,0.000132,False,3.769433975219727,4.270442008972168,3.619736194610596,-8.932708635377903
Bias4,84,the,Bias,False,21,15,32,0.46875,0.0537,True,2.147028923034668,2.1876296997070312,3.315361976623535,-2.9243422774673182
Bias4,85,behavior,Bias,False,21,16,32,0.5,4.9e-05,False,3.732877969741821,2.847449779510498,3.2368063926696777,-9.923690259853647
Bias4,86,of,Bias,False,21,17,32,0.53125,0.0251,True,0.2760619521141052,0.1928950995206833,0.2297769039869308,-3.684887432844399
Bias4,87,the,Bias,False,21,18,32,0.5625,0.0537,True,0.20664843916893,0.0767249539494514,0.1053374931216239,-2.9243422774673182
Bias4,88,prophet,Bias,False,21,19,32,0.59375,9.55e-06,False,14.452792167663574,13.305861473083496,14.09832763671875,-11.558969403471636
Bias4,89,(,Bias,True,21,19,32,0.59375,0.0,False,2.621359348297119,1.6698449850082395,2.030003309249878,
Bias4,90,experimenter,Bias,False,21,20,32,0.625,3.02e-07,False,5.938781768083572,7.982755422592163,5.931699097156525,-15.012838819571542
Bias4,91,in,Bias,False,21,21,32,0.65625,0.0186,True,8.090097427368164,7.115814685821533,6.6147308349609375,-3.9845936982629815
Bias4,92,such,Bias,False,21,22,32,0.6875,0.000692,True,7.949907302856445,7.300580978393555,7.222558975219727,-7.275924602346604
Bias4,93,a,Bias,False,21,23,32,0.71875,0.0229,True,0.1895935833454132,0.1271475851535797,0.1917481124401092,-3.776618368421943
Bias4,94,way,Bias,False,21,24,32,0.75,0.00102,False,0.1131722182035446,0.0570557825267314,0.0775437131524086,-6.887952651685957
Bias4,95,as,Bias,False,21,25,32,0.78125,0.00589,True,0.729686975479126,0.4859601259231567,1.4142484664916992,-5.134499281318642
Bias4,96,to,Bias,False,21,26,32,0.8125,0.0269,True,0.0498709343373775,0.0101698311045765,0.0563584454357624,-3.6156289923743437
Bias4,97,make,Bias,False,21,27,32,0.84375,0.0012,False,3.345478057861328,3.7903494834899902,2.7533867359161377,-6.725433722188183
Bias4,98,the,Bias,False,21,28,32,0.875,0.0537,True,0.6069769859313965,0.488615483045578,0.5750203728675842,-2.9243422774673182
Bias4,99,prophesied,Bias,False,21,29,32,0.90625,5.62e-07,False,8.80369234085083,7.99529504776001,6.93092679977417,-14.39176398705272
Bias4,100,event,Bias,False,21,30,32,0.9375,0.000151,False,0.5818120837211609,0.2655191123485565,0.4327995777130127,-8.79823072114935
Bias4,101,more,Bias,False,21,31,32,0.96875,0.00229,True,1.9917747974395752,2.085308790206909,2.252688407897949,-6.079203461415989
Bias4,102,likely,Bias,False,21,32,32,1.0,0.000158,False,4.904304593801498,5.819051086902618,4.549432933330536,-8.752915524937308
Bias4,103,.,Bias,True,21,32,32,1.0,0.0,False,,,,
Bias4,106,the,Bias,False,22,0,29,0.0,0.0537,True,8.605694770812988,5.84715747833252,5.432365894317627,-2.9243422774673182
Bias4,107,),Bias,True,22,0,29,0.0,0.0,False,9.39885425567627,9.134772300720217,9.47673797607422,
Bias4,108,the,Bias,False,22,1,29,0.0344827586206896,0.0537,True,5.353241920471191,5.015920639038086,4.195584297180176,-2.9243422774673182
Bias5,1,Keep,Bias,False,22,2,29,0.0689655172413793,0.000457,False,8.550285339355469,7.722704887390137,15.03138256072998,-7.690827167070069
Bias5,2,in,Bias,False,22,3,29,0.1034482758620689,0.0186,True,1.919657111167908,1.911119818687439,4.194311141967773,-3.9845936982629815
Bias5,3,mind,Bias,False,22,4,29,0.1379310344827586,0.000257,False,0.0388956628739833,0.0485605299472808,1.2272834777832031,-8.266434473069054
Bias5,4,that,Bias,False,22,5,29,0.1724137931034483,0.0102,True,0.5357654094696045,0.642467737197876,0.4364525973796844,-4.585367558691911
Bias5,5,with,Bias,False,22,6,29,0.2068965517241379,0.00708,True,5.883618354797363,5.836798667907715,6.270636081695557,-4.950481371276509
Bias5,6,experimenter,Bias,False,22,7,29,0.2413793103448276,3.02e-07,False,17.117891788482666,18.737491607666016,7.007567405700684,-15.012838819571542
Bias5,7,bias,Bias,False,22,8,29,0.2758620689655172,1.51e-05,False,8.398620545864105,11.440860271453856,8.827938556671143,-11.100815814143395
Bias5,8,",",Bias,True,22,8,29,0.2758620689655172,0.0,False,,,,
Bias5,9,the,Bias,False,22,9,29,0.3103448275862069,0.0537,True,2.2267730236053467,2.077127695083618,0.8053739666938782,-2.9243422774673182
Bias5,10,experimenter,Bias,False,22,10,29,0.3448275862068966,3.02e-07,False,5.785592094063759,6.1030233055353165,2.738962557166815,-15.012838819571542
Bias5,11,is,Bias,False,22,11,29,0.3793103448275862,0.0117,True,2.239834308624268,2.4176197052001958,2.0848257541656494,-4.448166437178426
Bias5,12,often,Bias,False,22,12,29,0.4137931034482758,0.000257,False,3.834242582321167,4.9319939613342285,4.914302825927734,-8.266434473069054
Bias5,13,not,Bias,False,22,13,29,0.4482758620689655,0.0049,True,3.189944267272949,2.9538891315460205,3.1478381156921387,-5.318520073865556
Bias5,14,intentionally,Bias,False,22,14,29,0.4827586206896552,6.61e-06,False,7.43126916885376,7.731019020080566,8.475313186645508,-11.926926904100679
Bias5,15,giving,Bias,False,22,15,29,0.5172413793103449,0.000141,False,4.67097282409668,4.943393707275391,4.686991691589356,-8.866750667586105
Bias5,16,cues,Bias,False,22,16,29,0.5517241379310345,3.39e-06,False,8.013113021850586,8.563787460327148,8.308091163635254,-12.594680636571915
Bias5,17,about,Bias,False,22,17,29,0.5862068965517241,0.00251,True,2.559455394744873,3.1006383895874023,3.236050128936768,-5.987472525838444
Bias5,18,how,Bias,False,22,18,29,0.6206896551724138,0.00174,True,2.5792810916900635,2.5091233253479004,2.69584059715271,-6.3538701657556995
Bias5,19,to,Bias,False,22,19,29,0.6551724137931034,0.0269,True,1.6121816635131836,1.4383831024169922,2.125828266143799,-3.6156289923743437
Bias5,20,respond,Bias,False,22,20,29,0.6896551724137931,3.39e-05,False,3.479188919067383,5.479019165039063,3.16611385345459,-10.29209554357787
Bias5,21,and,Bias,False,22,21,29,0.7241379310344828,0.0257,True,4.249797821044922,4.442119598388672,3.618011713027954,-3.661264287080963
Bias5,22,may,Bias,False,22,22,29,0.7586206896551724,0.000955,False,4.06016206741333,4.096027374267578,3.653043270111084,-6.953799217483544
Bias5,23,be,Bias,False,22,23,29,0.7931034482758621,0.00617,True,2.159196615219116,1.8793470859527588,2.1126949787139893,-5.088056441064841
Bias5,24,unaware,Bias,False,22,24,29,0.8275862068965517,7.41e-06,False,4.235312461853027,4.010007381439209,3.555760145187378,-11.812680118656278
Bias5,25,of,Bias,False,22,25,29,0.8620689655172413,0.0251,True,0.3012334704399109,0.6147635579109192,0.5095914602279663,-3.684887432844399
Bias5,26,the,Bias,False,22,26,29,0.896551724137931,0.0537,True,0.8653769493103027,1.1563622951507568,0.7191886305809021,-2.9243422774673182
Bias5,27,biases,Bias,False,22,27,29,0.9310344827586208,2.09e-06,False,4.569828510284424,5.0556182861328125,5.840756893157959,-13.078346491987555
Bias5,28,they,Bias,False,22,28,29,0.9655172413793104,0.00316,True,2.955366611480713,3.280287504196167,3.760328769683838,-5.757183251383316
Bias5,29,hold,Bias,False,22,29,29,1.0,0.000155,False,6.452273547649384,6.602555990219116,6.955194771289825,-8.772085441045027
Bias5,30,.,Bias,True,22,29,29,1.0,0.0,False,,,,
Bias5,31,It,Bias,False,23,0,33,0.0,0.00891,True,3.69405198097229,3.580561637878418,3.9942336082458496,-4.720581037499419
Bias5,32,is,Bias,False,23,1,33,0.0303030303030303,0.0117,True,0.923585057258606,1.420619010925293,0.3571100533008575,-4.448166437178426
Bias5,33,also,Bias,False,23,2,33,0.0606060606060606,0.00155,False,2.307536125183105,2.338108777999878,1.99564790725708,-6.469500348050982
Bias5,34,conceivable,Bias,False,23,3,33,0.0909090909090909,1.48e-06,False,7.395272731781006,7.199381351470947,6.6275787353515625,-13.42346847018825
Bias5,35,to,Bias,False,23,4,33,0.1212121212121212,0.0269,True,4.246237277984619,5.775811672210693,5.401240825653076,-3.6156289923743437
Bias5,36,have,Bias,False,23,5,33,0.1515151515151515,0.00513,True,2.565711498260498,2.4488275051116943,2.929020643234253,-5.272649619799459
Bias5,37,a,Bias,False,23,6,33,0.1818181818181818,0.0229,True,1.6574715375900269,1.6664305925369265,1.6045724153518677,-3.776618368421943
Bias5,38,blind,Bias,False,23,7,33,0.2121212121212121,3.31e-05,False,6.129908561706543,6.471710681915283,6.216940879821777,-10.315977275581258
Bias5,39,study,Bias,False,23,8,33,0.2424242424242424,0.000182,False,6.381394386291504,7.441469669342041,5.65208625793457,-8.611503870887478
Bias5,40,in,Bias,False,23,9,33,0.2727272727272727,0.0186,True,3.4155149459838867,3.3223259449005127,2.520893096923828,-3.9845936982629815
Bias5,41,which,Bias,False,23,10,33,0.303030303030303,0.002,True,0.0666839405894279,1.4218106269836426,0.2375040352344513,-6.214608098422191
Bias5,42,the,Bias,False,23,11,33,0.3333333333333333,0.0537,True,1.3429486751556396,0.9917784333229064,0.6670264601707458,-2.9243422774673182
Bias5,43,participant,Bias,False,23,12,33,0.3636363636363636,6.03e-06,False,2.692054271697998,4.594709873199463,2.258437156677246,-12.01876354722518
Bias5,44,is,Bias,False,23,13,33,0.3939393939393939,0.0117,True,1.1700400114059448,1.6506543159484863,1.7883607149124146,-4.448166437178426
Bias5,45,consciously,Bias,False,23,14,33,0.4242424242424242,3.16e-06,False,4.99885892868042,5.62645149230957,7.0366926193237305,-12.664938530365454
Bias5,46,aware,Bias,False,23,15,33,0.4545454545454545,6.03e-05,False,3.4418938159942627,2.5444626808166504,2.958316802978516,-9.716178454231134
Bias5,47,of,Bias,False,23,16,33,0.4848484848484848,0.0251,True,0.2852031886577606,0.2701599299907684,0.2274187803268432,-3.684887432844399
Bias5,48,his,Bias,False,23,17,33,0.5151515151515151,0.00324,True,3.8084311485290527,3.875676155090332,3.925232410430908,-5.732181949177899
Bias5,49,or,Bias,False,23,18,33,0.5454545454545454,0.00347,True,0.4626979529857635,1.5328381061553955,0.4636473655700683,-5.663600685023369
Bias5,50,her,Bias,False,23,19,33,0.5757575757575758,0.002,True,0.0018781656399369,0.0134796444326639,0.0126494215801358,-6.214608098422191
Bias5,51,group,Bias,False,23,20,33,0.6060606060606061,0.000372,False,7.805333137512207,9.873515129089355,8.607478141784668,-7.8966167036911274
Bias5,52,membership,Bias,False,23,21,33,0.6363636363636364,2.95e-05,False,6.157856464385986,8.742293357849121,7.919617176055908,-10.4311202946185
Bias5,53,but,Bias,False,23,22,33,0.6666666666666666,0.00427,True,2.7508444786071777,3.5949597358703613,3.43745493888855,-5.456141451741604
Bias5,54,the,Bias,False,23,23,33,0.696969696969697,0.0537,True,3.115338087081909,3.780378818511963,3.2906785011291504,-2.9243422774673182
Bias5,55,experimenter,Bias,False,23,24,33,0.7272727272727273,3.02e-07,False,1.652625160291791,2.0765337347984314,2.0580439902842045,-15.012838819571542
Bias5,56,is,Bias,False,23,25,33,0.7575757575757576,0.0117,True,1.1454445123672483,0.944575846195221,1.0816006660461426,-4.448166437178426
Bias5,57,unaware,Bias,False,23,26,33,0.7878787878787878,7.41e-06,False,1.955913782119751,0.8487372398376465,1.1896742582321167,-11.812680118656278
Bias5,58,of,Bias,False,23,27,33,0.8181818181818182,0.0251,True,0.3301292955875397,0.2398970574140548,0.3014919459819793,-3.684887432844399
Bias5,59,which,Bias,False,23,28,33,0.8484848484848485,0.002,True,5.253666400909424,6.087848663330078,5.799843311309815,-6.214608098422191
Bias5,60,group,Bias,False,23,29,33,0.8787878787878788,0.000372,False,1.6068110466003418,0.4390791058540344,0.449641615152359,-7.8966167036911274
Bias5,61,the,Bias,False,23,30,33,0.9090909090909092,0.0537,True,2.594022274017334,3.812955141067505,3.0387091636657715,-2.9243422774673182
Bias5,62,participant,Bias,False,23,31,33,0.9393939393939394,6.03e-06,False,0.7008132934570312,0.8065515160560608,0.44481360912323,-12.01876354722518
Bias5,63,is,Bias,False,23,32,33,0.9696969696969696,0.0117,True,0.7935446500778198,0.2619986534118652,0.3281480371952057,-4.448166437178426
Bias5,64,in,Bias,False,23,33,33,1.0,0.0186,True,2.149457663297653,2.6807970702648163,2.809022545814514,-3.9845936982629815
Bias5,65,.,Bias,True,23,33,33,1.0,0.0,False,,,,
Bias5,66,When,Bias,False,24,0,24,0.0,0.00234,True,5.056914329528809,5.362167835235596,4.048487186431885,-6.057604349612527
Bias5,67,neither,Bias,False,24,1,24,0.0416666666666666,5.89e-05,False,8.753035545349121,9.037625312805176,9.384634017944336,-9.739669467306733
Bias5,68,the,Bias,False,24,2,24,0.0833333333333333,0.0537,True,1.5315752029418943,1.3137190341949463,1.0164231061935425,-2.9243422774673182
Bias5,69,participant,Bias,False,24,3,24,0.125,6.03e-06,False,1.0198866128921509,0.3486887216567993,0.530903697013855,-12.01876354722518
Bias5,70,nor,Bias,False,24,4,24,0.1666666666666666,6.03e-05,True,0.132661759853363,0.0512484833598136,0.0542819127440452,-9.716178454231134
Bias5,71,the,Bias,False,24,5,24,0.2083333333333333,0.0537,True,0.2565136849880218,0.2781413495540619,0.1651547849178314,-2.9243422774673182
Bias5,72,experimenter,Bias,False,24,6,24,0.25,3.02e-07,False,0.1421085211914032,0.5836438664700836,1.1271894508972764,-15.012838819571542
Bias5,73,knows,Bias,False,24,7,24,0.2916666666666667,0.000117,False,2.4854626655578613,3.288613796234131,2.242628812789917,-9.053336623166517
Bias5,74,which,Bias,False,24,8,24,0.3333333333333333,0.002,True,1.8109660148620603,1.9631781578063965,1.9620121717453003,-6.214608098422191
Bias5,75,group,Bias,False,24,9,24,0.375,0.000372,False,0.2514673769474029,0.1458324640989303,0.1719682067632675,-7.8966167036911274
Bias5,76,the,Bias,False,24,10,24,0.4166666666666667,0.0537,True,0.9089065194129944,0.8809509873390198,0.9432184100151062,-2.9243422774673182
Bias5,77,participant,Bias,False,24,11,24,0.4583333333333333,6.03e-06,False,0.3676589727401733,0.1023621931672096,0.0980214625597,-12.01876354722518
Bias5,78,is,Bias,False,24,12,24,0.5,0.0117,True,0.2400885373353958,0.1290010958909988,0.1428438574075698,-4.448166437178426
Bias5,79,in,Bias,False,24,13,24,0.5416666666666666,0.0186,True,0.0347589589655399,0.0189830008894205,0.0238795429468154,-3.9845936982629815
Bias5,80,it,Bias,False,24,14,24,0.5833333333333334,0.00891,True,4.465252876281738,4.101359844207764,4.024803161621094,-4.720581037499419
Bias5,81,is,Bias,False,24,15,24,0.625,0.0117,True,0.9227875471115112,0.5414160490036011,0.443650484085083,-4.448166437178426
Bias5,82,called,Bias,False,24,16,24,0.6666666666666666,0.000389,False,4.4139509201049805,5.82550048828125,0.8825847506523132,-7.851931214345828
Bias5,83,',Bias,True,24,16,24,0.6666666666666666,0.0,False,4.558055400848389,5.244060516357422,1.3646007776260376,
Bias5,84,double-blind,Bias,False,24,17,24,0.7083333333333334,2.5e-05,False,15.849551141262054,14.177851006388664,8.41703898506239,-10.596634733096073
Bias5,85,',Bias,True,24,17,24,0.7083333333333334,0.0,False,4.403908729553223,8.878666877746582,5.721762180328369,
Bias5,86,",",Bias,True,24,17,24,0.7083333333333334,0.0,False,,,,
Bias5,87,because,Bias,False,24,18,24,0.75,0.00107,True,3.684257984161377,3.5895705223083496,3.083207130432129,-6.840096630508322
Bias5,88,both,Bias,False,24,19,24,0.7916666666666666,0.000617,True,3.411745071411133,4.177135944366455,4.29991626739502,-7.3906415340588865
Bias5,89,are,Bias,False,24,20,24,0.8333333333333334,0.0055,True,2.6284656524658203,2.35145902633667,2.56119155883789,-5.2030071867437115
Bias5,90,',Bias,True,24,20,24,0.8333333333333334,0.0,False,5.604719161987305,5.059104919433594,5.376870632171631,
Bias5,91,blind,Bias,False,24,21,24,0.875,3.31e-05,False,3.9182729721069336,4.272530555725098,2.256081342697144,-10.315977275581258
Bias5,92,',Bias,True,24,21,24,0.875,0.0,False,1.7597463130950928,2.2661523818969727,1.7237056493759155,
Bias5,93,to,Bias,False,24,22,24,0.9166666666666666,0.0269,True,3.4215378761291504,2.8398754596710205,4.112399101257324,-3.6156289923743437
Bias5,94,the,Bias,False,24,23,24,0.9583333333333334,0.0537,True,0.9065826535224916,1.0153532028198242,1.263543963432312,-2.9243422774673182
Bias5,95,condition,Bias,False,24,24,24,1.0,7.24e-05,False,6.461373925209045,11.577917098999023,11.241647243499756,-9.533304258572603
Bias5,96,.,Bias,True,24,24,24,1.0,0.0,False,,,,
Bias5,97,This,Bias,False,25,0,16,0.0,0.00661,True,2.7738444805145264,2.984443664550781,2.826998472213745,-5.019171625118542
Bias5,98,design,Bias,False,25,1,16,0.0625,0.000148,False,6.733645439147949,7.842301368713379,8.641868591308594,-8.818298284200159
Bias5,99,is,Bias,False,25,2,16,0.125,0.0117,True,1.9363492727279663,1.4729784727096558,1.260098218917847,-4.448166437178426
Bias5,100,one,Bias,False,25,3,16,0.1875,0.00295,False,4.964505195617676,5.175889015197754,5.655106544494629,-5.825950108630408
Bias5,101,tactic,Bias,False,25,4,16,0.25,5.13e-06,False,9.687055587768556,10.41284465789795,9.687579154968262,-12.180404898781596
Bias5,102,that,Bias,False,25,5,16,0.3125,0.0102,True,1.5223103761672974,2.0164237022399902,1.7752050161361694,-4.585367558691911
Bias5,103,can,Bias,False,25,6,16,0.375,0.00288,True,1.9387153387069704,2.3163955211639404,2.8026657104492188,-5.8499649848342825
Bias5,104,be,Bias,False,25,7,16,0.4375,0.00617,True,0.8785988688468933,0.728873610496521,0.7214586734771729,-5.088056441064841
Bias5,105,used,Bias,False,25,8,16,0.5,0.000631,False,0.4442367255687713,0.6404423713684082,0.5525020956993103,-7.368204695423061
Bias5,106,to,Bias,False,25,9,16,0.5625,0.0269,True,0.7485179901123047,0.628081202507019,0.825362503528595,-3.6156289923743437
Bias5,107,circumvent,Bias,False,25,10,16,0.625,1.41e-06,False,5.874570846557617,5.386597633361816,5.945852279663086,-13.471920853574197
Bias5,108,the,Bias,False,25,11,16,0.6875,0.0537,True,1.423798441886902,0.9120752811431884,0.7943671941757202,-2.9243422774673182
Bias5,109,problem,Bias,False,25,12,16,0.75,0.000251,False,4.950349807739258,5.740578651428223,6.044155597686768,-8.29005761883249
Bias5,110,of,Bias,False,25,13,16,0.8125,0.0251,True,0.4994993507862091,0.7186867594718933,0.5452684164047241,-3.684887432844399
Bias5,111,unintentional,Bias,False,25,14,16,0.875,1.32e-06,False,7.375123977661133,7.688951015472412,7.475605487823486,-13.537878821365995
Bias5,112,experimenter,Bias,False,25,15,16,0.9375,3.02e-07,False,6.9489887952804565,11.96523141860962,9.61529779434204,-15.012838819571542
Bias5,113,bias,Bias,False,25,16,16,1.0,1.51e-05,False,0.7059036381542683,0.7134747579693794,1.3154762387275696,-11.100815814143395
Bias5,114,.,Bias,True,25,16,16,1.0,0.0,False,,,,
Bias6,1,Let's,Bias,False,26,0,31,0.0,0.000145,False,7.921608448028564,7.054960370063782,7.822707235813141,-8.8387768155437
Bias6,4,consider,Bias,False,26,1,31,0.032258064516129,9.77e-05,False,6.044983863830566,8.410738945007324,3.362123727798462,-9.233608998915537
Bias6,5,an,Bias,False,26,2,31,0.064516129032258,0.00339,True,3.5997800827026367,4.876704692840576,3.0286970138549805,-5.686925357589778
Bias6,6,example,Bias,False,26,3,31,0.0967741935483871,0.000186,False,0.6253292560577393,3.651567459106445,2.1918299198150635,-8.589763884251074
Bias6,7,from,Bias,False,26,4,31,0.1290322580645161,0.00427,True,2.5976970195770264,4.375589370727539,3.599433898925781,-5.456141451741604
Bias6,8,Homeopathy,Bias,False,26,5,31,0.1612903225806451,7.41e-07,False,16.060779809951782,16.503926157951355,15.399022579193115,-14.115265211650325
Bias6,9,:,Bias,True,26,5,31,0.1612903225806451,0.0,False,,,,
Bias6,10,this,Bias,False,26,6,31,0.1935483870967742,0.00661,True,6.419933319091797,6.455497741699219,4.9609222412109375,-5.019171625118542
Bias6,11,is,Bias,False,26,7,31,0.2258064516129032,0.0117,True,0.8507898449897766,0.9764745235443116,1.3726128339767456,-4.448166437178426
Bias6,12,a,Bias,False,26,8,31,0.2580645161290322,0.0229,True,1.1482869386672974,1.4529004096984863,0.795635461807251,-3.776618368421943
Bias6,13,theory,Bias,False,26,9,31,0.2903225806451613,7.59e-05,False,4.739553451538086,4.744828701019287,4.159801483154297,-9.48609387356269
Bias6,14,of,Bias,False,26,10,31,0.3225806451612903,0.0251,True,1.9195375442504885,1.488236904144287,1.4123342037200928,-3.684887432844399
Bias6,15,treating,Bias,False,26,11,31,0.3548387096774194,1.86e-05,False,5.980133056640625,6.454316139221191,5.049233436584473,-10.892348977245119
Bias6,16,symptoms,Bias,False,26,12,31,0.3870967741935484,3.02e-05,False,4.233009338378906,4.576075553894043,4.46602725982666,-10.40766863358345
Bias6,17,in,Bias,False,26,13,31,0.4193548387096774,0.0186,True,3.358945608139038,2.9402575492858887,2.9545657634735107,-3.9845936982629815
Bias6,18,which,Bias,False,26,14,31,0.4516129032258064,0.002,True,3.669671535491944,4.965729713439941,3.5709633827209477,-6.214608098422191
Bias6,19,a,Bias,False,26,15,31,0.4838709677419355,0.0229,True,2.364187717437744,2.160644054412842,1.807293176651001,-3.776618368421943
Bias6,20,person,Bias,False,26,16,31,0.5161290322580645,0.000355,False,1.5743458271026611,2.254457473754883,1.583208084106445,-7.943392768488859
Bias6,21,who,Bias,False,26,17,31,0.5483870967741935,0.00219,True,4.4526848793029785,3.2304978370666504,2.9187121391296387,-6.123853735153728
Bias6,22,suffers,Bias,False,26,18,31,0.5806451612903226,6.76e-06,False,3.0484533309936523,3.7901690006256095,3.9715709686279297,-11.904487667909402
Bias6,23,from,Bias,False,26,19,31,0.6129032258064516,0.00427,True,0.1335958987474441,0.1997560709714889,0.2055446058511734,-5.456141451741604
Bias6,24,a,Bias,False,26,20,31,0.6451612903225806,0.0229,True,1.4702472686767578,1.2451908588409424,1.2060940265655518,-3.776618368421943
Bias6,25,particular,Bias,False,26,21,31,0.6774193548387096,0.0001,False,3.912005424499512,3.6537835597991934,3.909159660339356,-9.210340371976182
Bias6,26,symptom,Bias,False,26,22,31,0.7096774193548387,4.37e-06,False,2.663539409637451,2.7941105365753174,3.244872570037842,-12.340747548856775
Bias6,27,is,Bias,False,26,23,31,0.7419354838709677,0.0117,True,1.310005784034729,1.682992458343506,1.6385819911956787,-4.448166437178426
Bias6,28,treated,Bias,False,26,24,31,0.7741935483870968,5.13e-05,False,2.8480958938598637,2.323610782623291,2.082564353942871,-9.877819805787551
Bias6,29,with,Bias,False,26,25,31,0.8064516129032258,0.00708,True,0.6878838539123535,0.6443901062011719,0.66895592212677,-4.950481371276509
Bias6,30,very,Bias,False,26,26,31,0.8387096774193549,0.001,True,7.146188735961914,7.070641040802002,7.524057865142822,-6.907755278982137
Bias6,31,dilute,Bias,False,26,27,31,0.8709677419354839,1.51e-06,False,6.131265372037888,8.608004212379456,7.919689655303955,-13.403400907137442
Bias6,32,medicines,Bias,False,26,28,31,0.9032258064516128,5.89e-06,False,5.868823528289795,6.152920842170715,6.832078695297241,-12.042254560300778
Bias6,33,",",Bias,True,26,28,31,0.9032258064516128,0.0,False,,,,
Bias6,34,usually,Bias,False,26,29,31,0.935483870967742,0.000141,False,2.5413131713867188,3.769906997680664,3.465373039245605,-8.866750667586105
Bias6,35,poisonous,Bias,False,26,30,31,0.967741935483871,3.72e-06,False,7.526428699493408,9.967562675476074,9.60020351409912,-12.501786889679218
Bias6,36,matter,Bias,False,26,31,31,1.0,0.00024,False,8.82431447505951,10.90593844652176,10.904788434505464,-8.334871634622283
Bias6,37,.,Bias,True,26,31,31,1.0,0.0,False,,,,
Bias6,38,The,Bias,False,27,0,18,0.0,0.0537,True,1.947814464569092,2.360217332839966,1.5112013816833496,-2.9243422774673182
Bias6,39,idea,Bias,False,27,1,18,0.0555555555555555,0.000229,False,3.6883161067962646,4.099340915679932,5.277654647827148,-8.381788554410035
Bias6,40,is,Bias,False,27,2,18,0.1111111111111111,0.0117,True,0.3972592651844024,0.6232863664627075,0.4333830773830414,-4.448166437178426
Bias6,41,that,Bias,False,27,3,18,0.1666666666666666,0.0102,True,0.2574267983436584,0.4961305856704712,0.4975420832633972,-4.585367558691911
Bias6,42,a,Bias,False,27,4,18,0.2222222222222222,0.0229,True,3.01544189453125,3.018748998641968,3.117122173309326,-3.776618368421943
Bias6,43,substance,Bias,False,27,5,18,0.2777777777777778,1.7e-05,False,5.3269758224487305,4.955414772033691,5.965983867645264,-10.982297213908058
Bias6,44,can,Bias,False,27,6,18,0.3333333333333333,0.00288,True,3.1555330753326416,3.2979736328125,3.1674389839172363,-5.8499649848342825
Bias6,45,work,Bias,False,27,7,18,0.3888888888888889,0.000912,False,5.810378074645996,5.899950981140137,5.681950092315674,-6.999870567889943
Bias6,46,as,Bias,False,27,8,18,0.4444444444444444,0.00589,True,2.5614657402038574,1.7281651496887207,2.485817670822144,-5.134499281318642
Bias6,47,a,Bias,False,27,9,18,0.5,0.0229,True,0.2645007371902466,0.2737122476100921,0.3153171241283417,-3.776618368421943
Bias6,48,cure,Bias,False,27,10,18,0.5555555555555556,2.09e-05,False,2.712440490722656,3.529900312423706,3.347885608673096,-10.77576139899351
Bias6,49,even,Bias,False,27,11,18,0.6111111111111112,0.000977,False,6.221238613128662,6.230295181274414,5.7272467613220215,-6.931023905921491
Bias6,50,when,Bias,False,27,12,18,0.6666666666666666,0.00234,True,2.779458522796631,1.967594146728516,2.0763843059539795,-6.057604349612527
Bias6,51,it,Bias,False,27,13,18,0.7222222222222222,0.00891,True,1.0753093957901,1.0176764726638794,1.1055530309677124,-4.720581037499419
Bias6,52,is,Bias,False,27,14,18,0.7777777777777778,0.0117,True,1.102547526359558,0.8305298686027527,0.6792187690734863,-4.448166437178426
Bias6,53,given,Bias,False,27,15,18,0.8333333333333334,0.000257,False,5.156179904937744,6.716470241546631,6.828938961029053,-8.266434473069054
Bias6,54,in,Bias,False,27,16,18,0.8888888888888888,0.0186,True,1.8933311700820925,1.9900002479553225,2.105534315109253,-3.9845936982629815
Bias6,55,infinitesimal,Bias,False,27,17,18,0.9444444444444444,4.27e-07,False,13.257616869173944,14.9892742857337,14.1028723269701,-14.666481823717787
Bias6,56,doses,Bias,False,27,18,18,1.0,6.03e-06,False,1.2347756028175354,1.825418472290039,1.9214370250701904,-12.01876354722518
Bias6,57,.,Bias,True,27,18,18,1.0,0.0,False,,,,
Bias6,58,One,Bias,False,28,0,43,0.0,0.00295,False,5.195782661437988,5.034994602203369,4.217966079711914,-5.825950108630408
Bias6,59,could,Bias,False,28,1,43,0.0232558139534883,0.00115,False,3.696469306945801,2.782187938690185,3.3107709884643555,-6.767993336606978
Bias6,60,take,Bias,False,28,2,43,0.0465116279069767,0.000832,False,4.756919860839844,5.158618927001953,5.140412330627441,-7.091678117143066
Bias6,61,one,Bias,False,28,3,43,0.0697674418604651,0.00295,False,3.7987427711486816,3.4954476356506348,3.377402782440185,-5.825950108630408
Bias6,62,drop,Bias,False,28,4,43,0.0930232558139534,9.77e-05,False,5.88874626159668,5.885194778442383,5.903683185577393,-9.233608998915537
Bias6,63,of,Bias,False,28,5,43,0.1162790697674418,0.0251,True,0.2214076966047287,0.2137231677770614,0.1805229932069778,-3.684887432844399
Bias6,64,medicine,Bias,False,28,6,43,0.1395348837209302,5.37e-05,False,4.425383567810059,3.706007957458496,3.5387141704559326,-9.832097556449455
Bias6,65,(,Bias,True,28,6,43,0.1395348837209302,0.0,False,3.981543064117432,4.154527187347412,4.074483394622803,
Bias6,66,a,Bias,False,28,7,43,0.1627906976744186,0.0229,True,9.208393096923828,10.500977516174316,5.726079940795898,-3.776618368421943
Bias6,67,poison,Bias,False,28,8,43,0.1860465116279069,1.2e-05,False,6.4794921875,6.949948310852051,5.562628746032715,-11.330603908176274
Bias6,68,and,Bias,False,28,9,43,0.2093023255813953,0.0257,True,5.0822272300720215,4.95258378982544,4.826037883758545,-3.661264287080963
Bias6,69,dilute,Bias,False,28,10,43,0.2325581395348837,1.51e-06,False,6.448632836341858,6.693194765597582,6.719620756804943,-13.403400907137442
Bias6,70,it,Bias,False,28,11,43,0.2558139534883721,0.00891,True,0.887622594833374,3.953535556793213,3.0552964210510254,-4.720581037499419
Bias6,71,with,Bias,False,28,12,43,0.2790697674418604,0.00708,True,1.710099697113037,4.214190006256104,3.6646480560302734,-4.950481371276509
Bias6,72,100,Bias,False,28,13,43,0.3023255813953488,5.46e-06,False,5.773384094238281,5.919033050537109,6.163936614990234,-12.118061768207461
Bias6,73,drops,Bias,False,28,14,43,0.3255813953488372,2.14e-05,False,3.92275071144104,3.169558525085449,2.664534091949463,-10.752119635936468
Bias6,74,of,Bias,False,28,15,43,0.3488372093023256,0.0251,True,0.260793000459671,0.9830161929130554,1.086025953292847,-3.684887432844399
Bias6,75,water,Bias,False,28,16,43,0.3720930232558139,0.000331,False,1.807982325553894,2.3489298820495605,2.1596927642822266,-8.01339218258721
Bias6,76,then,Bias,False,28,17,43,0.3953488372093023,0.00117,True,7.313964366912842,6.402302265167236,6.343760967254639,-6.750751530172472
Bias6,77,take,Bias,False,28,18,43,0.4186046511627907,0.000832,False,3.55810284614563,2.800093650817871,2.9774088859558105,-7.091678117143066
Bias6,78,a,Bias,False,28,19,43,0.4418604651162791,0.0229,True,1.836835980415344,2.272449493408203,2.2277255058288574,-3.776618368421943
Bias6,79,drop,Bias,False,28,20,43,0.4651162790697674,9.77e-05,False,3.6122829914093018,2.284931182861328,2.00221586227417,-9.233608998915537
Bias6,80,of,Bias,False,28,21,43,0.4883720930232558,0.0251,True,0.2394611537456512,0.5715323090553284,0.6530516147613525,-3.684887432844399
Bias6,81,the,Bias,False,28,22,43,0.5116279069767442,0.0537,True,2.8076446056365967,2.351644515991211,2.204378604888916,-2.9243422774673182
Bias6,82,resulting,Bias,False,28,23,43,0.5348837209302325,3.02e-05,False,7.769113063812256,8.173449516296387,8.672708511352539,-10.40766863358345
Bias6,83,mixture,Bias,False,28,24,43,0.5581395348837209,1.51e-05,False,2.9002840518951416,2.6827220916748047,3.287128448486328,-11.100815814143395
Bias6,84,and,Bias,False,28,25,43,0.5813953488372093,0.0257,True,1.84573495388031,2.1586427688598637,1.9371739625930784,-3.661264287080963
Bias6,85,dilute,Bias,False,28,26,43,0.6046511627906976,1.51e-06,False,4.314675877336413,5.032511196099222,4.879891048651189,-13.403400907137442
Bias6,86,that,Bias,False,28,27,43,0.627906976744186,0.0102,True,3.658140182495117,3.952106952667236,3.6673696041107178,-4.585367558691911
Bias6,87,again,Bias,False,28,28,43,0.6511627906976745,0.000501,True,3.572962999343872,4.289997100830078,5.190537929534912,-7.598904456879409
Bias6,88,repeating,Bias,False,28,29,43,0.6744186046511628,6.92e-06,False,11.614188194274902,11.522159576416016,11.45232391357422,-11.881094788334696
Bias6,89,this,Bias,False,28,30,43,0.6976744186046512,0.00661,True,2.5554604530334477,2.2232213020324707,2.25027847290039,-5.019171625118542
Bias6,90,process,Bias,False,28,31,43,0.7209302325581395,0.000182,False,0.9464262127876282,0.7675328850746155,0.8864789009094238,-8.611503870887478
Bias6,91,until,Bias,False,28,32,43,0.7441860465116279,0.000407,True,1.968464732170105,2.7871553897857666,2.3602006435394287,-7.806697372521679
Bias6,92,it,Bias,False,28,33,43,0.7674418604651163,0.00891,True,1.6617437601089478,1.4353156089782717,1.7041165828704834,-4.720581037499419
Bias6,93,is,Bias,False,28,34,43,0.7906976744186046,0.0117,True,1.474797248840332,1.2601258754730225,1.180798053741455,-4.448166437178426
Bias6,94,probable,Bias,False,28,35,43,0.813953488372093,6.17e-06,False,12.228527069091797,11.458012580871582,10.849900245666504,-11.995811720046978
Bias6,95,that,Bias,False,28,36,43,0.8372093023255814,0.0102,True,0.4316329061985016,0.2780196666717529,0.2560987174510956,-4.585367558691911
Bias6,96,no,Bias,False,28,37,43,0.8604651162790697,0.00224,True,4.010080337524414,5.9297075271606445,6.001286506652832,-6.101279413115189
Bias6,97,molecules,Bias,False,28,38,43,0.8837209302325582,8.32e-06,False,8.16392707824707,9.502925872802734,10.162586212158203,-11.696848303131157
Bias6,98,of,Bias,False,28,39,43,0.9069767441860463,0.0251,True,1.737280249595642,1.3981797695159912,1.4902364015579224,-3.684887432844399
Bias6,99,the,Bias,False,28,40,43,0.9302325581395348,0.0537,True,0.7529327869415283,0.5053986310958862,0.4527322649955749,-2.9243422774673182
Bias6,100,original,Bias,False,28,41,43,0.9534883720930232,0.000145,False,5.127946853637695,7.115170478820801,6.859400272369385,-8.8387768155437
Bias6,101,substance,Bias,False,28,42,43,0.9767441860465116,1.7e-05,False,0.4553919434547424,0.3662478923797607,1.184945821762085,-10.982297213908058
Bias6,102,remain,Bias,False,28,43,43,1.0,6.76e-05,False,6.943360805511475,6.027677536010742,4.109241962432861,-9.601902574915355
Bias6,103,.,Bias,True,28,43,43,1.0,0.0,False,,,,
Bias6,104,According,Bias,False,29,0,20,0.0,0.000191,False,7.209813594818115,6.897219657897949,6.589198112487793,-8.563237129917644
Bias6,105,to,Bias,False,29,1,20,0.05,0.0269,True,0.0026012177113443,0.01124426163733,0.0067075337283313,-3.6156289923743437
Bias6,106,homeopathy,Bias,False,29,2,20,0.1,7.41e-07,False,4.273715242743492,3.9631795287132254,5.134652525186539,-14.115265211650325
Bias6,107,water,Bias,False,29,3,20,0.15,0.000331,False,8.990520477294922,9.720919609069824,10.943678855895996,-8.01339218258721
Bias6,108,has,Bias,False,29,4,20,0.2,0.00234,True,2.8259921073913574,3.780705213546753,3.5970993041992188,-6.057604349612527
Bias6,109,memory,Bias,False,29,5,20,0.25,6.46e-05,False,10.818211555480955,10.7010498046875,10.730751037597656,-9.647296147175718
Bias6,110,so,Bias,False,29,6,20,0.3,0.00331,True,6.3503522872924805,4.714419364929199,5.849609375,-5.710807089593166
Bias6,111,it,Bias,False,29,7,20,0.35,0.00891,True,1.5694035291671753,1.3092514276504517,1.420228362083435,-4.720581037499419
Bias6,112,can,Bias,False,29,8,20,0.4,0.00288,True,1.7730181217193604,1.6973516941070557,1.979954957962036,-5.8499649848342825
Bias6,113,remember,Bias,False,29,9,20,0.45,0.00024,False,3.220300674438477,2.4250731468200684,4.095327854156494,-8.334871634622283
Bias6,114,the,Bias,False,29,10,20,0.5,0.0537,True,1.964232444763184,1.5838723182678225,1.4113203287124634,-2.9243422774673182
Bias6,115,chemical,Bias,False,29,11,20,0.55,3.72e-05,False,4.52390718460083,4.926621437072754,4.903960704803467,-10.199201796685173
Bias6,116,that,Bias,False,29,12,20,0.6,0.0102,True,5.294517993927002,4.264403343200684,4.376974582672119,-4.585367558691911
Bias6,117,was,Bias,False,29,13,20,0.65,0.00661,True,2.3645474910736084,1.644080638885498,1.740496039390564,-5.019171625118542
Bias6,118,originally,Bias,False,29,14,20,0.7,4.9e-05,False,6.242497444152832,4.216004371643066,3.4584102630615234,-9.923690259853647
Bias6,119,present,Bias,False,29,15,20,0.75,0.000151,False,2.4015772342681885,2.28230094909668,2.656247854232788,-8.79823072114935
Bias6,120,and,Bias,False,29,16,20,0.8,0.0257,True,2.4354891777038574,2.108505249023437,2.1407415866851807,-3.661264287080963
Bias6,121,still,Bias,False,29,17,20,0.85,0.000832,False,5.561391353607178,6.4371724128723145,6.0411481857299805,-7.091678117143066
Bias6,122,possesses,Bias,False,29,18,20,0.9,4.07e-06,False,6.61800479888916,7.189624786376953,7.677762031555176,-12.41186755850977
Bias6,123,curative,Bias,False,29,19,20,0.95,4.57e-07,False,11.659427404403688,14.182684242725372,14.44297170639038,-14.598582446052207
Bias6,124,properties,Bias,False,29,20,20,1.0,4.47e-05,False,1.3296276926994324,1.3317115902900696,1.2867003083229065,-10.015537056344751
Bias6,125,.,Bias,True,29,20,20,1.0,0.0,False,,,,
Bias6,126,often,Bias,False,30,0,25,0.0,0.000257,False,15.97808837890625,12.583612442016602,11.666479110717772,-8.266434473069054
Bias6,127,),Bias,True,30,0,25,0.0,0.0,False,28.508559465408325,27.132179141044617,28.207266211509705,
Bias6,128,",",Bias,True,30,0,25,0.0,0.0,False,,,,
Bias6,129,",",Bias,True,30,0,25,0.0,0.0,False,,,,
Bias6,130,",",Bias,True,30,0,25,0.0,0.0,False,,,,
Bias6,131,",",Bias,True,30,0,25,0.0,0.0,False,,,,
Bias7,1,Imagine,Bias,False,30,1,25,0.04,8.32e-05,False,8.898956298828125,7.788302421569824,10.717060089111328,-9.394263210137112
Bias7,2,that,Bias,False,30,2,25,0.08,0.0102,True,2.252670288085937,3.472673892974853,1.65115487575531,-4.585367558691911
Bias7,3,an,Bias,False,30,3,25,0.12,0.00339,True,5.003746032714844,6.522834300994873,4.185964584350586,-5.686925357589778
Bias7,4,experimenter,Bias,False,30,4,25,0.16,3.02e-07,False,9.338250637054443,11.492043018341064,1.6130107194185257,-15.012838819571542
Bias7,5,who,Bias,False,30,5,25,0.2,0.00219,True,3.2579598426818848,3.767422914505005,3.544909715652466,-6.123853735153728
Bias7,6,believes,Bias,False,30,6,25,0.24,2.69e-05,False,5.847427368164063,5.982176780700684,5.239698886871338,-10.52338427135648
Bias7,7,in,Bias,False,30,7,25,0.28,0.0186,True,1.4448258876800537,0.5888270735740662,1.6676650047302246,-3.9845936982629815
Bias7,8,homeopathy,Bias,False,30,8,25,0.32,7.41e-07,False,8.808263540267944,9.695242881774902,2.8158966302871704,-14.115265211650325
Bias7,9,gave,Bias,False,30,9,25,0.36,0.000178,False,6.529013633728027,6.712567329406738,6.244626998901367,-8.633727007672189
Bias7,10,participants,Bias,False,30,10,25,0.4,2.51e-05,False,8.474343299865723,10.018614768981934,8.307075500488281,-10.592642711826535
Bias7,11,this,Bias,False,30,11,25,0.44,0.00661,True,6.506460189819336,5.624881267547607,4.25945520401001,-5.019171625118542
Bias7,12,solution,Bias,False,30,12,25,0.48,6.92e-05,False,6.430065155029297,6.839663982391357,5.44148588180542,-9.57850969534065
Bias7,13,and,Bias,False,30,13,25,0.52,0.0257,True,3.0027804374694824,2.8507094383239746,1.8776758909225464,-3.661264287080963
Bias7,14,asked,Bias,False,30,14,25,0.56,0.0002,False,2.9735355377197266,4.841816425323486,4.335196018218994,-8.517193191416238
Bias7,15,participants,Bias,False,30,15,25,0.6,2.51e-05,False,6.180593490600586,5.313637733459473,6.022960186004639,-10.592642711826535
Bias7,16,to,Bias,False,30,16,25,0.64,0.0269,True,0.2718787491321563,0.5974849462509155,0.3458255231380462,-3.6156289923743437
Bias7,17,record,Bias,False,30,17,25,0.68,0.000162,False,5.79141902923584,6.463944435119629,6.311966419219971,-8.72791422273189
Bias7,18,how,Bias,False,30,18,25,0.72,0.00174,True,3.045423746109009,3.725086212158203,3.632072925567627,-6.3538701657556995
Bias7,19,they,Bias,False,30,19,25,0.76,0.00316,True,1.839253067970276,0.7552869915962219,1.0973317623138428,-5.757183251383316
Bias7,20,felt,Bias,False,30,20,25,0.8,0.000135,False,0.5999628901481628,0.6149623394012451,0.8116874694824219,-8.910235779525845
Bias7,21,every,Bias,False,30,21,25,0.84,0.000617,False,6.981443881988525,6.1552324295043945,6.587801933288574,-7.3906415340588865
Bias7,22,day,Bias,False,30,22,25,0.88,0.000891,False,1.933748483657837,0.6511716842651367,0.8317678570747375,-7.023166130493465
Bias7,23,for,Bias,False,30,23,25,0.92,0.0102,True,2.0127830505371094,2.2155611515045166,2.9451241493225098,-4.585367558691911
Bias7,24,a,Bias,False,30,24,25,0.96,0.0229,True,2.0498862266540527,1.8720861673355105,1.4980759620666504,-3.776618368421943
Bias7,25,week,Bias,False,30,25,25,1.0,0.000363,False,2.127954363822937,1.5851600170135498,2.172903537750244,-7.921107723699423
Bias7,26,.,Bias,True,30,25,25,1.0,0.0,False,,,,
Bias7,27,Would,Bias,False,31,0,12,0.0,0.00186,False,4.381674766540527,5.073480129241943,5.124420642852783,-6.287178791257027
Bias7,28,the,Bias,False,31,1,12,0.0833333333333333,0.0537,True,2.0089452266693115,2.76045298576355,1.2808254957199097,-2.9243422774673182
Bias7,29,experimenter,Bias,False,31,2,12,0.1666666666666666,3.02e-07,False,4.540709435939789,2.4297723174095154,1.35731777921319,-15.012838819571542
Bias7,30,inadvertently,Bias,False,31,3,12,0.25,2.75e-06,False,9.793149948120115,10.391637802124023,9.982178688049316,-12.803909646285794
Bias7,31,communicate,Bias,False,31,4,12,0.3333333333333333,1.58e-05,False,7.89340877532959,8.345800399780273,9.47185516357422,-11.055500617931353
Bias7,32,their,Bias,False,31,5,12,0.4166666666666667,0.00214,True,3.2786455154418945,3.684454679489136,5.2062177658081055,-6.1469494499483766
Bias7,33,beliefs,Bias,False,31,6,12,0.5,1.78e-05,False,3.4577317237854004,5.1757402420043945,3.7655820846557617,-10.936312100666235
Bias7,34,about,Bias,False,31,7,12,0.5833333333333334,0.00251,True,2.0898423194885254,3.040243625640869,2.485793113708496,-5.987472525838444
Bias7,35,the,Bias,False,31,8,12,0.6666666666666666,0.0537,True,2.324165344238281,1.7709554433822632,1.7792725563049316,-2.9243422774673182
Bias7,36,drug,Bias,False,31,9,12,0.75,7.41e-05,False,4.764450550079346,4.283440589904785,3.2375309467315674,-9.510095025662233
Bias7,37,to,Bias,False,31,10,12,0.8333333333333334,0.0269,True,1.88325035572052,2.913226366043091,3.020479679107666,-3.6156289923743437
Bias7,38,the,Bias,False,31,11,12,0.9166666666666666,0.0537,True,1.0511705875396729,1.3166279792785645,0.5786493420600891,-2.9243422774673182
Bias7,39,participants,Bias,False,31,12,12,1.0,2.51e-05,False,1.3448582291603088,0.9163340479135512,1.8101070523262024,-10.592642711826535
Bias7,40,?,Bias,True,31,12,12,1.0,0.0,False,,,,
Bias7,41,Would,Bias,False,32,0,8,0.0,0.00186,False,2.1058006286621094,1.9021064043045044,1.931267261505127,-6.287178791257027
Bias7,42,this,Bias,False,32,1,8,0.125,0.00661,True,3.048574447631836,3.9000439643859854,3.837177276611328,-5.019171625118542
Bias7,43,affect,Bias,False,32,2,8,0.25,3.89e-05,False,5.805169105529785,7.933762550354004,5.918514728546143,-10.154516307339874
Bias7,44,how,Bias,False,32,3,8,0.375,0.00174,True,2.459677219390869,3.4329094886779785,3.4978349208831787,-6.3538701657556995
Bias7,45,they,Bias,False,32,4,8,0.5,0.00316,True,0.8171406388282776,1.178260087966919,0.820642352104187,-5.757183251383316
Bias7,46,rated,Bias,False,32,5,8,0.625,2e-05,False,4.104325294494629,6.17710018157959,6.414520263671875,-10.819778284410283
Bias7,47,their,Bias,False,32,6,8,0.75,0.00214,True,1.8237226009368896,1.787121057510376,1.805954933166504,-6.1469494499483766
Bias7,48,day-to-day,Bias,False,32,7,8,0.875,0.000438,False,8.506226433775737,11.01341741369106,11.18777125654742,-7.733291647587828
Bias7,49,feelings,Bias,False,32,8,8,1.0,5.13e-05,False,6.230711340904236,6.577305376529694,5.709265291690826,-9.877819805787551
Bias7,50,?,Bias,True,32,8,8,1.0,0.0,False,,,,
Bias7,51,Competent,Bias,False,33,0,13,0.0,8.32e-06,False,14.333675980567932,15.809532642364502,15.621671319007874,-11.696848303131157
Bias7,52,researchers,Bias,False,33,1,13,0.0769230769230769,2.45e-05,False,1.887752890586853,2.194112777709961,2.512662649154663,-10.616837440413592
Bias7,53,should,Bias,False,33,2,13,0.1538461538461538,0.000977,True,4.680641174316406,4.641930103302002,5.121423244476318,-6.931023905921491
Bias7,54,be,Bias,False,33,3,13,0.2307692307692307,0.00617,True,1.6232143640518188,1.272417664527893,1.47785747051239,-5.088056441064841
Bias7,55,able,Bias,False,33,4,13,0.3076923076923077,0.000269,False,1.5410836935043335,1.1644630432128906,1.043803095817566,-8.220799178362435
Bias7,56,to,Bias,False,33,5,13,0.3846153846153846,0.0269,True,0.0049487487412989,0.0030550733208656,0.0044645396992564,-3.6156289923743437
Bias7,57,think,Bias,False,33,6,13,0.4615384615384615,0.0012,False,6.263342380523682,6.382253646850586,6.217400550842285,-6.725433722188183
Bias7,58,about,Bias,False,33,7,13,0.5384615384615384,0.00251,True,0.7307294607162476,1.0478062629699707,1.701327204704285,-5.987472525838444
Bias7,59,ways,Bias,False,33,8,13,0.6153846153846154,0.000115,False,6.949100971221924,5.729254245758057,5.3843255043029785,-9.070578429601024
Bias7,60,to,Bias,False,33,9,13,0.6923076923076923,0.0269,True,0.5125623941421509,0.3169962465763092,0.401341438293457,-3.6156289923743437
Bias7,61,get,Bias,False,33,10,13,0.7692307692307693,0.00191,False,4.661127090454102,4.370229721069336,4.476323127746582,-6.260652036923599
Bias7,62,around,Bias,False,33,11,13,0.8461538461538461,0.000589,False,2.4044151306152344,3.9788522720336914,2.749701499938965,-7.437084374312687
Bias7,63,this,Bias,False,33,12,13,0.9230769230769232,0.00661,True,1.017246961593628,0.772857129573822,0.7649973630905151,-5.019171625118542
Bias7,64,bias,Bias,False,33,13,13,1.0,1.51e-05,False,8.144527673721313,6.368793368339539,4.425684809684753,-11.100815814143395
Bias7,65,.,Bias,True,33,13,13,1.0,0.0,False,,,,
Bias7,66,One,Bias,False,34,0,25,0.0,0.00295,False,4.995373249053955,6.076183795928955,3.1358585357666016,-5.825950108630408
Bias7,67,way,Bias,False,34,1,25,0.04,0.00102,False,1.2753653526306152,1.283933162689209,1.3350448608398438,-6.887952651685957
Bias7,68,is,Bias,False,34,2,25,0.08,0.0117,True,1.4073041677474976,1.882574796676636,1.2985650300979614,-4.448166437178426
Bias7,69,to,Bias,False,34,3,25,0.12,0.0269,True,0.215067833662033,0.3559667468070984,0.3102775812149048,-3.6156289923743437
Bias7,70,have,Bias,False,34,4,25,0.16,0.00513,True,3.989417791366577,3.468489408493042,3.638996124267578,-5.272649619799459
Bias7,71,the,Bias,False,34,5,25,0.2,0.0537,True,2.444231510162353,2.571353912353516,2.00864839553833,-2.9243422774673182
Bias7,72,experimenter,Bias,False,34,6,25,0.24,3.02e-07,False,1.5700100362300873,2.571332067251205,1.0558539107441902,-15.012838819571542
Bias7,73,not,Bias,False,34,7,25,0.28,0.0049,True,6.397686004638672,5.327939033508301,4.89129114151001,-5.318520073865556
Bias7,74,know,Bias,False,34,8,25,0.32,0.00126,False,3.2096991539001465,3.81073260307312,3.115253448486328,-6.676643558018751
Bias7,75,the,Bias,False,34,9,25,0.36,0.0537,True,2.0974459648132324,2.094327926635742,1.9680442810058596,-2.9243422774673182
Bias7,76,solution,Bias,False,34,10,25,0.4,6.92e-05,False,6.570533752441406,6.879411697387695,7.672595977783203,-9.57850969534065
Bias7,77,-,Bias,False,34,11,25,0.44,0.0,False,7.355162620544434,5.691572666168213,6.0440192222595215,
Bias7,78,homeopathic,Bias,False,34,12,25,0.48,6.76e-07,False,11.018231391906738,13.175822019577026,12.439823389053345,-14.207072760903447
Bias7,79,medicine,Bias,False,34,13,25,0.52,5.37e-05,False,2.5265908241271973,1.5832046270370483,1.335683822631836,-9.832097556449455
Bias7,80,or,Bias,False,34,14,25,0.56,0.00347,True,4.509032726287842,4.892606735229492,3.3034920692443848,-5.663600685023369
Bias7,81,just,Bias,False,34,15,25,0.6,0.00269,True,5.36467170715332,5.92141580581665,5.84051513671875,-5.9182140853683896
Bias7,83,plain,Bias,False,34,16,25,0.64,2.69e-05,False,2.437887191772461,3.410259246826172,3.875880479812622,-10.52338427135648
Bias7,84,tap,Bias,False,34,17,25,0.68,1.91e-05,False,6.542396068572998,9.243911743164062,7.507441520690918,-10.86582222291169
Bias7,85,water,Bias,False,34,18,25,0.72,0.000331,False,2.507046699523926,2.8927016258239746,2.7584500312805176,-8.01339218258721
Bias7,86,-,Bias,False,34,19,25,0.76,0.0,False,2.764122724533081,3.0107972621917725,2.9675958156585693,
Bias7,87,that,Bias,False,34,20,25,0.8,0.0102,True,4.565022945404053,4.404406547546387,4.137550354003906,-4.585367558691911
Bias7,88,is,Bias,False,34,21,25,0.84,0.0117,True,1.970969080924988,2.121802806854248,1.8405015468597408,-4.448166437178426
Bias7,89,given,Bias,False,34,22,25,0.88,0.000257,False,6.32432746887207,9.307954788208008,7.159121513366699,-8.266434473069054
Bias7,90,to,Bias,False,34,23,25,0.92,0.0269,True,0.7797743082046509,0.5985756516456604,0.956590473651886,-3.6156289923743437
Bias7,91,each,Bias,False,34,24,25,0.96,0.00049,True,4.345864295959473,4.409109592437744,4.116501808166504,-7.621105166859602
Bias7,92,participant,Bias,False,34,25,25,1.0,6.03e-06,False,0.7616974413394928,0.8286711871623993,0.9961217641830444,-12.01876354722518
Bias7,93,.,Bias,True,34,25,25,1.0,0.0,False,,,,
Bias7,94,If,Bias,False,35,0,13,0.0,0.00295,True,3.33438777923584,3.694364070892334,3.160804748535156,-5.825950108630408
Bias7,95,the,Bias,False,35,1,13,0.0769230769230769,0.0537,True,1.4518344402313232,1.0341334342956543,0.6182693839073181,-2.9243422774673182
Bias7,96,experimenter,Bias,False,35,2,13,0.1538461538461538,3.02e-07,False,0.7896846681833267,0.6180717460811138,0.5371454833075404,-15.012838819571542
Bias7,97,is,Bias,False,35,3,13,0.2307692307692307,0.0117,True,2.6752243041992188,2.025579929351806,1.7223539352416992,-4.448166437178426
Bias7,98,blind,Bias,False,35,4,13,0.3076923076923077,3.31e-05,False,5.325267314910889,5.697873115539551,4.0484619140625,-10.315977275581258
Bias7,99,to,Bias,False,35,5,13,0.3846153846153846,0.0269,True,0.8421517014503479,1.3303866386413574,3.6077611446380615,-3.6156289923743437
Bias7,100,the,Bias,False,35,6,13,0.4615384615384615,0.0537,True,0.8229123950004578,0.7633142471313477,0.7540866732597351,-2.9243422774673182
Bias7,101,condition,Bias,False,35,7,13,0.5384615384615384,7.24e-05,False,5.009860038757324,7.653003215789795,3.794154644012451,-9.533304258572603
Bias7,102,then,Bias,False,35,8,13,0.6153846153846154,0.00117,True,5.400323867797852,4.754155158996582,2.640385627746582,-6.750751530172472
Bias7,103,they,Bias,False,35,9,13,0.6923076923076923,0.00316,True,2.2757985591888428,1.8101273775100708,2.918619394302368,-5.757183251383316
Bias7,104,cannot,Bias,False,35,10,13,0.7692307692307693,0.000129,False,3.2270431518554688,3.359111785888672,2.767852783203125,-8.955698153602603
Bias7,105,bias,Bias,False,35,11,13,0.8461538461538461,1.51e-05,False,8.281301498413086,9.64602756500244,10.08468532562256,-11.100815814143395
Bias7,106,the,Bias,False,35,12,13,0.9230769230769232,0.0537,True,0.9313001036643982,1.4207838773727417,1.3420114517211914,-2.9243422774673182
Bias7,107,results,Bias,False,35,13,13,1.0,0.00017,False,2.084206998348236,3.2787837386131287,5.2351157665252686,-8.679712120914012
Bias7,108,.,Bias,True,35,13,13,1.0,0.0,False,,,,
Bias7,109,This,Bias,False,36,0,10,0.0,0.00661,True,2.632387638092041,2.8861868381500244,2.516597032546997,-5.019171625118542
Bias7,110,is,Bias,False,36,1,10,0.1,0.0117,True,1.3397139310836792,0.9564968943595886,0.9755223989486694,-4.448166437178426
Bias7,111,because,Bias,False,36,2,10,0.2,0.00107,True,3.671155214309693,4.894789218902588,3.539664030075073,-6.840096630508322
Bias7,112,they,Bias,False,36,3,10,0.3,0.00316,True,2.391601800918579,2.0673365592956543,2.1213412284851074,-5.757183251383316
Bias7,113,aren't,Bias,False,36,4,10,0.4,0.000112,True,5.525245339260437,5.941027596592903,6.383968780748546,-9.09701168666918
Bias7,116,aware,Bias,False,36,5,10,0.5,6.03e-05,False,2.3399837017059326,2.36319899559021,1.322588324546814,-9.716178454231134
Bias7,117,of,Bias,False,36,6,10,0.6,0.0251,True,0.430014431476593,0.7417558431625366,0.447211354970932,-3.684887432844399
Bias7,118,each,Bias,False,36,7,10,0.7,0.00049,True,6.9739274978637695,7.812528610229492,7.707235336303711,-7.621105166859602
Bias7,119,participant's,Bias,False,36,8,10,0.8,1.45e-07,False,0.3089119791984558,3.101317122578621,1.5764668881893158,-15.746532094525836
Bias7,122,group,Bias,False,36,9,10,0.9,0.000372,False,9.12106704711914,9.733636856079102,5.544151782989502,-7.8966167036911274
Bias7,123,membership,Bias,False,36,10,10,1.0,2.95e-05,False,3.968147397041321,8.118386387825012,1.747853457927704,-10.4311202946185
Bias7,124,.,Bias,True,36,10,10,1.0,0.0,False,,,,
Bias8,1,Recent,Bias,False,37,0,16,0.0,0.00011,False,8.87728500366211,9.024979591369627,11.12961483001709,-9.115030192171858
Bias8,2,experiments,Bias,False,37,1,16,0.0625,1.58e-05,False,7.142336368560791,10.56928253173828,3.170775413513184,-11.055500617931353
Bias8,3,have,Bias,False,37,2,16,0.125,0.00513,True,1.1030607223510742,2.306414604187012,0.7364333271980286,-5.272649619799459
Bias8,4,shown,Bias,False,37,3,16,0.1875,7.94e-05,False,0.6233086585998535,0.7490395903587341,0.3410376310348511,-9.441012189711184
Bias8,5,that,Bias,False,37,4,16,0.25,0.0102,True,0.1479899138212204,0.3309052586555481,0.1140641123056411,-4.585367558691911
Bias8,6,an,Bias,False,37,5,16,0.3125,0.00339,True,5.055872917175293,4.942091941833496,5.065388202667236,-5.686925357589778
Bias8,7,investigator's,Bias,False,37,6,16,0.375,1e-07,False,10.843663096427916,13.01318645477295,6.84481692314148,-16.11809565095832
Bias8,10,expectations,Bias,False,37,7,16,0.4375,2.75e-05,False,6.12183952331543,6.933349609375,4.212329387664795,-10.501324553291749
Bias8,11,can,Bias,False,37,8,16,0.5,0.00288,True,3.3541994094848637,3.796560287475586,3.2054903507232666,-5.8499649848342825
Bias8,12,indeed,Bias,False,37,9,16,0.5625,6.17e-05,False,7.819029331207275,7.798525810241699,7.94471549987793,-9.693226627052931
Bias8,13,come,Bias,False,37,10,16,0.625,0.000603,False,5.555901527404785,4.340213775634766,6.209298610687256,-7.413593361237089
Bias8,14,to,Bias,False,37,11,16,0.6875,0.0269,True,1.899821758270264,0.9635579586029052,1.4542896747589111,-3.6156289923743437
Bias8,15,serve,Bias,False,37,12,16,0.75,7.08e-05,False,7.360978126525879,9.284445762634276,8.297768592834473,-9.5556515572646
Bias8,16,as,Bias,False,37,13,16,0.8125,0.00589,True,0.3780001103878021,1.0477362871170044,0.9296002984046936,-5.134499281318642
Bias8,17,a,Bias,False,37,14,16,0.875,0.0229,True,0.6997778415679932,0.6972848176956177,0.4366452693939209,-3.776618368421943
Bias8,18,self-fulfilling,Bias,False,37,15,16,0.9375,4.98e-06,False,8.00567080064502,10.296075691934677,5.6776378261856735,-12.210080666927713
Bias8,19,prophecy,Bias,False,37,16,16,1.0,5.13e-06,False,0.5954303853213787,0.5357186943292618,0.57331258431077,-12.180404898781596
Bias8,20,.,Bias,True,37,16,16,1.0,0.0,False,,,,
Bias8,21,In,Bias,False,38,0,19,0.0,0.0186,True,2.1712238788604736,3.095953941345215,2.209254264831543,-3.9845936982629815
Bias8,22,one,Bias,False,38,1,19,0.0526315789473684,0.00295,False,2.4655532836914062,3.928049802780152,3.119536876678467,-5.825950108630408
Bias8,23,study,Bias,False,38,2,19,0.1052631578947368,0.000182,False,1.6068379878997805,1.9677904844284055,2.193920135498047,-8.611503870887478
Bias8,24,a,Bias,False,38,3,19,0.1578947368421052,0.0229,True,5.472257137298584,4.679905414581299,2.423189640045166,-3.776618368421943
Bias8,25,dozen,Bias,False,38,4,19,0.2105263157894736,2.24e-05,False,7.624399185180664,8.996146202087402,10.11725616455078,-10.70644959910328
Bias8,26,experimenters,Bias,False,38,5,19,0.2631578947368421,2.24e-07,False,5.804670438170433,7.357852339744568,5.953990124166012,-15.311619785091372
Bias8,27,were,Bias,False,38,6,19,0.3157894736842105,0.00219,True,1.5277626514434814,1.0362952947616575,0.7719917297363281,-6.123853735153728
Bias8,28,each,Bias,False,38,7,19,0.3684210526315789,0.00049,True,9.325443267822266,7.926112651824951,7.395589351654053,-7.621105166859602
Bias8,29,given,Bias,False,38,8,19,0.4210526315789473,0.000257,False,0.752262532711029,0.5626891255378723,0.6953486800193787,-8.266434473069054
Bias8,30,five,Bias,False,38,9,19,0.4736842105263157,0.000282,False,4.207275867462158,4.743324279785156,5.636582374572754,-8.17360348702616
Bias8,31,rats,Bias,False,38,10,19,0.5263157894736842,1.12e-05,False,6.686896324157715,7.780548095703125,8.831310272216797,-11.399596779663225
Bias8,32,that,Bias,False,38,11,19,0.5789473684210527,0.0102,True,2.697119235992432,2.51715087890625,2.781057834625244,-4.585367558691911
Bias8,33,were,Bias,False,38,12,19,0.631578947368421,0.00219,True,1.2835991382598877,0.986921727657318,0.839177131652832,-6.123853735153728
Bias8,34,to,Bias,False,38,13,19,0.6842105263157895,0.0269,True,3.1530556678771973,3.565556526184082,4.602467060089111,-3.6156289923743437
Bias8,35,be,Bias,False,38,14,19,0.7368421052631579,0.00617,True,0.9289400577545166,1.1386690139770508,0.933920443058014,-5.088056441064841
Bias8,36,taught,Bias,False,38,15,19,0.7894736842105263,4.79e-05,False,5.844180583953857,7.137156486511231,6.753552913665772,-9.946395053547404
Bias8,37,to,Bias,False,38,16,19,0.8421052631578947,0.0269,True,1.4525851011276243,1.749424695968628,1.747317671775818,-3.6156289923743437
Bias8,38,run,Bias,False,38,17,19,0.8947368421052632,0.000309,False,4.295664310455322,5.8446807861328125,6.564067840576172,-8.082169281066529
Bias8,39,a,Bias,False,38,18,19,0.9473684210526316,0.0229,True,1.661757230758667,1.6307740211486816,1.8497339487075808,-3.776618368421943
Bias8,40,maze,Bias,False,38,19,19,1.0,4.47e-06,False,3.5302886962890625,6.183465003967285,6.394254446029663,-12.318122149338796
Bias8,41,.,Bias,True,38,19,19,1.0,0.0,False,,,,
Bias8,42,Half,Bias,False,39,0,29,0.0,0.000257,False,4.863943099975586,5.799283027648926,6.305730819702148,-8.266434473069054
Bias8,43,of,Bias,False,39,1,29,0.0344827586206896,0.0251,True,0.4670568406581878,0.5318378806114197,0.5496286749839783,-3.684887432844399
Bias8,44,the,Bias,False,39,2,29,0.0689655172413793,0.0537,True,0.2978042364120483,0.2858181893825531,0.2591347694396972,-2.9243422774673182
Bias8,45,experimenters,Bias,False,39,3,29,0.1034482758620689,2.24e-07,False,2.312799360603094,2.7186218425631523,3.683113593608141,-15.311619785091372
Bias8,46,were,Bias,False,39,4,29,0.1379310344827586,0.00219,True,1.0868337154388428,0.6859689354896545,0.6010531783103943,-6.123853735153728
Bias8,47,told,Bias,False,39,5,29,0.1724137931034483,0.000347,False,1.9093817472457888,3.6095709800720215,3.2666420936584477,-7.966185778017415
Bias8,48,their,Bias,False,39,6,29,0.2068965517241379,0.00214,True,4.710896968841553,5.35371732711792,5.810976028442383,-6.1469494499483766
Bias8,49,rats,Bias,False,39,7,29,0.2413793103448276,1.12e-05,False,3.123617887496948,1.9819942712783811,0.94625586271286,-11.399596779663225
Bias8,50,had,Bias,False,39,8,29,0.2758620689655172,0.00214,True,2.572905302047729,2.687542676925659,2.459061622619629,-6.1469494499483766
Bias8,51,been,Bias,False,39,9,29,0.3103448275862069,0.00186,True,2.0594701766967773,2.5796170234680176,2.1913509368896484,-6.287178791257027
Bias8,52,specifically,Bias,False,39,10,29,0.3448275862068966,4.47e-05,False,8.070120811462402,9.334994316101074,9.712108612060549,-10.015537056344751
Bias8,53,bred,Bias,False,39,11,29,0.3793103448275862,6.17e-06,False,3.3287220001220703,4.593324184417725,4.8447699546813965,-11.995811720046978
Bias8,54,for,Bias,False,39,12,29,0.4137931034482758,0.0102,True,1.4266328811645508,1.6506611108779907,1.597516655921936,-4.585367558691911
Bias8,55,high,Bias,False,39,13,29,0.4482758620689655,0.000562,False,5.78817081451416,7.683854103088379,8.31607437133789,-7.484008708070583
Bias8,56,maze-solving,Bias,False,39,14,29,0.4827586206896552,3.07e-06,False,14.471107006072998,14.77721917629242,15.10874319076538,-12.693832996365169
Bias8,57,ability,Bias,False,39,15,29,0.5172413793103449,9.12e-05,False,2.1117727756500244,4.387143611907959,3.70016098022461,-9.302455660883988
Bias8,58,the,Bias,False,39,16,29,0.5517241379310345,0.0537,True,8.314430236816406,9.003146171569824,7.811792373657227,-2.9243422774673182
Bias8,59,remaining,Bias,False,39,17,29,0.5862068965517241,4.27e-05,False,9.621408462524414,5.847817420959473,5.989365577697754,-10.061311637729695
Bias8,60,experimenters,Bias,False,39,18,29,0.6206896551724138,2.24e-07,False,6.457240276038647,9.951482655480504,9.739736184477806,-15.311619785091372
Bias8,61,were,Bias,False,39,19,29,0.6551724137931034,0.00219,True,0.5205896496772766,0.2157726883888244,0.1080804839730262,-6.123853735153728
Bias8,62,told,Bias,False,39,20,29,0.6896551724137931,0.000347,False,0.5739707350730896,0.9752833247184752,0.6919733881950378,-7.966185778017415
Bias8,63,their,Bias,False,39,21,29,0.7241379310344828,0.00214,True,1.6211894750595093,3.274937629699707,3.345924139022827,-6.1469494499483766
Bias8,64,rats,Bias,False,39,22,29,0.7586206896551724,1.12e-05,False,0.2172399908304214,0.1328336894512176,0.0535340495407581,-11.399596779663225
Bias8,65,had,Bias,False,39,23,29,0.7931034482758621,0.00214,True,1.0471808910369873,0.5213348269462585,0.598614513874054,-6.1469494499483766
Bias8,66,been,Bias,False,39,24,29,0.8275862068965517,0.00186,True,0.639298677444458,0.3540403544902801,0.5582523941993713,-6.287178791257027
Bias8,67,bred,Bias,False,39,25,29,0.8620689655172413,6.17e-06,False,1.5877662897109983,1.2909489870071411,1.05994713306427,-11.995811720046978
Bias8,68,for,Bias,False,39,26,29,0.896551724137931,0.0102,True,0.3284037709236145,0.4685665965080261,0.4163654148578644,-4.585367558691911
Bias8,69,poor,Bias,False,39,27,29,0.9310344827586208,0.000123,False,5.183573246002197,5.429522514343262,5.334842205047607,-9.003326202591856
Bias8,70,maze,Bias,False,39,28,29,0.9655172413793104,4.47e-06,False,1.2702102661132812,0.2266528159379959,0.2499233186244964,-12.318122149338796
Bias8,71,ability,Bias,False,39,29,29,1.0,9.12e-05,False,7.027740359306336,7.842180371284485,6.505746304988861,-9.302455660883988
Bias8,72,.,Bias,True,39,29,29,1.0,0.0,False,,,,
Bias8,73,There,Bias,False,40,0,16,0.0,0.00204,True,5.841079711914063,5.300366401672363,4.654881477355957,-6.194805471126012
Bias8,74,were,Bias,False,40,1,16,0.0625,0.00219,True,1.130202054977417,1.039333701133728,1.3448243141174316,-6.123853735153728
Bias8,75,of,Bias,False,40,2,16,0.125,0.0251,True,8.21387004852295,7.858799934387207,7.457160472869873,-3.684887432844399
Bias8,76,course,Bias,False,40,3,16,0.1875,0.000275,False,0.0139779653400182,0.0158246867358684,0.013526689261198,-8.198739460297702
Bias8,77,no,Bias,False,40,4,16,0.25,0.00224,True,1.718280792236328,3.091418027877808,3.17160439491272,-6.101279413115189
Bias8,78,actual,Bias,False,40,5,16,0.3125,7.08e-05,False,5.043509006500244,4.684114456176758,4.922303199768066,-9.5556515572646
Bias8,79,differences,Bias,False,40,6,16,0.375,3.31e-05,False,4.186903953552246,5.512165546417236,5.632725715637207,-10.315977275581258
Bias8,80,between,Bias,False,40,7,16,0.4375,0.000589,True,1.0431513786315918,0.6699990034103394,0.8115374445915222,-7.437084374312687
Bias8,81,the,Bias,False,40,8,16,0.5,0.0537,True,0.3296030759811401,0.3597987294197082,0.3576323986053467,-2.9243422774673182
Bias8,82,rats,Bias,False,40,9,16,0.5625,1.12e-05,False,2.8116860389709477,2.017064094543457,1.1268094778060913,-11.399596779663225
Bias8,83,assigned,Bias,False,40,10,16,0.625,2.45e-05,False,5.356457710266113,5.549701690673828,6.007067680358887,-10.616837440413592
Bias8,84,to,Bias,False,40,11,16,0.6875,0.0269,True,0.2070355117321014,0.1932209879159927,0.19532310962677,-3.6156289923743437
Bias8,85,each,Bias,False,40,12,16,0.75,0.00049,True,3.5345516204833984,1.5644800662994385,1.7463438510894775,-7.621105166859602
Bias8,86,of,Bias,False,40,13,16,0.8125,0.0251,True,1.9291646480560305,3.529773712158203,4.49651575088501,-3.684887432844399
Bias8,87,the,Bias,False,40,14,16,0.875,0.0537,True,0.4378138780593872,0.0897216871380806,0.1204173192381858,-2.9243422774673182
Bias8,88,two,Bias,False,40,15,16,0.9375,0.00126,False,3.3966102600097656,5.708924770355225,5.225288391113281,-6.676643558018751
Bias8,89,groups,Bias,False,40,16,16,1.0,0.000132,False,2.594725728034973,2.5825677514076237,2.0121055841445923,-8.932708635377903
Bias8,90,.,Bias,True,40,16,16,1.0,0.0,False,,,,
Bias8,91,The,Bias,False,41,0,3,0.0,0.0537,True,1.8496525287628172,2.149691104888916,1.7407783269882202,-2.9243422774673182
Bias8,92,results,Bias,False,41,1,3,0.3333333333333333,0.00017,False,3.152845859527588,3.2129526138305664,4.363442897796631,-8.679712120914012
Bias8,93,were,Bias,False,41,2,3,0.6666666666666666,0.00219,True,1.4837710857391355,1.482033610343933,1.3462660312652588,-6.123853735153728
Bias8,94,clear,Bias,False,41,3,3,1.0,0.000178,False,6.511234045028687,5.490687131881714,5.604538202285767,-8.633727007672189
Bias8,95,.,Bias,True,41,3,3,1.0,0.0,False,,,,
Bias8,96,Rats,Bias,False,42,0,22,0.0,1.12e-05,False,3.931715250015259,4.830771446228027,4.646206378936768,-11.399596779663225
Bias8,97,that,Bias,False,42,1,22,0.0454545454545454,0.0102,True,1.979092359542847,1.9751691818237305,2.0440523624420166,-4.585367558691911
Bias8,98,had,Bias,False,42,2,22,0.0909090909090909,0.00214,True,1.539402723312378,1.9606292247772217,1.9379174709320068,-6.1469494499483766
Bias8,99,been,Bias,False,42,3,22,0.1363636363636363,0.00186,True,0.4420643448829651,0.8021441102027893,0.616767168045044,-6.287178791257027
Bias8,100,run,Bias,False,42,4,22,0.1818181818181818,0.000309,False,8.540936470031738,7.634610652923584,7.989236831665039,-8.082169281066529
Bias8,101,by,Bias,False,42,5,22,0.2272727272727272,0.00457,True,3.8626585006713863,2.560304641723633,3.242706775665283,-5.3882420740760235
Bias8,102,experimenters,Bias,False,42,6,22,0.2727272727272727,2.24e-07,False,3.4286476373672485,4.949697585776448,4.155662417411804,-15.311619785091372
Bias8,103,expecting,Bias,False,42,7,22,0.3181818181818182,2.63e-05,False,6.819591522216797,10.473891258239746,11.086666107177734,-10.545941618780555
Bias8,104,better,Bias,False,42,8,22,0.3636363636363636,0.000575,False,3.882014274597168,3.579488754272461,3.7789111137390137,-7.461140517166924
Bias8,105,performance,Bias,False,42,9,22,0.4090909090909091,0.000145,False,1.352405071258545,4.9540629386901855,4.261721611022949,-8.8387768155437
Bias8,106,showed,Bias,False,42,10,22,0.4545454545454545,7.24e-05,False,4.334146499633789,4.047048091888428,4.062379837036133,-9.533304258572603
Bias8,107,significantly,Bias,False,42,11,22,0.5,3.47e-05,False,2.158158302307129,3.172607421875,3.3582892417907715,-10.26877087101146
Bias8,108,superior,Bias,False,42,12,22,0.5454545454545454,2.88e-05,False,5.546252250671387,5.369280815124512,5.567909240722656,-10.455135170822373
Bias8,109,learning,Bias,False,42,13,22,0.5909090909090909,8.32e-05,False,4.203334331512451,4.514657974243164,4.706083297729492,-9.394263210137112
Bias8,110,compared,Bias,False,42,14,22,0.6363636363636364,8.32e-05,False,4.191411018371582,5.498873710632324,5.553898334503174,-9.394263210137112
Bias8,111,to,Bias,False,42,15,22,0.6818181818181818,0.0269,True,0.313926100730896,0.0896670892834663,0.1194052994251251,-3.6156289923743437
Bias8,112,rats,Bias,False,42,16,22,0.7272727272727273,1.12e-05,False,1.398447036743164,0.3462177217006683,0.2137882560491562,-11.399596779663225
Bias8,113,run,Bias,False,42,17,22,0.7727272727272727,0.000309,False,7.422914505004883,8.526232719421387,9.152602195739746,-8.082169281066529
Bias8,114,by,Bias,False,42,18,22,0.8181818181818182,0.00457,True,0.0768914297223091,0.0549715608358383,0.0565134771168231,-5.3882420740760235
Bias8,115,experimenters,Bias,False,42,19,22,0.8636363636363636,2.24e-07,False,0.8886478443164378,1.1523590048309416,1.0416460672859102,-15.311619785091372
Bias8,116,expecting,Bias,False,42,20,22,0.9090909090909092,2.63e-05,False,0.5428851246833801,0.6498974561691284,0.6012440323829651,-10.545941618780555
Bias8,117,poor,Bias,False,42,21,22,0.9545454545454546,0.000123,False,3.1145973205566406,3.218322992324829,3.93310022354126,-9.003326202591856
Bias8,118,performance,Bias,False,42,22,22,1.0,0.000145,False,0.4406856149435043,2.6851416379213333,2.3872213661670685,-8.8387768155437
Bias8,119,.,Bias,True,42,22,22,1.0,0.0,False,,,,
Bias9,1,Another,Bias,False,43,0,16,0.0,0.00055,False,7.253773212432861,8.040762901306152,4.599565029144287,-7.505592279737757
Bias9,2,way,Bias,False,43,1,16,0.0625,0.00102,False,4.560153961181641,3.645345449447632,3.480899810791016,-6.887952651685957
Bias9,3,to,Bias,False,43,2,16,0.125,0.0269,True,0.4806122183799743,0.4281577467918396,0.813715934753418,-3.6156289923743437
Bias9,4,control,Bias,False,43,3,16,0.1875,0.000251,False,6.8715105056762695,6.834455966949463,5.419215679168701,-8.29005761883249
Bias9,5,for,Bias,False,43,4,16,0.25,0.0102,True,6.71573543548584,7.143752574920654,1.0111256837844849,-4.585367558691911
Bias9,6,an,Bias,False,43,5,16,0.3125,0.00339,True,5.065101623535156,5.223169326782227,5.315791130065918,-5.686925357589778
Bias9,7,expectancy,Bias,False,43,6,16,0.375,3.09e-06,False,11.232068061828612,13.55093765258789,10.97332000732422,-12.68733946705462
Bias9,8,effect,Bias,False,43,7,16,0.4375,0.000105,False,3.136691808700561,5.56403923034668,0.0436321049928665,-9.161550207806751
Bias9,9,is,Bias,False,43,8,16,0.5,0.0117,True,0.5794738531112671,0.8239057064056396,0.1857944875955581,-4.448166437178426
Bias9,10,using,Bias,False,43,9,16,0.5625,0.000295,False,4.451916217803955,4.741926670074463,6.22622013092041,-8.128535201624453
Bias9,11,an,Bias,False,43,10,16,0.625,0.00339,True,2.916098594665528,2.8899154663085938,3.365129232406616,-5.686925357589778
Bias9,12,expectancy,Bias,False,43,11,16,0.6875,3.09e-06,False,3.93861722946167,5.137691020965576,6.522792816162109,-12.68733946705462
Bias9,13,control,Bias,False,43,12,16,0.75,0.000251,False,4.224593639373779,5.930023193359375,6.193721771240234,-8.29005761883249
Bias9,14,design,Bias,False,43,13,16,0.8125,0.000148,False,5.722470283508301,9.290419578552246,7.270811557769775,-8.818298284200159
Bias9,15,with,Bias,False,43,14,16,0.875,0.00708,True,3.604452133178711,4.2918381690979,4.947171211242676,-4.950481371276509
Bias9,16,four,Bias,False,43,15,16,0.9375,0.000339,False,6.274435997009277,8.440472602844238,6.27330207824707,-7.989510450583824
Bias9,17,groups,Bias,False,43,16,16,1.0,0.000132,False,6.768409729003906,7.714343428611755,4.170392394065857,-8.932708635377903
Bias9,18,.,Bias,True,43,16,16,1.0,0.0,False,,,,
Bias9,19,For,Bias,False,44,0,12,0.0,0.0102,True,3.0740208625793457,3.6466643810272217,3.775589942932129,-4.585367558691911
Bias9,20,example,Bias,False,44,1,12,0.0833333333333333,0.000186,False,0.9000406265258789,0.4115411341190338,0.4363808631896972,-8.589763884251074
Bias9,21,consider,Bias,False,44,2,12,0.1666666666666666,9.77e-05,False,9.600830078125,8.760537147521973,9.149542808532717,-9.233608998915537
Bias9,22,the,Bias,False,44,3,12,0.25,0.0537,True,1.2009296417236328,1.437048316001892,1.302960991859436,-2.9243422774673182
Bias9,23,following,Bias,False,44,4,12,0.3333333333333333,0.000288,False,1.534574031829834,1.6455532312393188,1.6367689371109009,-8.152550077828328
Bias9,24,experiment,Bias,False,44,5,12,0.4166666666666667,2.4e-05,False,4.983918190002441,7.803101062774658,1.4492321014404297,-10.637456727616328
Bias9,25,where,Bias,False,44,6,12,0.5,0.001,True,3.789329290390015,2.910974740982056,3.150937557220459,-6.907755278982137
Bias9,26,rats,Bias,False,44,7,12,0.5833333333333334,1.12e-05,False,6.717277050018311,8.157487869262695,2.493669986724853,-11.399596779663225
Bias9,27,had,Bias,False,44,8,12,0.6666666666666666,0.00214,True,5.032989025115967,4.699823379516602,3.7131552696228023,-6.1469494499483766
Bias9,28,to,Bias,False,44,9,12,0.75,0.0269,True,2.105020046234131,1.4595240354537964,2.488382577896118,-3.6156289923743437
Bias9,29,navigate,Bias,False,44,10,12,0.8333333333333334,4.79e-06,False,7.094661235809326,7.319787979125977,8.523836135864258,-12.24898014654145
Bias9,30,a,Bias,False,44,11,12,0.9166666666666666,0.0229,True,1.5078295469284058,2.09122896194458,1.2104456424713137,-3.776618368421943
Bias9,31,maze,Bias,False,44,12,12,1.0,4.47e-06,False,2.885588139295578,3.928116500377655,3.015381069853902,-12.318122149338796
Bias9,32,.,Bias,True,44,12,12,1.0,0.0,False,,,,
Bias9,33,About,Bias,False,45,0,13,0.0,0.00251,True,8.834253311157227,9.12222385406494,7.550875663757324,-5.987472525838444
Bias9,34,half,Bias,False,45,1,13,0.0769230769230769,0.000257,False,2.220609188079834,2.511622905731201,1.6456819772720337,-8.266434473069054
Bias9,35,the,Bias,False,45,2,13,0.1538461538461538,0.0537,True,2.1172235012054443,1.5037400722503662,1.6333006620407104,-2.9243422774673182
Bias9,36,rats,Bias,False,45,3,13,0.2307692307692307,1.12e-05,False,0.7583977580070496,0.7224754095077515,0.3635696172714233,-11.399596779663225
Bias9,37,had,Bias,False,45,4,13,0.3076923076923077,0.00214,True,2.224867820739746,2.259486198425293,2.4410324096679688,-6.1469494499483766
Bias9,38,been,Bias,False,45,5,13,0.3846153846153846,0.00186,True,3.3195581436157227,3.6195905208587646,1.5425267219543457,-6.287178791257027
Bias9,39,lesioned,Bias,False,45,6,13,0.4615384615384615,1.55e-08,False,12.403055807575583,14.956779599189758,16.121621549129486,-17.98242581302121
Bias9,40,by,Bias,False,45,7,13,0.5384615384615384,0.00457,True,3.156625270843506,2.205334186553955,1.9617321491241453,-5.3882420740760235
Bias9,41,removal,Bias,False,45,8,13,0.6153846153846154,2.24e-05,False,8.98917007446289,10.944186210632324,10.782535552978516,-10.70644959910328
Bias9,42,of,Bias,False,45,9,13,0.6923076923076923,0.0251,True,0.0645596981048584,0.4082198143005371,0.3795147240161896,-3.684887432844399
Bias9,43,portions,Bias,False,45,10,13,0.7692307692307693,9.55e-06,False,8.580078125,9.935911178588867,9.611062049865724,-11.558969403471636
Bias9,44,of,Bias,False,45,11,13,0.8461538461538461,0.0251,True,0.0359901636838912,0.0924609452486038,0.0518167428672313,-3.684887432844399
Bias9,45,the,Bias,False,45,12,13,0.9230769230769232,0.0537,True,0.6909920573234558,0.7530611157417297,0.6650872826576233,-2.9243422774673182
Bias9,46,brain,Bias,False,45,13,13,1.0,8.71e-05,False,6.239250183105469,6.7738847732543945,5.933068513870239,-9.348453674105818
Bias9,47,.,Bias,True,45,13,13,1.0,0.0,False,,,,
Bias9,48,The,Bias,False,46,0,19,0.0,0.0537,True,1.1220424175262451,1.5544089078903198,1.389959692955017,-2.9243422774673182
Bias9,49,remaining,Bias,False,46,1,19,0.0526315789473684,4.27e-05,False,1.7092289924621582,1.0804296731948853,1.6933047771453855,-10.061311637729695
Bias9,50,rats,Bias,False,46,2,19,0.1052631578947368,1.12e-05,False,3.3994295597076416,2.241870403289795,2.533708333969116,-11.399596779663225
Bias9,51,had,Bias,False,46,3,19,0.1578947368421052,0.00214,True,1.507612705230713,1.125377893447876,0.912786304950714,-6.1469494499483766
Bias9,52,received,Bias,False,46,4,19,0.2105263157894736,0.000145,False,4.043398857116699,5.818182945251465,5.314930438995361,-8.8387768155437
Bias9,53,only,Bias,False,46,5,19,0.2631578947368421,0.00132,True,4.6237969398498535,4.012721061706543,3.23189115524292,-6.630123542383857
Bias9,54,sham,Bias,False,46,6,19,0.3157894736842105,2.82e-06,False,8.763063430786133,10.188488960266112,9.00345516204834,-12.778773673014252
Bias9,55,surgery,Bias,False,46,7,19,0.3684210526315789,4.27e-05,False,4.788676261901856,6.9535322189331055,6.511176586151123,-10.061311637729695
Bias9,56,which,Bias,False,46,8,19,0.4210526315789473,0.002,True,4.525518894195557,4.268852710723877,3.9123029708862314,-6.214608098422191
Bias9,57,involved,Bias,False,46,9,19,0.4736842105263157,0.000126,False,3.989569902420044,5.4960784912109375,4.9738945960998535,-8.979228651012797
Bias9,58,cutting,Bias,False,46,10,19,0.5263157894736842,4.07e-05,False,5.541903972625732,5.117074489593506,4.898825645446777,-10.109282465515724
Bias9,59,through,Bias,False,46,11,19,0.5789473684210527,0.000741,True,4.86407995223999,4.628118991851807,4.600569725036621,-7.207509932668187
Bias9,60,the,Bias,False,46,12,19,0.631578947368421,0.0537,True,0.613908588886261,0.7538304924964905,0.6326263546943665,-2.9243422774673182
Bias9,61,skull,Bias,False,46,13,19,0.6842105263157895,1.23e-05,False,4.305739402770996,3.675276279449463,4.141541481018066,-11.305911295585902
Bias9,62,but,Bias,False,46,14,19,0.7368421052631579,0.00427,True,5.3878984451293945,6.13624382019043,6.178151607513428,-5.456141451741604
Bias9,63,no,Bias,False,46,15,19,0.7894736842105263,0.00224,True,2.914015531539917,3.7950263023376474,3.9232077598571777,-6.101279413115189
Bias9,64,damage,Bias,False,46,16,19,0.8421052631578947,7.94e-05,False,6.051416397094727,4.986346244812012,5.8581953048706055,-9.441012189711184
Bias9,65,to,Bias,False,46,17,19,0.8947368421052632,0.0269,True,0.6066284775733948,0.7489022612571716,0.5275613069534302,-3.6156289923743437
Bias9,66,brain,Bias,False,46,18,19,0.9473684210526316,8.71e-05,False,4.385366916656494,4.9810471534729,5.272777080535889,-9.348453674105818
Bias9,67,tissue,Bias,False,46,19,19,1.0,2.09e-05,False,0.9223749339580536,1.8028331845998764,1.4268125742673874,-10.77576139899351
Bias9,68,.,Bias,True,46,19,19,1.0,0.0,False,,,,
Bias9,69,Each,Bias,False,47,0,12,0.0,0.00049,True,4.213432312011719,4.214564800262451,4.313766002655029,-7.621105166859602
Bias9,70,rat,Bias,False,47,1,12,0.0833333333333333,1.48e-05,False,2.0807089805603027,1.0043115615844729,1.489378809928894,-11.120883377194204
Bias9,71,was,Bias,False,47,2,12,0.1666666666666666,0.00661,True,1.2727330923080444,1.4204667806625366,1.135541558265686,-5.019171625118542
Bias9,72,labelled,Bias,False,47,3,12,0.25,4.17e-06,False,9.399375915527344,9.164956092834473,9.832193374633787,-12.387594522153565
Bias9,73,as,Bias,False,47,4,12,0.3333333333333333,0.00589,True,2.2322440147399902,1.8665361404418943,1.4577860832214355,-5.134499281318642
Bias9,74,lesioned,Bias,False,47,5,12,0.4166666666666667,1.55e-08,False,6.631391438189894,6.219533778727055,8.914887683466077,-17.98242581302121
Bias9,75,or,Bias,False,47,6,12,0.5,0.00347,True,3.6746225357055664,4.747882843017578,4.605123519897461,-5.663600685023369
Bias9,76,unlesioned,Bias,False,47,7,12,0.5833333333333334,0.0,False,10.283522579818964,8.891420379281044,9.147074811160564,
Bias9,77,some,Bias,False,47,8,12,0.6666666666666666,0.00158,True,10.219125747680664,10.058584213256836,10.281699180603027,-6.450330431943262
Bias9,78,correctly,Bias,False,47,9,12,0.75,1.62e-05,False,13.008904457092283,12.24553680419922,11.514007568359377,-11.030499315725935
Bias9,79,and,Bias,False,47,10,12,0.8333333333333334,0.0257,True,1.7751492261886597,1.9428958892822263,1.265156626701355,-3.661264287080963
Bias9,80,some,Bias,False,47,11,12,0.9166666666666666,0.00158,True,2.5403892993927,4.221835136413574,4.887021064758301,-6.450330431943262
Bias9,81,incorrectly,Bias,False,47,12,12,1.0,3.72e-06,False,3.037159919738769,1.0716499984264374,1.4442152380943298,-12.501786889679218
Bias9,82,.,Bias,True,47,12,12,1.0,0.0,False,,,,
Bias9,83,The,Bias,False,48,0,29,0.0,0.0537,True,1.2707741260528564,1.42390775680542,1.3961981534957886,-2.9243422774673182
Bias9,84,study,Bias,False,48,1,29,0.0344827586206896,0.000182,False,5.867015838623047,4.822078227996826,4.015826225280762,-8.611503870887478
Bias9,85,found,Bias,False,48,2,29,0.0689655172413793,0.000479,False,4.1461920738220215,2.6155245304107666,2.490361213684082,-7.643809960553359
Bias9,86,that,Bias,False,48,3,29,0.1034482758620689,0.0102,True,0.2441539764404297,0.2833077907562256,0.2802684307098388,-4.585367558691911
Bias9,87,lesioned,Bias,False,48,4,29,0.1379310344827586,1.55e-08,False,5.239301145076752,4.574634179472923,7.514255583286285,-17.98242581302121
Bias9,88,rats,Bias,False,48,5,29,0.1724137931034483,1.12e-05,False,0.0974284708499908,0.2365671843290329,0.1008553728461265,-11.399596779663225
Bias9,89,really,Bias,False,48,6,29,0.2068965517241379,0.000933,False,7.94171142578125,9.318899154663086,8.956825256347656,-6.977105357116931
Bias9,90,did,Bias,False,48,7,29,0.2413793103448276,0.000912,True,1.6585630178451538,1.3081995248794556,1.2962173223495483,-6.999870567889943
Bias9,91,perform,Bias,False,48,8,29,0.2758620689655172,4.57e-05,False,4.783443450927734,5.066892623901367,4.003065586090088,-9.993412260064115
Bias9,92,worse,Bias,False,48,9,29,0.3103448275862069,7.76e-05,False,2.646849632263184,2.917923927307129,3.1915104389190674,-9.463943130775101
Bias9,93,but,Bias,False,48,10,29,0.3448275862068966,0.00427,True,5.997279644012451,5.593688011169434,5.760231018066406,-5.456141451741604
Bias9,94,that,Bias,False,48,11,29,0.3793103448275862,0.0102,True,2.1494457721710205,2.7620811462402344,2.747412919998169,-4.585367558691911
Bias9,95,expectancy,Bias,False,48,12,29,0.4137931034482758,3.09e-06,False,6.680434226989746,10.962444305419922,12.012323379516602,-12.68733946705462
Bias9,96,bias,Bias,False,48,13,29,0.4482758620689655,1.51e-05,False,6.559041976928711,10.999043464660645,9.024351119995115,-11.100815814143395
Bias9,97,also,Bias,False,48,14,29,0.4827586206896552,0.00155,False,5.74867582321167,5.247397422790527,5.099571228027344,-6.469500348050982
Bias9,98,caused,Bias,False,48,15,29,0.5172413793103449,7.59e-05,False,4.363968849182129,3.814044237136841,4.245211601257324,-9.48609387356269
Bias9,99,rats,Bias,False,48,16,29,0.5517241379310345,1.12e-05,False,3.810549736022949,3.5081162452697754,3.2938194274902344,-11.399596779663225
Bias9,100,labelled,Bias,False,48,17,29,0.5862068965517241,4.17e-06,False,13.35486888885498,11.870563507080078,11.086126327514648,-12.387594522153565
Bias9,101,as,Bias,False,48,18,29,0.6206896551724138,0.00589,True,0.6655885577201843,0.3525153696537018,0.3701449930667877,-5.134499281318642
Bias9,102,lesioned,Bias,False,48,19,29,0.6551724137931034,1.55e-08,False,1.7413647202774882,1.1073775156401098,2.7109949490986764,-17.98242581302121
Bias9,103,not,Bias,False,48,20,29,0.6896551724137931,0.0049,True,4.639585018157959,5.192430019378662,5.130925178527832,-5.318520073865556
Bias9,104,to,Bias,False,48,21,29,0.7241379310344828,0.0269,True,0.0488527864217758,0.0485759750008583,0.0420475527644157,-3.6156289923743437
Bias9,105,perform,Bias,False,48,22,29,0.7586206896551724,4.57e-05,False,0.936759114265442,0.1681005209684372,0.4579520523548126,-9.993412260064115
Bias9,106,as,Bias,False,48,23,29,0.7931034482758621,0.00589,True,1.870976209640503,1.4664230346679688,1.4487223625183103,-5.134499281318642
Bias9,107,well,Bias,False,48,24,29,0.8275862068965517,0.00107,False,0.2296889871358871,0.4427686631679535,0.3299144208431244,-6.840096630508322
Bias9,108,as,Bias,False,48,25,29,0.8620689655172413,0.00589,True,0.8663381338119507,1.2809150218963623,1.3701415061950684,-5.134499281318642
Bias9,109,rats,Bias,False,48,26,29,0.896551724137931,1.12e-05,False,4.452271938323975,3.394788980484009,1.1127455234527588,-11.399596779663225
Bias9,110,labelled,Bias,False,48,27,29,0.9310344827586208,4.17e-06,False,0.3818000853061676,0.4527449309825897,0.6416112184524536,-12.387594522153565
Bias9,111,as,Bias,False,48,28,29,0.9655172413793104,0.00589,True,0.0722477361559867,0.117722101509571,0.0684452801942825,-5.134499281318642
Bias9,112,unlesioned,Bias,False,48,29,29,1.0,0.0,False,0.9708808793220668,0.3719385396689176,0.7025463795289397,
Bias9,113,.,Bias,True,48,29,29,1.0,0.0,False,,,,
CausalClaims0,1,College,CausalClaims,False,49,0,23,0.0,0.000186,False,9.958599090576172,8.991738319396973,8.991737365722656,-8.589763884251074
CausalClaims0,2,students,CausalClaims,False,49,1,23,0.0434782608695652,0.000178,False,2.699490785598755,3.3592898845672607,3.359287977218628,-8.633727007672189
CausalClaims0,3,who,CausalClaims,False,49,2,23,0.0869565217391304,0.00219,True,2.8998770713806152,3.9391469955444336,3.939146041870117,-6.123853735153728
CausalClaims0,4,have,CausalClaims,False,49,3,23,0.1304347826086956,0.00513,True,2.679262161254883,2.906742811203003,2.9067420959472656,-5.272649619799459
CausalClaims0,5,examinations,CausalClaims,False,49,4,23,0.1739130434782608,4.07e-06,False,13.731951713562012,13.292340278625488,13.292341232299805,-12.41186755850977
CausalClaims0,6,the,CausalClaims,False,49,5,23,0.217391304347826,0.0537,True,6.576321601867676,8.34260368347168,8.34260082244873,-2.9243422774673182
CausalClaims0,7,subsequent,CausalClaims,False,49,6,23,0.2608695652173913,2.45e-05,False,10.57257843017578,10.76416015625,10.764161109924316,-10.616837440413592
CausalClaims0,8,day,CausalClaims,False,49,7,23,0.3043478260869565,0.000891,False,1.4895076751708984,1.9702123403549197,1.9702115058898928,-7.023166130493465
CausalClaims0,9,might,CausalClaims,False,49,8,23,0.3478260869565217,0.000457,False,5.119167327880859,5.275006771087647,5.275006294250488,-7.690827167070069
CausalClaims0,10,pull,CausalClaims,False,49,9,23,0.391304347826087,6.61e-05,False,8.619772911071777,9.528922080993652,9.528922080993652,-9.624341811106634
CausalClaims0,11,an,CausalClaims,False,49,10,23,0.4347826086956521,0.00339,True,4.521572589874268,4.2366228103637695,4.236620903015137,-5.686925357589778
CausalClaims0,12,',CausalClaims,True,49,10,23,0.4347826086956521,0.0,False,6.27257251739502,4.875783920288086,4.875782489776611,
CausalClaims0,13,all-nighter,CausalClaims,False,49,11,23,0.4782608695652174,4.57e-07,False,17.718079686164856,17.30415341258049,17.3041520267725,-14.598582446052207
CausalClaims0,14,',CausalClaims,True,49,11,23,0.4782608695652174,0.0,False,2.156927585601806,1.6403892040252686,1.6403881311416626,
CausalClaims0,15,in,CausalClaims,False,49,12,23,0.5217391304347826,0.0186,True,3.3514535427093506,3.6108009815216064,3.6108007431030273,-3.9845936982629815
CausalClaims0,16,which,CausalClaims,False,49,13,23,0.5652173913043478,0.002,True,4.493480682373047,4.574674129486084,4.574675559997559,-6.214608098422191
CausalClaims0,17,they,CausalClaims,False,49,14,23,0.6086956521739131,0.00316,True,0.6884332895278931,0.4334224164485931,0.4334239661693573,-5.757183251383316
CausalClaims0,18,sacrifice,CausalClaims,False,49,15,23,0.6521739130434783,1.95e-05,False,9.68984317779541,7.097908020019531,7.097908020019531,-10.845096092394574
CausalClaims0,19,sleep,CausalClaims,False,49,16,23,0.6956521739130435,0.000112,False,6.12758731842041,4.802392959594727,4.802395820617676,-9.09701168666918
CausalClaims0,20,for,CausalClaims,False,49,17,23,0.7391304347826086,0.0102,True,1.4389090538024902,2.680514335632324,2.680514097213745,-4.585367558691911
CausalClaims0,21,one,CausalClaims,False,49,18,23,0.782608695652174,0.00295,False,5.404652118682861,4.990394592285156,4.990392208099365,-5.825950108630408
CausalClaims0,22,complete,CausalClaims,False,49,19,23,0.8260869565217391,0.000126,False,8.387797355651855,9.904159545898438,9.904162406921388,-8.979228651012797
CausalClaims0,23,night,CausalClaims,False,49,20,23,0.8695652173913043,0.000407,False,3.1858224868774414,1.7157208919525146,1.7157225608825684,-7.806697372521679
CausalClaims0,24,of,CausalClaims,False,49,21,23,0.9130434782608696,0.0251,True,0.87323397397995,1.820963144302368,1.820963144302368,-3.684887432844399
CausalClaims0,25,exam,CausalClaims,False,49,22,23,0.9565217391304348,1.82e-05,False,5.615023136138916,6.183896541595459,6.183893203735352,-10.914088963881525
CausalClaims0,26,preparation,CausalClaims,False,49,23,23,1.0,2.09e-05,False,2.2756375670433044,2.739746510982513,2.739746928215027,-10.77576139899351
CausalClaims0,27,.,CausalClaims,True,49,23,23,1.0,0.0,False,,,,
CausalClaims0,28,A,CausalClaims,False,50,0,22,0.0,0.0229,True,4.301627159118652,5.66474723815918,5.66474723815918,-3.776618368421943
CausalClaims0,29,study,CausalClaims,False,50,1,22,0.0454545454545454,0.000182,False,2.676019191741944,3.762909412384033,3.762908697128296,-8.611503870887478
CausalClaims0,30,measured,CausalClaims,False,50,2,22,0.0909090909090909,1.78e-05,False,10.03920555114746,10.015226364135742,10.015223503112791,-10.936312100666235
CausalClaims0,31,the,CausalClaims,False,50,3,22,0.1363636363636363,0.0537,True,1.4976563453674316,1.1150307655334473,1.11503005027771,-2.9243422774673182
CausalClaims0,32,sleep,CausalClaims,False,50,4,22,0.1818181818181818,0.000112,False,3.830576896667481,3.4617552757263184,3.4617550373077397,-9.09701168666918
CausalClaims0,33,habits,CausalClaims,False,50,5,22,0.2272727272727272,1.62e-05,False,3.980517625808716,4.329128265380859,4.329129695892334,-11.030499315725935
CausalClaims0,34,of,CausalClaims,False,50,6,22,0.2727272727272727,0.0251,True,0.1009915843605995,0.1018340066075325,0.1018337905406951,-3.684887432844399
CausalClaims0,35,111,CausalClaims,False,50,7,22,0.3181818181818182,5.46e-06,False,6.507394790649414,8.263984680175781,8.263983726501465,-12.118061768207461
CausalClaims0,36,students,CausalClaims,False,50,8,22,0.3636363636363636,0.000178,False,1.8520358800888064,1.6399211883544922,1.639922261238098,-8.633727007672189
CausalClaims0,37,to,CausalClaims,False,50,9,22,0.4090909090909091,0.0269,True,5.006600379943848,5.365917205810547,5.365918159484863,-3.6156289923743437
CausalClaims0,38,see,CausalClaims,False,50,10,22,0.4545454545454545,0.00126,False,1.4162790775299072,1.8658281564712524,1.8658297061920168,-6.676643558018751
CausalClaims0,39,if,CausalClaims,False,50,11,22,0.5,0.00295,True,0.8288429379463196,0.7884265184402466,0.7884271740913391,-5.825950108630408
CausalClaims0,40,there,CausalClaims,False,50,12,22,0.5454545454545454,0.00204,True,3.600277900695801,3.621610641479492,3.621612548828125,-6.194805471126012
CausalClaims0,41,was,CausalClaims,False,50,13,22,0.5909090909090909,0.00661,True,0.6972762942314148,0.5171423554420471,0.5171436071395874,-5.019171625118542
CausalClaims0,42,a,CausalClaims,False,50,14,22,0.6363636363636364,0.0229,True,1.118931531906128,1.1306278705596924,1.130626916885376,-3.776618368421943
CausalClaims0,43,correlation,CausalClaims,False,50,15,22,0.6818181818181818,7.24e-06,False,1.814738392829895,1.9135046005249023,1.913502812385559,-11.83588935156665
CausalClaims0,44,between,CausalClaims,False,50,16,22,0.7272727272727273,0.000589,True,0.1506185084581375,0.3412853479385376,0.341284841299057,-7.437084374312687
CausalClaims0,45,getting,CausalClaims,False,50,17,22,0.7727272727272727,0.000372,False,7.338275909423828,6.80339241027832,6.803391456604004,-7.8966167036911274
CausalClaims0,46,regular,CausalClaims,False,50,18,22,0.8181818181818182,8.91e-05,False,5.494224548339844,7.269200325012207,7.26920223236084,-9.32575122348751
CausalClaims0,47,sleep,CausalClaims,False,50,19,22,0.8636363636363636,0.000112,False,1.222388744354248,0.903437077999115,0.9034372568130492,-9.09701168666918
CausalClaims0,48,and,CausalClaims,False,50,20,22,0.9090909090909092,0.0257,True,0.4971023201942444,0.3097241222858429,0.3097239434719085,-3.661264287080963
CausalClaims0,49,student,CausalClaims,False,50,21,22,0.9545454545454546,0.000105,False,5.482127189636231,6.319957733154297,6.319957733154297,-9.161550207806751
CausalClaims0,50,grades,CausalClaims,False,50,22,22,1.0,1.91e-05,False,3.0373037457466125,5.447299212217331,5.447299957275391,-10.86582222291169
CausalClaims0,51,.,CausalClaims,True,50,22,22,1.0,0.0,False,,,,
CausalClaims0,52,Those,CausalClaims,False,51,0,24,0.0,0.000794,True,4.668235301971436,6.183206558227539,6.183207988739014,-7.138427096717138
CausalClaims0,53,who,CausalClaims,False,51,1,24,0.0416666666666666,0.00219,True,0.627504289150238,1.2588176727294922,1.25881826877594,-6.123853735153728
CausalClaims0,54,skipped,CausalClaims,False,51,2,24,0.0833333333333333,4.57e-06,False,5.152120590209961,7.191689968109131,7.191692352294922,-12.29599735305816
CausalClaims0,55,a,CausalClaims,False,51,3,24,0.125,0.0229,True,2.960745334625244,3.057501792907715,3.057499885559082,-3.776618368421943
CausalClaims0,56,night,CausalClaims,False,51,4,24,0.1666666666666666,0.000407,False,2.175008773803711,2.1699013710021973,2.1699018478393555,-7.806697372521679
CausalClaims0,57,of,CausalClaims,False,51,5,24,0.2083333333333333,0.0251,True,1.3209906816482544,0.3590359687805176,0.3590357899665832,-3.684887432844399
CausalClaims0,58,sleep,CausalClaims,False,51,6,24,0.25,0.000112,False,1.5880732536315918,1.1575099229812622,1.1575078964233398,-9.09701168666918
CausalClaims0,59,to,CausalClaims,False,51,7,24,0.2916666666666667,0.0269,True,5.468899726867676,4.25115966796875,4.251158714294434,-3.6156289923743437
CausalClaims0,60,study,CausalClaims,False,51,8,24,0.3333333333333333,0.000182,False,2.9338674545288086,2.058358192443848,2.058358192443848,-8.611503870887478
CausalClaims0,61,for,CausalClaims,False,51,9,24,0.375,0.0102,True,3.218780517578125,2.264166831970215,2.264167070388794,-4.585367558691911
CausalClaims0,62,a,CausalClaims,False,51,10,24,0.4166666666666667,0.0229,True,1.5636119842529297,2.1387038230896,2.138702869415283,-3.776618368421943
CausalClaims0,63,test,CausalClaims,False,51,11,24,0.4583333333333333,0.000155,False,2.9773499965667725,2.6052134037017822,2.605212450027466,-8.772085441045027
CausalClaims0,64,were,CausalClaims,False,51,12,24,0.5,0.00219,True,2.342928409576416,1.972458839416504,1.9724584817886357,-6.123853735153728
CausalClaims0,65,found,CausalClaims,False,51,13,24,0.5416666666666666,0.000479,False,2.5617148876190186,2.2701525688171387,2.270150661468506,-7.643809960553359
CausalClaims0,66,to,CausalClaims,False,51,14,24,0.5833333333333334,0.0269,True,0.0453602112829685,0.017799874767661,0.017799874767661,-3.6156289923743437
CausalClaims0,67,achieve,CausalClaims,False,51,15,24,0.625,3.72e-05,False,6.951167106628418,5.349791526794434,5.349793434143066,-10.199201796685173
CausalClaims0,68,lower,CausalClaims,False,51,16,24,0.6666666666666666,0.000129,False,3.6915206909179688,3.884960174560547,3.884958267211914,-8.955698153602603
CausalClaims0,69,grades,CausalClaims,False,51,17,24,0.7083333333333334,1.91e-05,False,0.4099127650260925,1.0708355903625488,1.070836305618286,-10.86582222291169
CausalClaims0,70,than,CausalClaims,False,51,18,24,0.75,0.00135,True,1.8833160400390625,1.5624603033065796,1.5624597072601318,-6.607650686531799
CausalClaims0,71,those,CausalClaims,False,51,19,24,0.7916666666666666,0.000794,True,0.2503216564655304,0.2146490514278412,0.2146497368812561,-7.138427096717138
CausalClaims0,72,who,CausalClaims,False,51,20,24,0.8333333333333334,0.00219,True,0.0514755323529243,0.0887566432356834,0.0887564271688461,-6.123853735153728
CausalClaims0,73,did,CausalClaims,False,51,21,24,0.875,0.000912,True,2.185675621032715,2.367012023925781,2.367011785507202,-6.999870567889943
CausalClaims0,74,not,CausalClaims,False,51,22,24,0.9166666666666666,0.0049,True,0.3848370015621185,0.2868832051753998,0.2868827581405639,-5.318520073865556
CausalClaims0,75,stay,CausalClaims,False,51,23,24,0.9583333333333334,0.000214,False,5.565896511077881,6.156154632568359,6.156155109405518,-8.449534542942423
CausalClaims0,76,up,CausalClaims,False,51,24,24,1.0,0.00245,True,3.492187201976776,3.0620062351226807,3.0620076656341557,-6.011667254425501
CausalClaims0,77,.,CausalClaims,True,51,24,24,1.0,0.0,False,,,,
CausalClaims0,78,It,CausalClaims,False,52,0,27,0.0,0.00891,True,4.28343391418457,4.769270420074463,4.769268989562988,-4.720581037499419
CausalClaims0,79,may,CausalClaims,False,52,1,27,0.037037037037037,0.000955,False,4.159998893737793,3.5975866317749023,3.597585678100586,-6.953799217483544
CausalClaims0,80,seem,CausalClaims,False,52,2,27,0.074074074074074,0.00012,False,2.101576805114746,3.403465509414673,3.40346622467041,-9.028018815182229
CausalClaims0,81,that,CausalClaims,False,52,3,27,0.1111111111111111,0.0102,True,2.7676424980163574,2.5180435180664062,2.5180439949035645,-4.585367558691911
CausalClaims0,82,the,CausalClaims,False,52,4,27,0.1481481481481481,0.0537,True,2.174030542373657,2.418030023574829,2.4180312156677246,-2.9243422774673182
CausalClaims0,83,conclusion,CausalClaims,False,52,5,27,0.1851851851851851,2.51e-05,False,9.000438690185547,8.17267894744873,8.17267894744873,-10.592642711826535
CausalClaims0,84,from,CausalClaims,False,52,6,27,0.2222222222222222,0.00427,True,2.741942882537842,3.5030500888824463,3.503052234649658,-5.456141451741604
CausalClaims0,85,this,CausalClaims,False,52,7,27,0.2592592592592592,0.00661,True,1.331292986869812,0.8871321678161621,0.8871321082115173,-5.019171625118542
CausalClaims0,86,study,CausalClaims,False,52,8,27,0.2962962962962963,0.000182,False,0.2557443976402282,0.1889808624982834,0.1889810562133789,-8.611503870887478
CausalClaims0,87,is,CausalClaims,False,52,9,27,0.3333333333333333,0.0117,True,0.6418108940124512,0.4597426056861877,0.4597430825233459,-4.448166437178426
CausalClaims0,88,that,CausalClaims,False,52,10,27,0.3703703703703703,0.0102,True,0.5069584250450134,0.2563537359237671,0.2563535571098327,-4.585367558691911
CausalClaims0,89,',CausalClaims,True,52,10,27,0.3703703703703703,0.0,False,5.03724479675293,6.249339580535889,6.2493438720703125,
CausalClaims0,90,pulling,CausalClaims,False,52,11,27,0.4074074074074074,2.24e-05,False,12.895480155944824,11.357534408569336,11.357534408569336,-10.70644959910328
CausalClaims0,91,an,CausalClaims,False,52,12,27,0.4444444444444444,0.00339,True,1.271054983139038,0.5960919260978699,0.596091091632843,-5.686925357589778
CausalClaims0,92,all-nighter,CausalClaims,False,52,13,27,0.4814814814814814,4.57e-07,False,0.4293309029890224,0.4633980207145214,0.4633989743888378,-14.598582446052207
CausalClaims0,93,',CausalClaims,True,52,13,27,0.4814814814814814,0.0,False,0.3375737965106964,0.7028283476829529,0.7028273940086365,
CausalClaims0,94,will,CausalClaims,False,52,14,27,0.5185185185185185,0.00282,True,4.458865165710449,3.843656301498413,3.843653678894043,-5.871018394032115
CausalClaims0,95,cause,CausalClaims,False,52,15,27,0.5555555555555556,0.000224,False,3.870926141738892,4.12408447265625,4.124086380004883,-8.403864506109235
CausalClaims0,96,students,CausalClaims,False,52,16,27,0.5925925925925926,0.000178,False,0.995896339416504,1.417094111442566,1.4170969724655151,-8.633727007672189
CausalClaims0,97,to,CausalClaims,False,52,17,27,0.6296296296296297,0.0269,True,0.1136069819331169,0.1531969606876373,0.1531973630189895,-3.6156289923743437
CausalClaims0,98,attain,CausalClaims,False,52,18,27,0.6666666666666666,3.98e-06,False,9.33188819885254,7.805498123168945,7.805500507354736,-12.434228738667928
CausalClaims0,99,low,CausalClaims,False,52,19,27,0.7037037037037037,0.000214,False,5.581268787384033,5.826339721679688,5.826340675354004,-8.449534542942423
CausalClaims0,100,grades,CausalClaims,False,52,20,27,0.7407407407407407,1.91e-05,False,1.882750704884529,3.022132217884064,3.022132694721222,-10.86582222291169
CausalClaims0,101,",",CausalClaims,True,52,20,27,0.7407407407407407,0.0,False,,,,
CausalClaims0,102,however,CausalClaims,False,52,21,27,0.7777777777777778,0.00038,False,5.939034938812256,4.869954109191895,4.869950771331787,-7.875339305243843
CausalClaims0,103,that,CausalClaims,False,52,22,27,0.8148148148148148,0.0102,True,3.7620327472686768,3.5527143478393555,3.5527145862579346,-4.585367558691911
CausalClaims0,104,constitutes,CausalClaims,False,52,23,27,0.8518518518518519,5.25e-06,False,10.529020309448242,10.107343673706056,10.107341766357422,-12.157282481360742
CausalClaims0,105,a,CausalClaims,False,52,24,27,0.8888888888888888,0.0229,True,0.8341204524040222,0.8662489056587219,0.866248369216919,-3.776618368421943
CausalClaims0,106,common,CausalClaims,False,52,25,27,0.925925925925926,0.000158,False,6.859670162200928,7.242366790771484,7.242369174957275,-8.752915524937308
CausalClaims0,107,scientific,CausalClaims,False,52,26,27,0.9629629629629628,4.68e-05,False,6.394020080566406,5.885675430297852,5.885677337646484,-9.969627355040673
CausalClaims0,108,mistake,CausalClaims,False,52,27,27,1.0,4.68e-05,False,4.515140146017075,5.803999751806259,5.803997099399567,-9.969627355040673
CausalClaims0,109,.,CausalClaims,True,52,27,27,1.0,0.0,False,,,,
CausalClaims1,1,The,CausalClaims,False,53,0,12,0.0,0.0537,True,3.2761731147766118,3.5087358951568604,2.241342067718506,-2.9243422774673182
CausalClaims1,2,mistake,CausalClaims,False,53,1,12,0.0833333333333333,4.68e-05,False,11.07535171508789,10.383251190185549,7.816831111907959,-9.969627355040673
CausalClaims1,3,was,CausalClaims,False,53,2,12,0.1666666666666666,0.00661,True,1.7247636318206787,1.819465160369873,2.5539703369140625,-5.019171625118542
CausalClaims1,4,to,CausalClaims,False,53,3,12,0.25,0.0269,True,2.3360066413879395,1.5614392757415771,1.4427320957183838,-3.6156289923743437
CausalClaims1,5,erroneously,CausalClaims,False,53,4,12,0.3333333333333333,1.2e-06,False,7.001674517057836,11.069787424989045,7.927929072640836,-13.633189001170319
CausalClaims1,6,interpret,CausalClaims,False,53,5,12,0.4166666666666667,6.46e-06,False,5.061208724975586,5.581002235412598,4.504566192626953,-11.949881240169764
CausalClaims1,7,the,CausalClaims,False,53,6,12,0.5,0.0537,True,0.923346996307373,1.2555463314056396,1.0382020473480225,-2.9243422774673182
CausalClaims1,8,results,CausalClaims,False,53,7,12,0.5833333333333334,0.00017,False,6.436638355255127,7.269196033477783,1.63158118724823,-8.679712120914012
CausalClaims1,9,as,CausalClaims,False,53,8,12,0.6666666666666666,0.00589,True,1.7461693286895752,1.0520844459533691,1.261191725730896,-5.134499281318642
CausalClaims1,10,demonstrating,CausalClaims,False,53,9,12,0.75,5.75e-06,False,6.705404281616211,9.513534545898438,6.73375940322876,-12.066310703155015
CausalClaims1,11,cause,CausalClaims,False,53,10,12,0.8333333333333334,0.000224,False,9.32524871826172,9.687093734741213,10.10691261291504,-8.403864506109235
CausalClaims1,12,and,CausalClaims,False,53,11,12,0.9166666666666666,0.0257,True,0.936119258403778,1.3981527090072632,0.9259423017501832,-3.661264287080963
CausalClaims1,13,effect,CausalClaims,False,53,12,12,1.0,0.000105,False,0.8354735169559717,1.0897351019084454,1.2197131933644414,-9.161550207806751
CausalClaims1,14,.,CausalClaims,True,53,12,12,1.0,0.0,False,,,,
CausalClaims1,15,Unfortunately,CausalClaims,False,54,0,26,0.0,4.17e-05,False,5.946942329406738,6.401127815246582,5.596070766448975,-10.085009429159518
CausalClaims1,16,for,CausalClaims,False,54,1,26,0.0384615384615384,0.0102,True,2.73012924194336,3.3910727500915527,2.873183012008667,-4.585367558691911
CausalClaims1,17,the,CausalClaims,False,54,2,26,0.0769230769230769,0.0537,True,1.4287534952163696,1.8292913436889648,1.513633131980896,-2.9243422774673182
CausalClaims1,18,prospects,CausalClaims,False,54,3,26,0.1153846153846153,1.17e-05,False,10.127479553222656,11.672359466552734,10.327879905700684,-11.355921716160564
CausalClaims1,19,of,CausalClaims,False,54,4,26,0.1538461538461538,0.0251,True,0.3197744786739349,1.2658571004867554,0.1416099220514297,-3.684887432844399
CausalClaims1,20,testing,CausalClaims,False,54,5,26,0.1923076923076923,4.68e-05,False,7.841072082519531,7.684237957000732,6.46534538269043,-9.969627355040673
CausalClaims1,21,causal,CausalClaims,False,54,6,26,0.2307692307692307,2.14e-06,False,7.811075210571289,9.492719650268556,11.35688591003418,-13.054704728930513
CausalClaims1,22,claims,CausalClaims,False,54,7,26,0.2692307692307692,7.24e-05,False,5.807713031768799,7.755947113037109,7.816033840179443,-9.533304258572603
CausalClaims1,23,about,CausalClaims,False,54,8,26,0.3076923076923077,0.00251,True,4.497426986694336,6.442314624786377,4.010454177856445,-5.987472525838444
CausalClaims1,24,sleep,CausalClaims,False,54,9,26,0.3461538461538461,0.000112,False,9.00210189819336,8.969392776489258,1.6823792457580566,-9.09701168666918
CausalClaims1,25,deprivation,CausalClaims,False,54,10,26,0.3846153846153846,2.75e-06,False,2.162347316741944,1.6928240060806274,2.9666450023651123,-12.803909646285794
CausalClaims1,26,and,CausalClaims,False,54,11,26,0.4230769230769231,0.0257,True,3.174354076385498,2.6447954177856445,2.437343120574951,-3.661264287080963
CausalClaims1,27,exam,CausalClaims,False,54,12,26,0.4615384615384615,1.82e-05,False,12.431448936462402,10.416894912719728,5.435277938842773,-10.914088963881525
CausalClaims1,28,performance,CausalClaims,False,54,13,26,0.5,0.000145,False,2.839423894882202,2.521507501602173,3.384161949157715,-8.8387768155437
CausalClaims1,29,the,CausalClaims,False,54,14,26,0.5384615384615384,0.0537,True,6.598264694213867,5.58112907409668,5.555314064025879,-2.9243422774673182
CausalClaims1,30,original,CausalClaims,False,54,15,26,0.5769230769230769,0.000145,False,6.08674430847168,5.7851433753967285,6.242494583129883,-8.8387768155437
CausalClaims1,31,study,CausalClaims,False,54,16,26,0.6153846153846154,0.000182,False,2.723435401916504,2.530972003936768,0.5951512455940247,-8.611503870887478
CausalClaims1,32,used,CausalClaims,False,54,17,26,0.6538461538461539,0.000631,False,3.987169742584229,4.6014933586120605,4.731523513793945,-7.368204695423061
CausalClaims1,33,a,CausalClaims,False,54,18,26,0.6923076923076923,0.0229,True,1.3855957984924316,1.9674632549285889,1.8519575595855715,-3.776618368421943
CausalClaims1,34,quasi-experimental,CausalClaims,False,54,19,26,0.7307692307692307,2.66e-06,False,6.8619132451713085,12.133464559912682,13.086848594248297,-12.837184435170666
CausalClaims1,35,design,CausalClaims,False,54,20,26,0.7692307692307693,0.000148,False,0.4636848568916321,2.892746925354004,3.276386976242065,-8.818298284200159
CausalClaims1,36,where,CausalClaims,False,54,21,26,0.8076923076923077,0.001,True,4.252960681915283,4.029216289520264,3.7054810523986816,-6.907755278982137
CausalClaims1,37,no,CausalClaims,False,54,22,26,0.8461538461538461,0.00224,True,4.389373302459717,4.480432033538818,4.786220073699951,-6.101279413115189
CausalClaims1,38,experimental,CausalClaims,False,54,23,26,0.8846153846153846,1.91e-05,False,4.703548431396484,4.8585710525512695,5.258996963500977,-10.86582222291169
CausalClaims1,39,manipulation,CausalClaims,False,54,24,26,0.9230769230769232,7.08e-06,False,3.906503200531006,8.780091285705566,8.300312995910645,-11.858236650258645
CausalClaims1,40,was,CausalClaims,False,54,25,26,0.9615384615384616,0.00661,True,0.3700312077999115,0.6646164059638977,0.5427331924438477,-5.019171625118542
CausalClaims1,41,performed,CausalClaims,False,54,26,26,1.0,4.79e-05,False,2.958276629447937,2.977312982082367,3.1782200932502747,-9.946395053547404
CausalClaims1,42,.,CausalClaims,True,54,26,26,1.0,0.0,False,,,,
CausalClaims1,43,The,CausalClaims,False,55,0,25,0.0,0.0537,True,1.8506219387054443,1.9932035207748413,1.7218289375305176,-2.9243422774673182
CausalClaims1,44,finding,CausalClaims,False,55,1,25,0.04,7.08e-05,False,5.674657344818115,7.555863380432129,6.591776847839356,-9.5556515572646
CausalClaims1,45,indicates,CausalClaims,False,55,2,25,0.08,1.74e-05,False,6.352150917053223,6.436577796936035,6.56614875793457,-10.959040351743791
CausalClaims1,46,that,CausalClaims,False,55,3,25,0.12,0.0102,True,0.2089414894580841,0.163526177406311,0.1078221574425697,-4.585367558691911
CausalClaims1,47,getting,CausalClaims,False,55,4,25,0.16,0.000372,False,8.679280281066895,8.667734146118164,5.690421104431152,-7.8966167036911274
CausalClaims1,48,less,CausalClaims,False,55,5,25,0.2,0.000309,False,4.312161445617676,6.738001823425293,5.7999677658081055,-8.082169281066529
CausalClaims1,49,sleep,CausalClaims,False,55,6,25,0.24,0.000112,False,0.0600348524749279,0.4089692831039428,0.1561096459627151,-9.09701168666918
CausalClaims1,50,is,CausalClaims,False,55,7,25,0.28,0.0117,True,1.824587106704712,1.6816946268081665,2.10453200340271,-4.448166437178426
CausalClaims1,51,correlated,CausalClaims,False,55,8,25,0.32,3.16e-06,False,3.617389678955078,3.8755807876586914,4.161139488220215,-12.664938530365454
CausalClaims1,52,with,CausalClaims,False,55,9,25,0.36,0.00708,True,0.0758761316537857,0.196796715259552,0.1391363441944122,-4.950481371276509
CausalClaims1,53,getting,CausalClaims,False,55,10,25,0.4,0.000372,False,5.888128757476807,4.224124908447266,4.233617782592773,-7.8966167036911274
CausalClaims1,54,lower,CausalClaims,False,55,11,25,0.44,0.000129,False,6.33283805847168,4.068480014801025,2.0452561378479004,-8.955698153602603
CausalClaims1,55,grades,CausalClaims,False,55,12,25,0.48,1.91e-05,False,1.3507869243621826,4.217251300811768,0.1387381702661514,-10.86582222291169
CausalClaims1,56,yet,CausalClaims,False,55,13,25,0.52,0.000347,False,10.844722747802734,11.168407440185549,10.101362228393556,-7.966185778017415
CausalClaims1,57,does,CausalClaims,False,55,14,25,0.56,0.00055,True,3.732232809066773,5.608109951019287,5.099715709686279,-7.505592279737757
CausalClaims1,58,not,CausalClaims,False,55,15,25,0.6,0.0049,True,0.0424893423914909,0.068739466369152,0.0573302581906318,-5.318520073865556
CausalClaims1,59,support,CausalClaims,False,55,16,25,0.64,0.000339,False,4.257390022277832,4.344945907592773,4.529855728149414,-7.989510450583824
CausalClaims1,60,the,CausalClaims,False,55,17,25,0.68,0.0537,True,1.085241675376892,1.7166039943695068,1.017730474472046,-2.9243422774673182
CausalClaims1,61,claim,CausalClaims,False,55,18,25,0.72,8.91e-05,False,1.9684301614761357,3.0668840408325195,2.8612446784973145,-9.32575122348751
CausalClaims1,62,that,CausalClaims,False,55,19,25,0.76,0.0102,True,0.1378138065338134,0.2703593671321869,0.2056752443313598,-4.585367558691911
CausalClaims1,63,getting,CausalClaims,False,55,20,25,0.8,0.000372,False,3.732567310333252,1.6846206188201904,1.3050740957260132,-7.8966167036911274
CausalClaims1,64,less,CausalClaims,False,55,21,25,0.84,0.000309,False,0.5946468114852905,1.5781733989715576,1.2049545049667358,-8.082169281066529
CausalClaims1,65,sleep,CausalClaims,False,55,22,25,0.88,0.000112,False,0.0608090572059154,0.0586549714207649,0.0207126252353191,-9.09701168666918
CausalClaims1,66,causes,CausalClaims,False,55,23,25,0.92,4.27e-05,False,3.623817443847656,3.2893519401550293,2.5971481800079346,-10.061311637729695
CausalClaims1,67,lower,CausalClaims,False,55,24,25,0.96,0.000129,False,3.2636806964874268,2.677746057510376,1.814149022102356,-8.955698153602603
CausalClaims1,68,grades,CausalClaims,False,55,25,25,1.0,1.91e-05,False,0.7689267694950104,1.0614098012447355,0.6986112594604492,-10.86582222291169
CausalClaims1,69,.,CausalClaims,True,55,25,25,1.0,0.0,False,,,,
CausalClaims1,70,Correlations,CausalClaims,False,56,0,12,0.0,1.23e-06,False,11.051812887191772,14.20233678817749,13.583887577056885,-13.608496388579947
CausalClaims1,71,can,CausalClaims,False,56,1,12,0.0833333333333333,0.00288,True,5.100003719329834,3.859053611755371,3.7603180408477774,-5.8499649848342825
CausalClaims1,72,only,CausalClaims,False,56,2,12,0.1666666666666666,0.00132,True,3.6327855587005615,2.8000876903533936,2.319148063659668,-6.630123542383857
CausalClaims1,73,lead,CausalClaims,False,56,3,12,0.25,0.000158,False,6.803038597106934,5.112437725067139,5.210593223571777,-8.752915524937308
CausalClaims1,74,to,CausalClaims,False,56,4,12,0.3333333333333333,0.0269,True,0.0362631268799304,0.0673025697469711,0.1211849302053451,-3.6156289923743437
CausalClaims1,75,conclusions,CausalClaims,False,56,5,12,0.4166666666666667,1e-05,False,4.036251068115234,4.307729721069336,4.049262046813965,-11.512925464970229
CausalClaims1,76,about,CausalClaims,False,56,6,12,0.5,0.00251,True,2.420709609985352,2.0682404041290283,2.4674623012542725,-5.987472525838444
CausalClaims1,77,the,CausalClaims,False,56,7,12,0.5833333333333334,0.0537,True,2.1064043045043945,1.5067741870880127,1.5724390745162964,-2.9243422774673182
CausalClaims1,78,strength,CausalClaims,False,56,8,12,0.6666666666666666,6.31e-05,False,6.626760482788086,5.682102203369141,5.608772277832031,-9.670789788417107
CausalClaims1,79,of,CausalClaims,False,56,9,12,0.75,0.0251,True,0.1591838896274566,0.1789290159940719,0.1689970195293426,-3.684887432844399
CausalClaims1,80,relationships,CausalClaims,False,56,10,12,0.8333333333333334,4.79e-05,False,6.796560287475586,6.675890922546387,6.126553535461426,-9.946395053547404
CausalClaims1,81,between,CausalClaims,False,56,11,12,0.9166666666666666,0.000589,True,1.6887301206588743,1.59140145778656,1.178428292274475,-7.437084374312687
CausalClaims1,82,variables,CausalClaims,False,56,12,12,1.0,9.33e-06,False,4.674415826797485,5.095902383327484,6.310371577739716,-11.582275543105021
CausalClaims1,83,.,CausalClaims,True,56,12,12,1.0,0.0,False,,,,
CausalClaims1,84,We,CausalClaims,False,57,0,13,0.0,0.00347,True,3.896219730377197,3.809504747390747,4.412655830383301,-5.663600685023369
CausalClaims1,85,cannot,CausalClaims,False,57,1,13,0.0769230769230769,0.000129,False,4.546975135803223,4.455731391906738,3.696585178375244,-8.955698153602603
CausalClaims1,86,use,CausalClaims,False,57,2,13,0.1538461538461538,0.000646,False,5.15030574798584,3.9263134002685542,4.610676765441895,-7.344711054181673
CausalClaims1,87,correlation,CausalClaims,False,57,3,13,0.2307692307692307,7.24e-06,False,5.977669715881348,6.104213714599609,6.342848777770996,-11.83588935156665
CausalClaims1,88,alone,CausalClaims,False,57,4,13,0.3076923076923077,0.000145,False,4.818978786468506,4.891652584075928,4.298923969268799,-8.8387768155437
CausalClaims1,89,to,CausalClaims,False,57,5,13,0.3846153846153846,0.0269,True,0.7650750279426575,0.4993432164192199,0.381678432226181,-3.6156289923743437
CausalClaims1,90,infer,CausalClaims,False,57,6,13,0.4615384615384615,1.45e-06,False,3.061918020248413,3.238252639770508,3.3575735092163086,-13.443947001531791
CausalClaims1,91,the,CausalClaims,False,57,7,13,0.5384615384615384,0.0537,True,4.117018699645996,2.1614017486572266,2.014695644378662,-2.9243422774673182
CausalClaims1,92,direction,CausalClaims,False,57,8,13,0.6153846153846154,8.51e-05,False,4.614683151245117,6.813399314880371,6.590593338012695,-9.371683522384945
CausalClaims1,93,of,CausalClaims,False,57,9,13,0.6923076923076923,0.0251,True,0.1136559322476387,0.435722142457962,0.3137861490249634,-3.684887432844399
CausalClaims1,94,influence,CausalClaims,False,57,10,13,0.7692307692307693,6.03e-05,False,8.24140739440918,4.840871334075928,5.349689960479736,-9.716178454231134
CausalClaims1,95,between,CausalClaims,False,57,11,13,0.8461538461538461,0.000589,True,4.083760738372803,2.5315935611724854,2.654921054840088,-7.437084374312687
CausalClaims1,96,the,CausalClaims,False,57,12,13,0.9230769230769232,0.0537,True,2.6369128227233887,2.359158754348755,2.3646950721740723,-2.9243422774673182
CausalClaims1,97,variables,CausalClaims,False,57,13,13,1.0,9.33e-06,False,2.785286009311676,3.6385436058044434,5.117756903171539,-11.582275543105021
CausalClaims1,98,.,CausalClaims,True,57,13,13,1.0,0.0,False,,,,
CausalClaims2,1,When,CausalClaims,False,58,0,39,0.0,0.00234,True,5.78995943069458,5.771784782409668,5.007622241973877,-6.057604349612527
CausalClaims2,2,participants,CausalClaims,False,58,1,39,0.0256410256410256,2.51e-05,False,9.975106239318848,12.523703575134276,6.918441295623779,-10.592642711826535
CausalClaims2,3,are,CausalClaims,False,58,2,39,0.0512820512820512,0.0055,True,3.3054585456848145,2.28010892868042,2.247786045074463,-5.2030071867437115
CausalClaims2,4,not,CausalClaims,False,58,3,39,0.0769230769230769,0.0049,True,4.41765022277832,4.037314414978027,3.232372999191284,-5.318520073865556
CausalClaims2,5,assigned,CausalClaims,False,58,4,39,0.1025641025641025,2.45e-05,False,6.1219868659973145,7.178610801696777,6.771370887756348,-10.616837440413592
CausalClaims2,6,at,CausalClaims,False,58,5,39,0.1282051282051282,0.00501,True,5.350762367248535,5.230399131774902,5.938089370727539,-5.296319363885364
CausalClaims2,7,random,CausalClaims,False,58,6,39,0.1538461538461538,3.8e-05,False,1.536501407623291,2.2655820846557617,1.173000454902649,-10.177924398237888
CausalClaims2,8,to,CausalClaims,False,58,7,39,0.1794871794871795,0.0269,True,1.535124897956848,3.706636428833008,1.3164504766464231,-3.6156289923743437
CausalClaims2,9,different,CausalClaims,False,58,8,39,0.2051282051282051,0.000389,False,4.724538803100586,4.867918014526367,3.9928579330444336,-7.851931214345828
CausalClaims2,10,groups,CausalClaims,False,58,9,39,0.2307692307692307,0.000132,False,2.6402902603149414,2.392294406890869,2.7883102893829346,-8.932708635377903
CausalClaims2,11,we,CausalClaims,False,58,10,39,0.2564102564102564,0.00347,True,7.134080410003662,7.115001678466797,7.172806739807129,-5.663600685023369
CausalClaims2,12,cannot,CausalClaims,False,58,11,39,0.282051282051282,0.000129,False,5.609501838684082,5.1526618003845215,2.0826778411865234,-8.955698153602603
CausalClaims2,13,know,CausalClaims,False,58,12,39,0.3076923076923077,0.00126,False,3.032925128936768,2.835654258728028,4.036494731903076,-6.676643558018751
CausalClaims2,14,when,CausalClaims,False,58,13,39,0.3333333333333333,0.00234,True,3.945864677429199,3.632728815078736,4.989665985107422,-6.057604349612527
CausalClaims2,15,there,CausalClaims,False,58,14,39,0.358974358974359,0.00204,True,4.653120517730713,4.268989086151123,3.556551218032837,-6.194805471126012
CausalClaims2,16,is,CausalClaims,False,58,15,39,0.3846153846153846,0.0117,True,0.7913597226142883,1.3640341758728027,0.8470461368560791,-4.448166437178426
CausalClaims2,17,a,CausalClaims,False,58,16,39,0.4102564102564102,0.0229,True,0.7487668991088867,0.662820041179657,0.5413776636123657,-3.776618368421943
CausalClaims2,18,relationship,CausalClaims,False,58,17,39,0.4358974358974359,0.000141,False,4.545663833618164,7.149140357971191,3.4707210063934326,-8.866750667586105
CausalClaims2,19,between,CausalClaims,False,58,18,39,0.4615384615384615,0.000589,True,0.1578007787466049,1.314845323562622,0.4778230786323547,-7.437084374312687
CausalClaims2,20,variables,CausalClaims,False,58,19,39,0.4871794871794871,9.33e-06,False,9.574926853179932,10.590179204940796,9.001654386520386,-11.582275543105021
CausalClaims2,21,",",CausalClaims,True,58,19,39,0.4871794871794871,0.0,False,,,,
CausalClaims2,22,whether,CausalClaims,False,58,20,39,0.5128205128205128,0.000209,False,4.860930442810059,5.063930511474609,4.878188610076904,-8.473176305999463
CausalClaims2,23,variable,CausalClaims,False,58,21,39,0.5384615384615384,1.32e-05,False,5.769148826599121,4.7722649574279785,7.390509605407715,-11.235293728371948
CausalClaims2,24,A,CausalClaims,False,58,22,39,0.5641025641025641,0.0229,True,5.492897033691406,4.361822128295898,5.02498722076416,-3.776618368421943
CausalClaims2,25,influenced,CausalClaims,False,58,23,39,0.5897435897435898,1.58e-05,False,8.781281471252441,9.628534317016602,5.990960121154785,-11.055500617931353
CausalClaims2,26,variable,CausalClaims,False,58,24,39,0.6153846153846154,1.32e-05,False,3.67406177520752,1.9202967882156368,2.014331340789795,-11.235293728371948
CausalClaims2,27,B,CausalClaims,False,58,25,39,0.6410256410256411,0.000224,False,0.0269363224506378,0.0389313213527202,0.0501588396728038,-8.403864506109235
CausalClaims2,28,or,CausalClaims,False,58,26,39,0.6666666666666666,0.00347,True,0.9144690036773682,2.064451217651367,1.3025286197662354,-5.663600685023369
CausalClaims2,29,vice,CausalClaims,False,58,27,39,0.6923076923076923,5.13e-05,False,4.381715297698975,4.891350746154785,4.411903381347656,-9.877819805787551
CausalClaims2,30,versa,CausalClaims,False,58,28,39,0.717948717948718,5.25e-06,False,4.48214412573725,4.698690742254257,6.50061060115695,-12.157282481360742
CausalClaims2,31,;,CausalClaims,True,58,28,39,0.717948717948718,0.0,False,,,,
CausalClaims2,32,or,CausalClaims,False,58,29,39,0.7435897435897436,0.00347,True,4.090532302856445,2.7369384765625,3.2298378944396973,-5.663600685023369
CausalClaims2,33,even,CausalClaims,False,58,30,39,0.7692307692307693,0.000977,False,4.4451775550842285,4.352684497833252,4.281768798828125,-6.931023905921491
CausalClaims2,34,if,CausalClaims,False,58,31,39,0.7948717948717948,0.00295,True,1.2457902431488037,1.396073579788208,1.3923075199127195,-5.825950108630408
CausalClaims2,35,variable,CausalClaims,False,58,32,39,0.8205128205128205,1.32e-05,False,1.1576160192489624,0.3699103891849518,1.1571385860443115,-11.235293728371948
CausalClaims2,36,C,CausalClaims,False,58,33,39,0.8461538461538461,0.000214,False,1.8546559810638428,3.0412847995758057,3.479860544204712,-8.449534542942423
CausalClaims2,37,influenced,CausalClaims,False,58,34,39,0.8717948717948718,1.58e-05,False,1.8166491985321045,0.3226591646671295,0.2469660341739654,-11.055500617931353
CausalClaims2,38,both,CausalClaims,False,58,35,39,0.8974358974358975,0.000617,True,5.424770355224609,10.006634712219238,9.170977592468262,-7.3906415340588865
CausalClaims2,39,variables,CausalClaims,False,58,36,39,0.9230769230769232,9.33e-06,False,0.1502730995416641,0.4328805208206177,0.505490243434906,-11.582275543105021
CausalClaims2,40,A,CausalClaims,False,58,37,39,0.9487179487179488,0.0229,True,3.566871404647827,4.326394081115723,4.689467430114746,-3.776618368421943
CausalClaims2,41,and,CausalClaims,False,58,38,39,0.9743589743589745,0.0257,True,0.0472723990678787,0.0374015383422374,0.0218850821256637,-3.661264287080963
CausalClaims2,42,B,CausalClaims,False,58,39,39,1.0,0.000224,False,0.3145765084773302,0.9223621375858784,0.9272203566506504,-8.403864506109235
CausalClaims2,43,.,CausalClaims,True,58,39,39,1.0,0.0,False,,,,
CausalClaims2,44,Maybe,CausalClaims,False,59,0,27,0.0,0.000282,False,8.270415306091309,7.901874542236328,8.306095123291016,-8.17360348702616
CausalClaims2,45,students,CausalClaims,False,59,1,27,0.037037037037037,0.000178,False,7.671765327453613,8.907526969909668,4.663356781005859,-8.633727007672189
CausalClaims2,46,who,CausalClaims,False,59,2,27,0.074074074074074,0.00219,True,1.678489327430725,2.921294689178467,0.741218626499176,-6.123853735153728
CausalClaims2,47,already,CausalClaims,False,59,3,27,0.1111111111111111,0.000355,False,6.129564762115479,5.483170509338379,7.829615592956543,-7.943392768488859
CausalClaims2,48,tend,CausalClaims,False,59,4,27,0.1481481481481481,3.72e-05,False,6.838120460510254,8.51734733581543,6.5854010581970215,-10.199201796685173
CausalClaims2,49,to,CausalClaims,False,59,5,27,0.1851851851851851,0.0269,True,0.0628716424107551,0.0456870011985302,0.0237256549298763,-3.6156289923743437
CausalClaims2,50,achieve,CausalClaims,False,59,6,27,0.2222222222222222,3.72e-05,False,8.148981094360352,7.457533836364746,5.879421234130859,-10.199201796685173
CausalClaims2,51,lower,CausalClaims,False,59,7,27,0.2592592592592592,0.000129,False,5.441023826599121,5.039899826049805,0.5800316333770752,-8.955698153602603
CausalClaims2,52,grades,CausalClaims,False,59,8,27,0.2962962962962963,1.91e-05,False,1.7957412004470823,3.036233901977539,0.1023792997002601,-10.86582222291169
CausalClaims2,53,worry,CausalClaims,False,59,9,27,0.3333333333333333,6.92e-05,False,10.313169479370115,9.726110458374023,10.505754470825195,-9.57850969534065
CausalClaims2,54,more,CausalClaims,False,59,10,27,0.3703703703703703,0.00229,True,1.7796614170074463,2.025766611099243,1.912001371383667,-6.079203461415989
CausalClaims2,55,about,CausalClaims,False,59,11,27,0.4074074074074074,0.00251,True,0.1811662912368774,0.052794337272644,0.0476574450731277,-5.987472525838444
CausalClaims2,56,their,CausalClaims,False,59,12,27,0.4444444444444444,0.00214,True,1.7394087314605713,2.11639142036438,1.6315544843673706,-6.1469494499483766
CausalClaims2,57,exams,CausalClaims,False,59,13,27,0.4814814814814814,1e-05,False,9.808914184570312,8.134483814239502,6.960360527038574,-11.512925464970229
CausalClaims2,58,",",CausalClaims,True,59,13,27,0.4814814814814814,0.0,False,,,,
CausalClaims2,59,and,CausalClaims,False,59,14,27,0.5185185185185185,0.0257,True,2.386708974838257,2.1192545890808105,2.6158392429351807,-3.661264287080963
CausalClaims2,60,excessive,CausalClaims,False,59,15,27,0.5555555555555556,1.32e-05,False,11.00798225402832,12.51748275756836,11.163203239440918,-11.235293728371948
CausalClaims2,61,worrying,CausalClaims,False,59,16,27,0.5925925925925926,1.32e-05,False,8.813234329223633,6.430583477020264,8.06743335723877,-11.235293728371948
CausalClaims2,62,interferes,CausalClaims,False,59,17,27,0.6296296296296297,1.12e-06,False,9.252464951936416,11.96177736041136,10.91125388839282,-13.70218187265727
CausalClaims2,63,with,CausalClaims,False,59,18,27,0.6666666666666666,0.00708,True,0.0658382624387741,0.0935202464461326,0.0414765737950801,-4.950481371276509
CausalClaims2,64,them,CausalClaims,False,59,19,27,0.7037037037037037,0.00155,True,6.039997100830078,4.228739738464356,4.871750354766846,-6.469500348050982
CausalClaims2,65,getting,CausalClaims,False,59,20,27,0.7407407407407407,0.000372,False,2.4002645015716557,4.1016035079956055,2.685504674911499,-7.8966167036911274
CausalClaims2,66,enough,CausalClaims,False,59,21,27,0.7777777777777778,0.000347,False,5.922566890716553,4.923076629638672,3.3875253200531006,-7.966185778017415
CausalClaims2,67,sleep,CausalClaims,False,59,22,27,0.8148148148148148,0.000112,False,2.340603828430176,5.825438022613525,0.0713830068707466,-9.09701168666918
CausalClaims2,68,the,CausalClaims,False,59,23,27,0.8518518518518519,0.0537,True,7.141921043395996,7.232272148132324,6.577748775482178,-2.9243422774673182
CausalClaims2,69,night,CausalClaims,False,59,24,27,0.8888888888888888,0.000407,False,1.462766408920288,1.5340116024017334,2.977667570114136,-7.806697372521679
CausalClaims2,70,before,CausalClaims,False,59,25,27,0.925925925925926,0.000851,True,0.0480384789407253,0.0519639924168586,0.1194046586751937,-7.0690984293909
CausalClaims2,71,their,CausalClaims,False,59,26,27,0.9629629629629628,0.00214,True,3.414726734161377,3.6124095916748047,3.5233500003814697,-6.1469494499483766
CausalClaims2,72,exam,CausalClaims,False,59,27,27,1.0,1.82e-05,False,2.431666433811188,2.7633960247039795,2.1835514903068542,-10.914088963881525
CausalClaims2,73,.,CausalClaims,True,59,27,27,1.0,0.0,False,,,,
CausalClaims2,74,Maybe,CausalClaims,False,60,0,20,0.0,0.000282,False,2.9326610565185547,2.499629020690918,5.144739151000977,-8.17360348702616
CausalClaims2,75,there,CausalClaims,False,60,1,20,0.05,0.00204,True,3.828482151031494,3.915905475616455,3.750937223434448,-6.194805471126012
CausalClaims2,76,is,CausalClaims,False,60,2,20,0.1,0.0117,True,0.4144465625286102,0.5959418416023254,0.3851494491100311,-4.448166437178426
CausalClaims2,77,an,CausalClaims,False,60,3,20,0.15,0.00339,True,2.302454948425293,2.636030912399292,2.5243306159973145,-5.686925357589778
CausalClaims2,78,additional,CausalClaims,False,60,4,20,0.2,9.55e-05,False,5.731271743774414,5.593507766723633,5.060649394989014,-9.25638431047759
CausalClaims2,79,variable,CausalClaims,False,60,5,20,0.25,1.32e-05,False,4.830646991729736,4.60322380065918,5.68674898147583,-11.235293728371948
CausalClaims2,80,that,CausalClaims,False,60,6,20,0.3,0.0102,True,1.2900657653808594,1.3122758865356443,0.969204306602478,-4.585367558691911
CausalClaims2,81,we,CausalClaims,False,60,7,20,0.35,0.00347,True,4.762879371643066,4.426887512207031,4.658632755279541,-5.663600685023369
CausalClaims2,82,have,CausalClaims,False,60,8,20,0.4,0.00513,True,3.24122953414917,3.251234531402588,3.467007637023926,-5.272649619799459
CausalClaims2,83,not,CausalClaims,False,60,9,20,0.45,0.0049,True,1.4532934427261353,1.4760854244232178,1.0995124578475952,-5.318520073865556
CausalClaims2,84,accounted,CausalClaims,False,60,10,20,0.5,6.61e-06,False,4.695452690124512,3.6742758750915527,4.115346908569336,-11.926926904100679
CausalClaims2,85,for,CausalClaims,False,60,11,20,0.55,0.0102,True,0.002651986433193,0.0050634481012821,0.00239585689269,-4.585367558691911
CausalClaims2,86,that,CausalClaims,False,60,12,20,0.6,0.0102,True,3.560971260070801,3.004392623901367,2.920992136001587,-4.585367558691911
CausalClaims2,87,is,CausalClaims,False,60,13,20,0.65,0.0117,True,1.675633430480957,2.7197859287261963,2.5934205055236816,-4.448166437178426
CausalClaims2,88,causing,CausalClaims,False,60,14,20,0.7,3.39e-05,False,5.113308906555176,2.76685643196106,2.816434860229492,-10.29209554357787
CausalClaims2,89,both,CausalClaims,False,60,15,20,0.75,0.000617,True,6.053385257720947,6.14194393157959,6.518672943115234,-7.3906415340588865
CausalClaims2,90,poorer,CausalClaims,False,60,16,20,0.8,3.98e-06,False,8.797672271728516,11.454065322875977,10.013457298278809,-12.434228738667928
CausalClaims2,91,grades,CausalClaims,False,60,17,20,0.85,1.91e-05,False,0.6906015872955322,0.8452355861663818,0.9806305766105652,-10.86582222291169
CausalClaims2,92,and,CausalClaims,False,60,18,20,0.9,0.0257,True,0.2882341146469116,0.5592038631439209,0.2912079095840454,-3.661264287080963
CausalClaims2,93,diminished,CausalClaims,False,60,19,20,0.95,4.68e-06,False,7.604152679443359,8.19192123413086,8.960421562194824,-12.272212448034718
CausalClaims2,94,sleep,CausalClaims,False,60,20,20,1.0,0.000112,False,4.092842221260071,5.338115215301514,3.4314154386520386,-9.09701168666918
CausalClaims2,95,.,CausalClaims,True,60,20,20,1.0,0.0,False,,,,
CausalClaims2,96,It,CausalClaims,False,61,0,22,0.0,0.00891,True,3.711591243743897,4.384222984313965,2.8621394634246826,-4.720581037499419
CausalClaims2,97,is,CausalClaims,False,61,1,22,0.0454545454545454,0.0117,True,0.8578444719314575,1.1387450695037842,0.7662636637687683,-4.448166437178426
CausalClaims2,98,plausible,CausalClaims,False,61,2,22,0.0909090909090909,4.37e-06,False,5.295810222625732,6.25413703918457,5.578717231750488,-12.340747548856775
CausalClaims2,99,that,CausalClaims,False,61,3,22,0.1363636363636363,0.0102,True,0.2308050394058227,0.254287838935852,0.1533897370100021,-4.585367558691911
CausalClaims2,100,students,CausalClaims,False,61,4,22,0.1818181818181818,0.000178,False,2.865675687789917,2.3869078159332275,2.7253849506378174,-8.633727007672189
CausalClaims2,101,who,CausalClaims,False,61,5,22,0.2272727272727272,0.00219,True,1.009328007698059,0.7429257035255432,0.3282040953636169,-6.123853735153728
CausalClaims2,102,party,CausalClaims,False,61,6,22,0.2727272727272727,0.000309,False,11.895185470581056,10.682175636291504,11.4488525390625,-8.082169281066529
CausalClaims2,103,have,CausalClaims,False,61,7,22,0.3181818181818182,0.00513,True,4.815189838409424,5.407825469970703,5.962823390960693,-5.272649619799459
CausalClaims2,104,less,CausalClaims,False,61,8,22,0.3636363636363636,0.000309,False,2.2179839611053467,3.0523507595062256,3.45120906829834,-8.082169281066529
CausalClaims2,105,time,CausalClaims,False,61,9,22,0.4090909090909091,0.00195,False,2.8346710205078125,2.569211483001709,3.411598920822144,-6.239925906406482
CausalClaims2,106,to,CausalClaims,False,61,10,22,0.4545454545454545,0.0269,True,0.6258420348167419,0.7392288446426392,0.7687968611717224,-3.6156289923743437
CausalClaims2,107,study,CausalClaims,False,61,11,22,0.5,0.000182,False,3.435016870498657,2.264060735702514,1.8332011699676516,-8.611503870887478
CausalClaims2,108,and,CausalClaims,False,61,12,22,0.5454545454545454,0.0257,True,1.444915533065796,1.7316155433654783,2.3418710231781006,-3.661264287080963
CausalClaims2,109,sleep,CausalClaims,False,61,13,22,0.5909090909090909,0.000112,False,3.477317571640014,3.3848719596862797,2.103510618209839,-9.09701168666918
CausalClaims2,110,so,CausalClaims,False,61,14,22,0.6363636363636364,0.00331,True,6.211822509765625,5.799286365509033,6.230563163757324,-5.710807089593166
CausalClaims2,111,they,CausalClaims,False,61,15,22,0.6818181818181818,0.00316,True,1.2957819700241089,1.8044558763504028,2.4211268424987797,-5.757183251383316
CausalClaims2,112,achieve,CausalClaims,False,61,16,22,0.7272727272727273,3.72e-05,False,8.285615921020508,6.98431396484375,6.09135627746582,-10.199201796685173
CausalClaims2,113,lower,CausalClaims,False,61,17,22,0.7727272727272727,0.000129,False,2.3191351890563965,1.1581830978393557,0.6368406414985657,-8.955698153602603
CausalClaims2,114,grades,CausalClaims,False,61,18,22,0.8181818181818182,1.91e-05,False,0.1289465129375457,0.3654996752738952,0.1186326071619987,-10.86582222291169
CausalClaims2,115,and,CausalClaims,False,61,19,22,0.8636363636363636,0.0257,True,2.133331298828125,2.3934426307678223,3.7728326320648193,-3.661264287080963
CausalClaims2,116,are,CausalClaims,False,61,20,22,0.9090909090909092,0.0055,True,3.0197439193725586,3.566392421722412,3.2212367057800293,-5.2030071867437115
CausalClaims2,117,also,CausalClaims,False,61,21,22,0.9545454545454546,0.00155,False,4.984429359436035,3.554292917251587,3.851232767105103,-6.469500348050982
CausalClaims2,118,sleep-deprived,CausalClaims,False,61,22,22,1.0,4.69e-06,False,11.577950781909747,9.783692069351671,9.744147084653378,-12.270077975506085
CausalClaims2,119,.,CausalClaims,True,61,22,22,1.0,0.0,False,,,,
CausalClaims3,1,When,CausalClaims,False,62,0,25,0.0,0.00234,True,5.78995943069458,5.771784782409668,4.579450130462647,-6.057604349612527
CausalClaims3,2,we,CausalClaims,False,62,1,25,0.04,0.00347,True,3.613770723342896,4.068245887756348,2.3344829082489014,-5.663600685023369
CausalClaims3,3,design,CausalClaims,False,62,2,25,0.08,0.000148,False,8.446601867675781,9.440232276916504,8.806532859802246,-8.818298284200159
CausalClaims3,4,investigations,CausalClaims,False,62,3,25,0.12,1.62e-05,False,12.573491096496582,13.768939018249512,8.774309158325195,-11.030499315725935
CausalClaims3,5,that,CausalClaims,False,62,4,25,0.16,0.0102,True,3.439058542251587,3.412836790084839,2.201810359954834,-4.585367558691911
CausalClaims3,6,compare,CausalClaims,False,62,5,25,0.2,2.82e-05,False,7.38863468170166,8.333367347717285,5.557919502258301,-10.476188580020207
CausalClaims3,7,existing,CausalClaims,False,62,6,25,0.24,5.62e-05,False,6.449914455413818,7.838617324829102,8.533894538879395,-9.78659380106463
CausalClaims3,8,groups,CausalClaims,False,62,7,25,0.28,0.000132,False,7.647486686706543,8.279520988464355,7.067775726318359,-8.932708635377903
CausalClaims3,9,of,CausalClaims,False,62,8,25,0.32,0.0251,True,0.8066763877868652,1.2544710636138916,0.5861827731132507,-3.684887432844399
CausalClaims3,10,people,CausalClaims,False,62,9,25,0.36,0.00178,False,2.371882677078247,1.0172241926193235,1.9995803833007808,-6.331141914678144
CausalClaims3,11,such,CausalClaims,False,62,10,25,0.4,0.000692,True,8.369914054870605,7.849183082580566,7.345393180847168,-7.275924602346604
CausalClaims3,12,as,CausalClaims,False,62,11,25,0.44,0.00589,True,0.0213831029832363,0.0086711319163441,0.0106670903041958,-5.134499281318642
CausalClaims3,13,the,CausalClaims,False,62,12,25,0.48,0.0537,True,2.9723753929138184,2.175925970077514,2.8463926315307617,-2.9243422774673182
CausalClaims3,14,previous,CausalClaims,False,62,13,25,0.52,0.0001,False,9.368144989013672,8.333446502685547,5.620637893676758,-9.210340371976182
CausalClaims3,15,example,CausalClaims,False,62,14,25,0.56,0.000186,False,6.044170379638672,7.389530181884766,7.542105197906494,-8.589763884251074
CausalClaims3,16,about,CausalClaims,False,62,15,25,0.6,0.00251,True,7.414395809173584,7.470438003540039,6.534141540527344,-5.987472525838444
CausalClaims3,17,students,CausalClaims,False,62,16,25,0.64,0.000178,False,6.9849138259887695,7.120235443115234,3.742494583129883,-8.633727007672189
CausalClaims3,18,pulling,CausalClaims,False,62,17,25,0.68,2.24e-05,False,9.557781219482422,8.915879249572754,7.944090366363525,-10.70644959910328
CausalClaims3,19,an,CausalClaims,False,62,18,25,0.72,0.00339,True,5.038025856018066,4.775666236877441,0.2006660103797912,-5.686925357589778
CausalClaims3,20,all-nighter,CausalClaims,False,62,19,25,0.76,4.57e-07,False,9.094095349311829,8.280780971050262,0.3318608589470386,-14.598582446052207
CausalClaims3,21,this,CausalClaims,False,62,20,25,0.8,0.00661,True,7.922370433807373,8.338667869567871,6.9311842918396,-5.019171625118542
CausalClaims3,22,is,CausalClaims,False,62,21,25,0.84,0.0117,True,2.2159676551818848,1.9906744956970213,1.7315555810928345,-4.448166437178426
CausalClaims3,23,called,CausalClaims,False,62,22,25,0.88,0.000389,False,5.113076210021973,4.980935096740723,5.91612720489502,-7.851931214345828
CausalClaims3,24,a,CausalClaims,False,62,23,25,0.92,0.0229,True,1.636377453804016,1.954491376876831,1.3218905925750732,-3.776618368421943
CausalClaims3,25,quasi-experimental,CausalClaims,False,62,24,25,0.96,2.66e-06,False,10.630360789597034,14.15651098638773,7.211867855861783,-12.837184435170666
CausalClaims3,26,design,CausalClaims,False,62,25,25,1.0,0.000148,False,2.3386351466178894,3.522941768169403,0.9265122413635254,-8.818298284200159
CausalClaims3,27,.,CausalClaims,True,62,25,25,1.0,0.0,False,,,,
CausalClaims3,28,This,CausalClaims,False,63,0,24,0.0,0.00661,True,2.59851598739624,2.87088680267334,2.36812686920166,-5.019171625118542
CausalClaims3,29,resembles,CausalClaims,False,63,1,24,0.0416666666666666,5.13e-06,False,8.843381881713867,8.427337646484375,8.850533485412598,-12.180404898781596
CausalClaims3,30,an,CausalClaims,False,63,2,24,0.0833333333333333,0.00339,True,2.986478328704834,2.7938504219055176,2.696561574935913,-5.686925357589778
CausalClaims3,31,experiment,CausalClaims,False,63,3,24,0.125,2.4e-05,False,2.51769757270813,2.0265488624572754,1.1810190677642822,-10.637456727616328
CausalClaims3,32,because,CausalClaims,False,63,4,24,0.1666666666666666,0.00107,True,5.410587310791016,4.241101264953613,5.305633544921875,-6.840096630508322
CausalClaims3,33,participants,CausalClaims,False,63,5,24,0.2083333333333333,2.51e-05,False,5.607555866241455,6.61219596862793,3.5565733909606934,-10.592642711826535
CausalClaims3,34,are,CausalClaims,False,63,6,24,0.25,0.0055,True,1.2189334630966189,1.7812550067901611,1.3690297603607178,-5.2030071867437115
CausalClaims3,35,separated,CausalClaims,False,63,7,24,0.2916666666666667,2e-05,False,6.4628071784973145,6.728626251220703,7.529732704162598,-10.819778284410283
CausalClaims3,36,into,CausalClaims,False,63,8,24,0.3333333333333333,0.00129,True,0.9025181531906128,1.3488496541976929,1.049511194229126,-6.653113060608557
CausalClaims3,37,distinct,CausalClaims,False,63,9,24,0.375,1.95e-05,False,5.758828163146973,4.861765384674072,6.0326361656188965,-10.845096092394574
CausalClaims3,38,groups,CausalClaims,False,63,10,24,0.4166666666666667,0.000132,False,0.3955274820327759,0.4407843053340912,0.1142458617687225,-8.932708635377903
CausalClaims3,39,and,CausalClaims,False,63,11,24,0.4583333333333333,0.0257,True,1.612688422203064,2.341238498687744,1.617342233657837,-3.661264287080963
CausalClaims3,40,compared,CausalClaims,False,63,12,24,0.5,8.32e-05,False,5.936030387878418,6.316762924194336,6.989500999450684,-9.394263210137112
CausalClaims3,41,however,CausalClaims,False,63,13,24,0.5416666666666666,0.00038,False,10.542963981628418,9.793282508850098,9.633824348449709,-7.875339305243843
CausalClaims3,42,the,CausalClaims,False,63,14,24,0.5833333333333334,0.0537,True,3.1822316646575928,2.2971651554107666,2.027438163757324,-2.9243422774673182
CausalClaims3,43,subjects,CausalClaims,False,63,15,24,0.625,2.4e-05,False,6.55764102935791,6.907120704650879,5.643350601196289,-10.637456727616328
CausalClaims3,45,are,CausalClaims,False,63,16,24,0.6666666666666666,0.0055,True,2.100624322891236,1.3716686964035034,1.3027187585830688,-5.2030071867437115
CausalClaims3,46,selected,CausalClaims,False,63,17,24,0.7083333333333334,4.79e-05,False,5.12276554107666,5.652042388916016,4.859248638153076,-9.946395053547404
CausalClaims3,47,based,CausalClaims,False,63,18,24,0.75,0.000324,False,4.52166748046875,3.230522632598877,2.4824001789093018,-8.034767042171945
CausalClaims3,48,on,CausalClaims,False,63,19,24,0.7916666666666666,0.00813,True,0.0616291761398315,0.0423267520964145,0.0371873527765274,-4.812194355422418
CausalClaims3,49,pre-existing,CausalClaims,False,63,20,24,0.8333333333333334,3.45e-05,False,9.09887319803238,9.58862966299057,9.223212227225304,-10.27455123392696
CausalClaims3,50,values,CausalClaims,False,63,21,24,0.875,4.68e-05,False,4.668992042541504,5.962913990020752,6.964932441711426,-9.969627355040673
CausalClaims3,51,of,CausalClaims,False,63,22,24,0.9166666666666666,0.0251,True,2.1684775352478027,2.0902910232543945,1.7279915809631348,-3.684887432844399
CausalClaims3,52,a,CausalClaims,False,63,23,24,0.9583333333333334,0.0229,True,4.077247619628906,3.2194297313690186,4.557831287384033,-3.776618368421943
CausalClaims3,53,variable,CausalClaims,False,63,24,24,1.0,1.32e-05,False,5.164032578468323,6.782091379165649,5.285237789154053,-11.235293728371948
CausalClaims3,54,.,CausalClaims,True,63,24,24,1.0,0.0,False,,,,
CausalClaims3,55,Quasi-experiments,CausalClaims,False,64,0,8,0.0,2.59e-06,False,15.259586059488356,13.698263630270958,14.6637531965971,-12.863852682252828
CausalClaims3,56,are,CausalClaims,False,64,1,8,0.125,0.0055,True,1.173367261886597,0.799868106842041,1.3050434589385986,-5.2030071867437115
CausalClaims3,57,technically,CausalClaims,False,64,2,8,0.25,1.26e-05,False,8.976306915283203,7.378415107727051,8.648746490478516,-11.281813744006842
CausalClaims3,58,a,CausalClaims,False,64,3,8,0.375,0.0229,True,3.4785587787628174,3.862516164779663,4.181753635406494,-3.776618368421943
CausalClaims3,59,subtype,CausalClaims,False,64,4,8,0.5,6.46e-07,False,7.586060047149658,9.23218822479248,9.494736671447754,-14.25246633316381
CausalClaims3,60,of,CausalClaims,False,64,5,8,0.625,0.0251,True,0.0891939774155616,0.2524236440658569,0.1378989666700363,-3.684887432844399
CausalClaims3,61,correlational,CausalClaims,False,64,6,8,0.75,7.41e-08,False,8.044811844825745,12.679641783237455,9.018846705555916,-16.41785030464437
CausalClaims3,62,experimental,CausalClaims,False,64,7,8,0.875,1.91e-05,False,7.316908359527588,6.063041687011719,6.92641019821167,-10.86582222291169
CausalClaims3,63,design,CausalClaims,False,64,8,8,1.0,0.000148,False,2.0271978080272675,1.1101268827915192,1.4230815470218658,-8.818298284200159
CausalClaims3,64,.,CausalClaims,True,64,8,8,1.0,0.0,False,,,,
CausalClaims3,65,In,CausalClaims,False,65,0,36,0.0,0.0186,True,2.826066493988037,3.1703097820281982,2.876454591751098,-3.9845936982629815
CausalClaims3,66,a,CausalClaims,False,65,1,36,0.0277777777777777,0.0229,True,2.8043112754821777,2.883781909942627,2.768037796020508,-3.776618368421943
CausalClaims3,67,correlational,CausalClaims,False,65,2,36,0.0555555555555555,7.41e-08,False,4.227332198759541,4.635637466795743,5.518420431762934,-16.41785030464437
CausalClaims3,68,design,CausalClaims,False,65,3,36,0.0833333333333333,0.000148,False,0.089434266090393,0.956192672252655,0.7926329970359802,-8.818298284200159
CausalClaims3,69,a,CausalClaims,False,65,4,36,0.1111111111111111,0.0229,True,2.54660701751709,2.911218881607056,2.83894157409668,-3.776618368421943
CausalClaims3,70,whole,CausalClaims,False,65,5,36,0.1388888888888889,0.000288,False,7.562068462371826,5.040822982788086,4.820547103881836,-8.152550077828328
CausalClaims3,71,population,CausalClaims,False,65,6,36,0.1666666666666666,0.000102,False,5.039881706237793,4.895421981811523,5.190750598907471,-9.190537744680004
CausalClaims3,72,of,CausalClaims,False,65,7,36,0.1944444444444444,0.0251,True,1.6867954730987549,0.5255014896392822,0.4876214265823364,-3.684887432844399
CausalClaims3,73,individuals,CausalClaims,False,65,8,36,0.2222222222222222,6.46e-05,False,2.1894800662994385,3.4482674598693848,3.181063652038574,-9.647296147175718
CausalClaims3,74,are,CausalClaims,False,65,9,36,0.25,0.0055,True,1.9550031423568728,1.6775623559951782,1.6724448204040527,-5.2030071867437115
CausalClaims3,75,studied,CausalClaims,False,65,10,36,0.2777777777777778,3.09e-05,False,4.670181274414063,5.166744232177734,4.966974258422852,-10.384754374060574
CausalClaims3,76,and,CausalClaims,False,65,11,36,0.3055555555555556,0.0257,True,1.883094787597656,1.5076531171798706,1.400346755981445,-3.661264287080963
CausalClaims3,77,the,CausalClaims,False,65,12,36,0.3333333333333333,0.0537,True,2.6551663875579834,2.114763021469116,2.254944324493408,-2.9243422774673182
CausalClaims3,78,values,CausalClaims,False,65,13,36,0.3611111111111111,4.68e-05,False,5.462461948394775,4.627958297729492,5.676625728607178,-9.969627355040673
CausalClaims3,79,of,CausalClaims,False,65,14,36,0.3888888888888889,0.0251,True,0.9632810950279236,0.901403784751892,1.128036379814148,-3.684887432844399
CausalClaims3,80,two,CausalClaims,False,65,15,36,0.4166666666666667,0.00126,False,6.126290798187256,6.125569343566895,5.769158363342285,-6.676643558018751
CausalClaims3,81,(,CausalClaims,True,65,15,36,0.4166666666666667,0.0,False,6.075566291809082,6.069334983825684,6.577363014221191,
CausalClaims3,82,more,CausalClaims,False,65,16,36,0.4444444444444444,0.00229,True,11.719229698181152,12.84783172607422,12.425028800964355,-6.079203461415989
CausalClaims3,83,variables,CausalClaims,False,65,17,36,0.4722222222222222,9.33e-06,False,6.537459373474121,6.353442192077637,6.34442949295044,-11.582275543105021
CausalClaims3,84,associated,CausalClaims,False,65,18,36,0.5,7.76e-05,False,7.012784004211426,8.393767356872559,7.947124004364014,-9.463943130775101
CausalClaims3,85,with,CausalClaims,False,65,19,36,0.5277777777777778,0.00708,True,0.2211609929800033,0.2652973234653473,0.3104927539825439,-4.950481371276509
CausalClaims3,86,each,CausalClaims,False,65,20,36,0.5555555555555556,0.00049,True,2.7609667778015137,3.0316147804260254,2.921721935272217,-7.621105166859602
CausalClaims3,87,subject,CausalClaims,False,65,21,36,0.5833333333333334,9.12e-05,False,4.374820709228516,3.1579477787017822,3.9273006916046143,-9.302455660883988
CausalClaims3,89,in,CausalClaims,False,65,22,36,0.6111111111111112,0.0186,True,4.032697677612305,4.281733989715576,4.72005033493042,-3.9845936982629815
CausalClaims3,90,the,CausalClaims,False,65,23,36,0.6388888888888888,0.0537,True,0.8778665661811829,1.2126506567001345,1.219698190689087,-2.9243422774673182
CausalClaims3,91,population,CausalClaims,False,65,24,36,0.6666666666666666,0.000102,False,3.0544273853302,4.683226585388184,4.809490203857422,-9.190537744680004
CausalClaims3,92,are,CausalClaims,False,65,25,36,0.6944444444444444,0.0055,True,4.582718849182129,3.583008289337158,3.87902307510376,-5.2030071867437115
CausalClaims3,93,measured,CausalClaims,False,65,26,36,0.7222222222222222,1.78e-05,False,3.8545095920562735,4.439475059509277,4.06550931930542,-10.936312100666235
CausalClaims3,94,and,CausalClaims,False,65,27,36,0.75,0.0257,True,3.007822036743164,2.5687386989593506,2.7261643409729004,-3.661264287080963
CausalClaims3,95,the,CausalClaims,False,65,28,36,0.7777777777777778,0.0537,True,2.233731508255005,2.205245018005371,2.2188644409179688,-2.9243422774673182
CausalClaims3,96,correlation,CausalClaims,False,65,29,36,0.8055555555555556,7.24e-06,False,4.106869697570801,4.90863037109375,4.64141321182251,-11.83588935156665
CausalClaims3,97,between,CausalClaims,False,65,30,36,0.8333333333333334,0.000589,True,1.30589759349823,1.1167407035827637,0.6447257399559021,-7.437084374312687
CausalClaims3,98,them,CausalClaims,False,65,31,36,0.8611111111111112,0.00155,True,2.37418270111084,2.922675132751465,2.668842315673828,-6.469500348050982
CausalClaims3,99,computed,CausalClaims,False,65,32,36,0.8888888888888888,2.04e-06,False,9.55800437927246,11.21546459197998,11.451595306396484,-13.102560750108148
CausalClaims3,100,at,CausalClaims,False,65,33,36,0.9166666666666666,0.00501,True,5.3628010749816895,5.770307540893555,6.053125381469727,-5.296319363885364
CausalClaims3,101,the,CausalClaims,False,65,34,36,0.9444444444444444,0.0537,True,1.0321753025054932,1.028473734855652,1.300881028175354,-2.9243422774673182
CausalClaims3,102,population,CausalClaims,False,65,35,36,0.9722222222222222,0.000102,False,3.649972915649414,5.035721778869629,6.393077850341797,-9.190537744680004
CausalClaims3,103,level,CausalClaims,False,65,36,36,1.0,0.000257,False,4.046877339482307,3.2908802032470703,2.8189431950449944,-8.266434473069054
CausalClaims3,104,.,CausalClaims,True,65,36,36,1.0,0.0,False,,,,
CausalClaims3,110,or,CausalClaims,False,66,0,22,0.0,0.00347,True,9.050806045532228,9.972681045532228,10.664754867553713,-5.663600685023369
CausalClaims3,111,),CausalClaims,True,66,0,22,0.0,0.0,False,5.349166870117188,4.176400184631348,4.392475128173828,
CausalClaims4,1,The,CausalClaims,False,66,1,22,0.0454545454545454,0.0537,True,3.2761731147766118,3.5087358951568604,7.181482791900635,-2.9243422774673182
CausalClaims4,2,hallmark,CausalClaims,False,66,2,22,0.0909090909090909,2.34e-06,False,11.046703338623049,11.699088096618652,12.103673934936523,-12.965359628594664
CausalClaims4,3,of,CausalClaims,False,66,3,22,0.1363636363636363,0.0251,True,0.3158567249774933,0.2598312199115753,0.064237006008625,-3.684887432844399
CausalClaims4,4,a,CausalClaims,False,66,4,22,0.1818181818181818,0.0229,True,2.2264180183410645,1.3017539978027344,0.9766342043876648,-3.776618368421943
CausalClaims4,5,true,CausalClaims,False,66,5,22,0.2272727272727272,0.000251,False,4.900012969970703,4.306504249572754,6.028757095336914,-8.29005761883249
CausalClaims4,6,experimental,CausalClaims,False,66,6,22,0.2727272727272727,1.91e-05,False,9.726097106933594,11.355690956115724,4.9059906005859375,-10.86582222291169
CausalClaims4,7,design,CausalClaims,False,66,7,22,0.3181818181818182,0.000148,False,3.9692866802215576,5.591030120849609,0.0374119877815246,-8.818298284200159
CausalClaims4,8,at,CausalClaims,False,66,8,22,0.3636363636363636,0.00501,True,7.139724254608154,7.240601539611816,9.612858772277832,-5.296319363885364
CausalClaims4,9,least,CausalClaims,False,66,9,22,0.4090909090909091,0.000275,False,5.395569801330566,3.561260938644409,1.7711706161499023,-8.198739460297702
CausalClaims4,10,for,CausalClaims,False,66,10,22,0.4545454545454545,0.0102,True,3.0350589752197266,2.3691964149475098,3.081277847290039,-4.585367558691911
CausalClaims4,11,studies,CausalClaims,False,66,11,22,0.5,9.55e-05,False,8.787652015686035,10.395580291748049,5.223703861236572,-9.25638431047759
CausalClaims4,12,investigating,CausalClaims,False,66,12,22,0.5454545454545454,1.2e-05,False,6.549798965454102,8.693324089050293,6.549192428588867,-11.330603908176274
CausalClaims4,13,between,CausalClaims,False,66,13,22,0.5909090909090909,0.000589,True,10.658252716064451,10.590707778930664,9.29744815826416,-7.437084374312687
CausalClaims4,14,subjects,CausalClaims,False,66,14,22,0.6363636363636364,2.4e-05,False,7.213305950164795,9.086010932922363,4.507458209991455,-10.637456727616328
CausalClaims4,15,effects,CausalClaims,False,66,15,22,0.6818181818181818,7.76e-05,False,11.893727779388428,13.246855735778809,12.770023822784424,-9.463943130775101
CausalClaims4,16,",",CausalClaims,True,66,15,22,0.6818181818181818,0.0,False,,,,
CausalClaims4,17,is,CausalClaims,False,66,16,22,0.7272727272727273,0.0117,True,3.131808996200561,2.2364377975463867,0.7206613421440125,-4.448166437178426
CausalClaims4,18,random,CausalClaims,False,66,17,22,0.7727272727272727,3.8e-05,False,7.785274028778076,8.014472007751465,7.1704607009887695,-10.177924398237888
CausalClaims4,19,assignment,CausalClaims,False,66,18,22,0.8181818181818182,1.51e-05,False,2.733022928237915,7.626893043518066,6.368983268737793,-11.100815814143395
CausalClaims4,20,of,CausalClaims,False,66,19,22,0.8636363636363636,0.0251,True,1.058451771736145,1.2388088703155518,0.9058958292007446,-3.684887432844399
CausalClaims4,21,participants,CausalClaims,False,66,20,22,0.9090909090909092,2.51e-05,False,4.390948295593262,6.117405891418457,3.1698899269104004,-10.592642711826535
CausalClaims4,22,to,CausalClaims,False,66,21,22,0.9545454545454546,0.0269,True,0.4552501738071441,2.004947662353516,1.2258007526397705,-3.6156289923743437
CausalClaims4,23,conditions,CausalClaims,False,66,22,22,1.0,9.55e-05,False,8.017432689666748,10.530664205551147,11.55992341041565,-9.25638431047759
CausalClaims4,24,.,CausalClaims,True,66,22,22,1.0,0.0,False,,,,
CausalClaims4,25,If,CausalClaims,False,67,0,30,0.0,0.00295,True,4.881842136383057,3.28711485862732,3.350681781768799,-5.825950108630408
CausalClaims4,26,a,CausalClaims,False,67,1,30,0.0333333333333333,0.0229,True,2.2691903114318848,2.2864673137664795,1.9786137342453003,-3.776618368421943
CausalClaims4,27,researcher,CausalClaims,False,67,2,30,0.0666666666666666,8.32e-06,False,4.74609899520874,4.563843727111816,4.266845226287842,-11.696848303131157
CausalClaims4,28,intends,CausalClaims,False,67,3,30,0.1,4.9e-06,False,6.125982284545898,6.577945709228516,7.053593635559082,-12.226275352847694
CausalClaims4,29,to,CausalClaims,False,67,4,30,0.1333333333333333,0.0269,True,0.17542065680027,0.0813480615615844,0.0628043636679649,-3.6156289923743437
CausalClaims4,30,test,CausalClaims,False,67,5,30,0.1666666666666666,0.000155,False,2.655614852905273,3.260863780975342,2.6129727363586426,-8.772085441045027
CausalClaims4,31,the,CausalClaims,False,67,6,30,0.2,0.0537,True,1.625897765159607,1.891119360923767,2.0648975372314453,-2.9243422774673182
CausalClaims4,32,claim,CausalClaims,False,67,7,30,0.2333333333333333,8.91e-05,False,6.841439247131348,7.127227783203125,7.443488597869873,-9.32575122348751
CausalClaims4,33,that,CausalClaims,False,67,8,30,0.2666666666666666,0.0102,True,0.4706823229789734,2.3174591064453125,0.5003233551979065,-4.585367558691911
CausalClaims4,34,not,CausalClaims,False,67,9,30,0.3,0.0049,True,7.137052536010742,7.998854160308838,5.943698406219482,-5.318520073865556
CausalClaims4,35,getting,CausalClaims,False,67,10,30,0.3333333333333333,0.000372,False,7.932421684265137,7.209458827972412,1.7907428741455078,-7.8966167036911274
CausalClaims4,36,enough,CausalClaims,False,67,11,30,0.3666666666666666,0.000347,False,2.9528679847717285,3.8678905963897705,0.4677278697490692,-7.966185778017415
CausalClaims4,37,sleep,CausalClaims,False,67,12,30,0.4,0.000112,False,0.8658294081687927,2.2538952827453613,0.0116973938420414,-9.09701168666918
CausalClaims4,38,causes,CausalClaims,False,67,13,30,0.4333333333333333,4.27e-05,False,3.9998722076416016,3.5403151512146,1.2767060995101929,-10.061311637729695
CausalClaims4,39,students,CausalClaims,False,67,14,30,0.4666666666666667,0.000178,False,8.715682029724121,10.115055084228516,4.1221022605896,-8.633727007672189
CausalClaims4,40,to,CausalClaims,False,67,15,30,0.5,0.0269,True,0.1061459258198738,0.4898304939270019,0.2055469304323196,-3.6156289923743437
CausalClaims4,41,achieve,CausalClaims,False,67,16,30,0.5333333333333333,3.72e-05,False,6.3912553787231445,6.298996925354004,1.1698803901672363,-10.199201796685173
CausalClaims4,42,lower,CausalClaims,False,67,17,30,0.5666666666666667,0.000129,False,4.664473056793213,4.571146965026856,0.324769526720047,-8.955698153602603
CausalClaims4,43,grades,CausalClaims,False,67,18,30,0.6,1.91e-05,False,2.4916253089904785,2.998306810855865,0.8315226957201958,-10.86582222291169
CausalClaims4,44,",",CausalClaims,True,67,18,30,0.6,0.0,False,,,,
CausalClaims4,45,they,CausalClaims,False,67,19,30,0.6333333333333333,0.00316,True,3.283165454864502,2.135804414749145,2.516432762145996,-5.757183251383316
CausalClaims4,46,would,CausalClaims,False,67,20,30,0.6666666666666666,0.00186,False,3.485905647277832,3.826936960220337,3.6254615783691406,-6.287178791257027
CausalClaims4,47,need,CausalClaims,False,67,21,30,0.7,0.000933,False,1.5164871215820312,1.8061925172805784,1.8719347715377808,-6.977105357116931
CausalClaims4,48,to,CausalClaims,False,67,22,30,0.7333333333333333,0.0269,True,0.1753656417131424,0.210836112499237,0.133090853691101,-3.6156289923743437
CausalClaims4,49,assign,CausalClaims,False,67,23,30,0.7666666666666667,4.57e-06,False,4.697279453277588,4.3373212814331055,3.844449758529663,-12.29599735305816
CausalClaims4,50,students,CausalClaims,False,67,24,30,0.8,0.000178,False,2.5632071495056152,2.8140463829040527,3.3122057914733887,-8.633727007672189
CausalClaims4,51,at,CausalClaims,False,67,25,30,0.8333333333333334,0.00501,True,3.962515115737915,4.794105052947998,3.429070234298706,-5.296319363885364
CausalClaims4,52,random,CausalClaims,False,67,26,30,0.8666666666666667,3.8e-05,False,2.4987964630126958,2.2981550693511963,0.0539650358259677,-10.177924398237888
CausalClaims4,53,to,CausalClaims,False,67,27,30,0.9,0.0269,True,0.6879017353057861,1.0115102529525757,0.4071237742900848,-3.6156289923743437
CausalClaims4,54,contrasting,CausalClaims,False,67,28,30,0.9333333333333332,2.88e-06,False,11.100229263305664,11.393198013305664,11.658620834350586,-12.75772026381642
CausalClaims4,55,sleep,CausalClaims,False,67,29,30,0.9666666666666668,0.000112,False,3.848351001739502,3.6135971546173096,4.798810005187988,-9.09701168666918
CausalClaims4,56,conditions,CausalClaims,False,67,30,30,1.0,9.55e-05,False,2.411942780017853,3.504826843738556,4.049401342868805,-9.25638431047759
CausalClaims4,57,.,CausalClaims,True,67,30,30,1.0,0.0,False,,,,
CausalClaims4,58,One,CausalClaims,False,68,0,13,0.0,0.00295,False,4.481009006500244,4.871734142303467,4.909846782684326,-5.825950108630408
CausalClaims4,59,condition,CausalClaims,False,68,1,13,0.0769230769230769,7.24e-05,False,6.928504467010498,6.22397518157959,6.76632022857666,-9.533304258572603
CausalClaims4,60,would,CausalClaims,False,68,2,13,0.1538461538461538,0.00186,False,2.7288076877593994,2.253978729248047,2.990356683731079,-6.287178791257027
CausalClaims4,61,receive,CausalClaims,False,68,3,13,0.2307692307692307,7.08e-05,False,6.348266124725342,9.889776229858398,10.121376037597656,-9.5556515572646
CausalClaims4,62,plentiful,CausalClaims,False,68,4,13,0.3076923076923077,2.29e-06,False,12.02112865447998,12.74835968017578,13.39055633544922,-12.986958740398126
CausalClaims4,63,sleep,CausalClaims,False,68,5,13,0.3846153846153846,0.000112,False,1.376780986785889,2.033965587615967,1.1975038051605225,-9.09701168666918
CausalClaims4,64,while,CausalClaims,False,68,6,13,0.4615384615384615,0.000724,True,3.8499255180358887,2.4230823516845703,2.710383892059326,-7.230719165578558
CausalClaims4,65,the,CausalClaims,False,68,7,13,0.5384615384615384,0.0537,True,0.5921357274055481,0.6038259267807007,0.8852000832557678,-2.9243422774673182
CausalClaims4,66,other,CausalClaims,False,68,8,13,0.6153846153846154,0.00145,True,0.1110905855894088,0.042585652321577,0.0681681632995605,-6.536191722549654
CausalClaims4,67,group,CausalClaims,False,68,9,13,0.6923076923076923,0.000372,False,6.034905433654785,6.997635841369629,6.9635210037231445,-7.8966167036911274
CausalClaims4,68,would,CausalClaims,False,68,10,13,0.7692307692307693,0.00186,False,0.6169854998588562,1.313010811805725,1.5398412942886353,-6.287178791257027
CausalClaims4,69,get,CausalClaims,False,68,11,13,0.8461538461538461,0.00191,False,2.6745591163635254,1.4326013326644895,1.4167530536651611,-6.260652036923599
CausalClaims4,70,no,CausalClaims,False,68,12,13,0.9230769230769232,0.00224,True,3.063484668731689,3.922840118408203,3.888593196868897,-6.101279413115189
CausalClaims4,71,sleep,CausalClaims,False,68,13,13,1.0,0.000112,False,0.9982549771666528,1.1576040089130402,1.2023577094078064,-9.09701168666918
CausalClaims4,72,.,CausalClaims,True,68,13,13,1.0,0.0,False,,,,
CausalClaims4,73,They,CausalClaims,False,69,0,27,0.0,0.00316,True,6.359860420227051,5.944705486297607,5.53990650177002,-5.757183251383316
CausalClaims4,74,would,CausalClaims,False,69,1,27,0.037037037037037,0.00186,False,1.2212380170822144,0.5700199007987976,0.4854795634746551,-6.287178791257027
CausalClaims4,75,then,CausalClaims,False,69,2,27,0.074074074074074,0.00117,True,1.077324628829956,2.363755464553833,2.083332061767578,-6.750751530172472
CausalClaims4,76,ascertain,CausalClaims,False,69,3,27,0.1111111111111111,1.95e-06,False,8.670454978942871,9.092941284179688,8.899303436279297,-13.147681185388619
CausalClaims4,77,whether,CausalClaims,False,69,4,27,0.1481481481481481,0.000209,False,1.178349494934082,1.5456163883209229,1.1982284784317017,-8.473176305999463
CausalClaims4,78,the,CausalClaims,False,69,5,27,0.1851851851851851,0.0537,True,1.250349998474121,1.1279759407043457,1.3141714334487915,-2.9243422774673182
CausalClaims4,79,students,CausalClaims,False,69,6,27,0.2222222222222222,0.000178,False,2.181136131286621,2.8253490924835205,3.4546918869018555,-8.633727007672189
CausalClaims4,80,who,CausalClaims,False,69,7,27,0.2592592592592592,0.00219,True,2.1383557319641118,1.8163446187973025,1.1727373600006104,-6.123853735153728
CausalClaims4,81,got,CausalClaims,False,69,8,27,0.2962962962962963,0.000813,False,1.5513651371002195,1.59492027759552,2.123389959335327,-7.1147794484164635
CausalClaims4,82,less,CausalClaims,False,69,9,27,0.3333333333333333,0.000309,False,3.262735605239868,2.7146286964416504,1.2316737174987793,-8.082169281066529
CausalClaims4,83,sleep,CausalClaims,False,69,10,27,0.3703703703703703,0.000112,False,0.1774632632732391,0.0607575662434101,0.011458302848041,-9.09701168666918
CausalClaims4,84,also,CausalClaims,False,69,11,27,0.4074074074074074,0.00155,False,5.2674055099487305,6.792224884033203,6.605006217956543,-6.469500348050982
CausalClaims4,85,got,CausalClaims,False,69,12,27,0.4444444444444444,0.000813,False,0.9043129682540894,0.4525057375431061,0.7241750955581665,-7.1147794484164635
CausalClaims4,86,lower,CausalClaims,False,69,13,27,0.4814814814814814,0.000129,False,5.463682174682617,4.016571521759033,2.248016357421875,-8.955698153602603
CausalClaims4,87,grades,CausalClaims,False,69,14,27,0.5185185185185185,1.91e-05,False,0.0411636196076869,0.0685063973069191,0.0216492302715778,-10.86582222291169
CausalClaims4,88,on,CausalClaims,False,69,15,27,0.5555555555555556,0.00813,True,4.705945014953613,5.036840438842773,5.059630870819092,-4.812194355422418
CausalClaims4,89,their,CausalClaims,False,69,16,27,0.5925925925925926,0.00214,True,3.7075486183166495,2.4147961139678955,2.2364068031311035,-6.1469494499483766
CausalClaims4,90,college,CausalClaims,False,69,17,27,0.6296296296296297,0.000186,False,7.612454891204834,6.527675628662109,7.220036506652832,-8.589763884251074
CausalClaims4,91,assessments,CausalClaims,False,69,18,27,0.6666666666666666,6.17e-06,False,6.5200605392456055,7.001307249069214,7.353559494018555,-11.995811720046978
CausalClaims4,92,",",CausalClaims,True,69,18,27,0.6666666666666666,0.0,False,,,,
CausalClaims4,93,compared,CausalClaims,False,69,19,27,0.7037037037037037,8.32e-05,False,5.003388404846191,6.019903182983398,6.374015331268311,-9.394263210137112
CausalClaims4,94,to,CausalClaims,False,69,20,27,0.7407407407407407,0.0269,True,0.4027518928050995,0.2286657840013504,0.3643013536930084,-3.6156289923743437
CausalClaims4,95,the,CausalClaims,False,69,21,27,0.7777777777777778,0.0537,True,1.6653721332550049,0.8588952422142029,1.0133285522460938,-2.9243422774673182
CausalClaims4,96,control,CausalClaims,False,69,22,27,0.8148148148148148,0.000251,False,3.8091089725494394,4.988040924072266,4.923707008361816,-8.29005761883249
CausalClaims4,97,group,CausalClaims,False,69,23,27,0.8518518518518519,0.000372,False,0.1885322481393814,0.1291140466928482,0.2133874297142028,-7.8966167036911274
CausalClaims4,98,who,CausalClaims,False,69,24,27,0.8888888888888888,0.00219,True,4.1477813720703125,3.041975498199463,2.424998998641968,-6.123853735153728
CausalClaims4,99,got,CausalClaims,False,69,25,27,0.925925925925926,0.000813,False,0.3877831399440765,0.2144473493099212,0.4113269746303558,-7.1147794484164635
CausalClaims4,100,adequate,CausalClaims,False,69,26,27,0.9629629629629628,1.12e-05,False,6.780735492706299,6.027966022491455,5.62657356262207,-11.399596779663225
CausalClaims4,101,sleep,CausalClaims,False,69,27,27,1.0,0.000112,False,0.3165576085448265,0.3063810542225837,0.3717595972120762,-9.09701168666918
CausalClaims4,102,.,CausalClaims,True,69,27,27,1.0,0.0,False,10.360292434692385,10.209906578063965,9.20661735534668,
CausalClaims4,104,-,CausalClaims,False,70,0,16,0.0,0.0,False,,,,
CausalClaims5,1,It,CausalClaims,False,70,1,16,0.0625,0.00891,True,4.695820331573486,4.221243858337402,5.753227233886719,-4.720581037499419
CausalClaims5,2,might,CausalClaims,False,70,2,16,0.125,0.000457,False,4.819564342498779,4.6626505851745605,4.366468906402588,-7.690827167070069
CausalClaims5,3,not,CausalClaims,False,70,3,16,0.1875,0.0049,True,1.8989723920822144,2.3916544914245605,3.246851921081543,-5.318520073865556
CausalClaims5,4,always,CausalClaims,False,70,4,16,0.25,0.000575,False,5.036187171936035,5.867151737213135,4.8646240234375,-7.461140517166924
CausalClaims5,5,be,CausalClaims,False,70,5,16,0.3125,0.00617,True,0.37507164478302,0.2826292216777801,0.1802256852388382,-5.088056441064841
CausalClaims5,6,appropriate,CausalClaims,False,70,6,16,0.375,4.68e-05,False,6.348459720611572,6.911530494689941,5.7730889320373535,-9.969627355040673
CausalClaims5,7,however,CausalClaims,False,70,7,16,0.4375,0.00038,False,9.173810958862305,7.840070724487305,7.816117763519287,-7.875339305243843
CausalClaims5,8,to,CausalClaims,False,70,8,16,0.5,0.0269,True,0.9268213510513306,3.9444661140441895,0.6168182492256165,-3.6156289923743437
CausalClaims5,9,use,CausalClaims,False,70,9,16,0.5625,0.000646,False,2.7815184593200684,2.673125505447388,2.9523491859436035,-7.344711054181673
CausalClaims5,10,random,CausalClaims,False,70,10,16,0.625,3.8e-05,False,8.360591888427734,7.482292175292969,4.050266265869141,-10.177924398237888
CausalClaims5,11,assignment,CausalClaims,False,70,11,16,0.6875,1.51e-05,False,6.054099082946777,9.72403335571289,0.1440099030733108,-11.100815814143395
CausalClaims5,12,of,CausalClaims,False,70,12,16,0.75,0.0251,True,3.838490724563599,3.3681561946868896,1.3016080856323242,-3.684887432844399
CausalClaims5,13,subjects,CausalClaims,False,70,13,16,0.8125,2.4e-05,False,7.295709609985352,7.760346412658691,1.2584162950515747,-10.637456727616328
CausalClaims5,15,in,CausalClaims,False,70,14,16,0.875,0.0186,True,2.7677102088928223,2.5448734760284424,2.8624014854431152,-3.9845936982629815
CausalClaims5,16,a,CausalClaims,False,70,15,16,0.9375,0.0229,True,2.0124504566192627,1.3899558782577517,1.4630506038665771,-3.776618368421943
CausalClaims5,17,study,CausalClaims,False,70,16,16,1.0,0.000182,False,3.780460834503174,5.421972155570984,5.577542781829834,-8.611503870887478
CausalClaims5,18,.,CausalClaims,True,70,16,16,1.0,0.0,False,,,,
CausalClaims5,19,There,CausalClaims,False,71,0,19,0.0,0.00204,True,4.278674125671387,4.414994716644287,4.062599182128906,-6.194805471126012
CausalClaims5,20,are,CausalClaims,False,71,1,19,0.0526315789473684,0.0055,True,0.7398455739021301,0.7644280791282654,0.7772125601768494,-5.2030071867437115
CausalClaims5,21,two,CausalClaims,False,71,2,19,0.1052631578947368,0.00126,False,3.4647762775421143,5.172961711883545,2.329458713531494,-6.676643558018751
CausalClaims5,22,key,CausalClaims,False,71,3,19,0.1578947368421052,0.000132,False,4.490653038024902,6.013040065765381,5.757018089294434,-8.932708635377903
CausalClaims5,23,scenarios,CausalClaims,False,71,4,19,0.2105263157894736,7.59e-06,False,7.309511184692383,7.275919914245605,7.551357269287109,-11.788678966556736
CausalClaims5,24,where,CausalClaims,False,71,5,19,0.2631578947368421,0.001,True,3.3820831775665283,2.921670913696289,2.575622797012329,-6.907755278982137
CausalClaims5,25,it,CausalClaims,False,71,6,19,0.3157894736842105,0.00891,True,3.094357252120972,2.669263362884521,3.162445545196533,-4.720581037499419
CausalClaims5,26,is,CausalClaims,False,71,7,19,0.3684210526315789,0.0117,True,1.2248142957687378,1.7081245183944702,0.8840314745903015,-4.448166437178426
CausalClaims5,27,justifiable,CausalClaims,False,71,8,19,0.4210526315789473,1.38e-06,False,9.294894456863403,9.780352115631104,9.918433904647827,-13.493427058795161
CausalClaims5,29,to,CausalClaims,False,71,9,19,0.4736842105263157,0.0269,True,0.4510626792907715,0.4554738104343414,0.2097190916538238,-3.6156289923743437
CausalClaims5,30,employ,CausalClaims,False,71,10,19,0.5263157894736842,9.12e-06,False,5.369318962097168,5.9176530838012695,6.633934497833252,-11.605040753878034
CausalClaims5,31,correlational,CausalClaims,False,71,11,19,0.5789473684210527,7.41e-08,False,11.1392908282578,14.649024724960327,8.700154380407184,-16.41785030464437
CausalClaims5,32,or,CausalClaims,False,71,12,19,0.631578947368421,0.00347,True,3.5832149982452397,5.021489143371582,5.173520565032959,-5.663600685023369
CausalClaims5,33,quasi-experimental,CausalClaims,False,71,13,19,0.6842105263157895,2.66e-06,False,6.038185290759429,12.974693294614552,1.6115513001568615,-12.837184435170666
CausalClaims5,34,design,CausalClaims,False,71,14,19,0.7368421052631579,0.000148,False,2.3849778175354004,5.349392890930176,0.1935783177614212,-8.818298284200159
CausalClaims5,35,in,CausalClaims,False,71,15,19,0.7894736842105263,0.0186,True,2.6172780990600586,3.200608015060425,2.6347789764404297,-3.9845936982629815
CausalClaims5,36,favor,CausalClaims,False,71,16,19,0.8421052631578947,3.8e-05,False,6.262096881866455,5.624676704406738,7.190921306610107,-10.177924398237888
CausalClaims5,37,of,CausalClaims,False,71,17,19,0.8947368421052632,0.0251,True,0.0016742035513743,0.0027583905030041,0.0013300867285579,-3.684887432844399
CausalClaims5,38,experimental,CausalClaims,False,71,18,19,0.9473684210526316,1.91e-05,False,5.341983318328857,5.096705436706543,4.32816219329834,-10.86582222291169
CausalClaims5,39,design,CausalClaims,False,71,19,19,1.0,0.000148,False,0.9473579227924348,0.9450976550579072,0.6378833055496216,-8.818298284200159
CausalClaims5,40,.,CausalClaims,True,71,19,19,1.0,0.0,False,,,,
CausalClaims5,41,The,CausalClaims,False,72,0,16,0.0,0.0537,True,1.9707921743392944,1.9597060680389404,1.6773974895477295,-2.9243422774673182
CausalClaims5,42,first,CausalClaims,False,72,1,16,0.0625,0.00129,False,0.0754750519990921,0.4764297902584076,0.2225032448768615,-6.653113060608557
CausalClaims5,43,is,CausalClaims,False,72,2,16,0.125,0.0117,True,1.0109593868255615,1.2143886089324951,1.5456278324127195,-4.448166437178426
CausalClaims5,44,when,CausalClaims,False,72,3,16,0.1875,0.00234,True,2.26780366897583,2.265554428100586,1.9844518899917605,-6.057604349612527
CausalClaims5,45,the,CausalClaims,False,72,4,16,0.25,0.0537,True,1.5033485889434814,1.0897499322891235,1.1651512384414673,-2.9243422774673182
CausalClaims5,46,hypothesis,CausalClaims,False,72,5,16,0.3125,7.41e-06,False,4.666305065155029,4.749264717102051,4.799416542053223,-11.812680118656278
CausalClaims5,47,to,CausalClaims,False,72,6,16,0.375,0.0269,True,5.724325180053711,5.643071174621582,6.060893058776856,-3.6156289923743437
CausalClaims5,48,be,CausalClaims,False,72,7,16,0.4375,0.00617,True,0.9070611596107484,0.4870351552963257,0.5577917695045471,-5.088056441064841
CausalClaims5,49,tested,CausalClaims,False,72,8,16,0.5,3.02e-05,False,0.6606385707855225,0.9691954851150512,0.140334278345108,-10.40766863358345
CausalClaims5,50,is,CausalClaims,False,72,9,16,0.5625,0.0117,True,0.4013522863388061,0.5879218578338623,0.6073312163352966,-4.448166437178426
CausalClaims5,51,simply,CausalClaims,False,72,10,16,0.625,0.00012,False,4.622432708740234,6.250237464904785,5.631193161010742,-9.028018815182229
CausalClaims5,52,one,CausalClaims,False,72,11,16,0.6875,0.00295,False,5.478704929351807,5.4025068283081055,5.574779510498047,-5.825950108630408
CausalClaims5,53,of,CausalClaims,False,72,12,16,0.75,0.0251,True,1.7451586723327637,1.7088741064071655,2.043564796447754,-3.684887432844399
CausalClaims5,54,correlation,CausalClaims,False,72,13,16,0.8125,7.24e-06,False,6.053086280822754,7.455584049224853,4.265691757202148,-11.83588935156665
CausalClaims5,55,rather,CausalClaims,False,72,14,16,0.875,0.000209,False,3.4319660663604736,5.873471260070801,5.934826850891113,-8.473176305999463
CausalClaims5,56,than,CausalClaims,False,72,15,16,0.9375,0.00135,True,0.0039942259900271,0.0052169142290949,0.0054893945343792,-6.607650686531799
CausalClaims5,57,causation,CausalClaims,False,72,16,16,1.0,1.26e-06,False,1.4742043614387512,1.3622050881385803,0.6775009036064148,-13.584398837000888
CausalClaims5,58,.,CausalClaims,True,72,16,16,1.0,0.0,False,,,,
CausalClaims5,59,For,CausalClaims,False,73,0,24,0.0,0.0102,True,2.6010780334472656,3.787501811981201,3.96051836013794,-4.585367558691911
CausalClaims5,60,instance,CausalClaims,False,73,1,24,0.0416666666666666,3.89e-05,False,1.9619024991989136,2.5135397911071777,2.6104750633239746,-10.154516307339874
CausalClaims5,61,testing,CausalClaims,False,73,2,24,0.0833333333333333,4.68e-05,False,9.74388599395752,9.200902938842772,7.794420719146728,-9.969627355040673
CausalClaims5,62,the,CausalClaims,False,73,3,24,0.125,0.0537,True,1.9104386568069456,1.711305856704712,1.5638444423675537,-2.9243422774673182
CausalClaims5,63,validity,CausalClaims,False,73,4,24,0.1666666666666666,5.01e-06,False,3.644208669662476,3.782049179077149,3.866410732269287,-12.2040746428675
CausalClaims5,64,of,CausalClaims,False,73,5,24,0.2083333333333333,0.0251,True,0.0288360826671123,0.0334611013531684,0.0300319120287895,-3.684887432844399
CausalClaims5,65,a,CausalClaims,False,73,6,24,0.25,0.0229,True,1.1998257637023926,0.8056128025054932,1.0622540712356567,-3.776618368421943
CausalClaims5,66,new,CausalClaims,False,73,7,24,0.2916666666666667,0.00178,False,5.937862396240234,4.8954949378967285,5.019272804260254,-6.331141914678144
CausalClaims5,67,more,CausalClaims,False,73,8,24,0.3333333333333333,0.00229,True,9.499140739440918,11.37501621246338,11.130473136901855,-6.079203461415989
CausalClaims5,68,concise,CausalClaims,False,73,9,24,0.375,2.88e-06,False,8.32546329498291,8.779548645019531,9.149956703186035,-12.75772026381642
CausalClaims5,69,version,CausalClaims,False,73,10,24,0.4166666666666667,0.000117,False,3.037362575531006,4.215678215026856,4.365425109863281,-9.053336623166517
CausalClaims5,70,of,CausalClaims,False,73,11,24,0.4583333333333333,0.0251,True,0.0319435857236385,0.0421437919139862,0.0458123832941055,-3.684887432844399
CausalClaims5,71,a,CausalClaims,False,73,12,24,0.5,0.0229,True,1.3951438665390017,0.965873658657074,1.1850202083587646,-3.776618368421943
CausalClaims5,72,personality,CausalClaims,False,73,13,24,0.5416666666666666,3.55e-05,False,8.181161880493164,7.682721138000488,7.948103427886963,-10.245977861482904
CausalClaims5,73,test,CausalClaims,False,73,14,24,0.5833333333333334,0.000155,False,0.8907638788223267,0.7729341387748718,0.2891076505184173,-8.772085441045027
CausalClaims5,74,by,CausalClaims,False,73,15,24,0.625,0.00457,True,4.066534519195557,3.445398330688477,4.04957389831543,-5.3882420740760235
CausalClaims5,75,establishing,CausalClaims,False,73,16,24,0.6666666666666666,1.29e-05,False,7.2640700340271,6.5880327224731445,6.90376091003418,-11.258283246596648
CausalClaims5,76,its,CausalClaims,False,73,17,24,0.7083333333333334,0.00138,True,4.120225429534912,3.589707851409912,4.488299369812012,-6.5856717798130235
CausalClaims5,77,correlation,CausalClaims,False,73,18,24,0.75,7.24e-06,False,2.540563106536865,3.835490465164185,3.510393619537353,-11.83588935156665
CausalClaims5,78,with,CausalClaims,False,73,19,24,0.7916666666666666,0.00708,True,0.8097096085548401,0.5632696747779846,0.4326470494270324,-4.950481371276509
CausalClaims5,79,an,CausalClaims,False,73,20,24,0.8333333333333334,0.00339,True,3.705984592437744,2.9553253650665283,2.9402871131896973,-5.686925357589778
CausalClaims5,80,existing,CausalClaims,False,73,21,24,0.875,5.62e-05,False,1.7691600322723389,1.371632695198059,1.9724682569503784,-9.78659380106463
CausalClaims5,81,well-accepted,CausalClaims,False,73,22,24,0.9166666666666666,4.48e-05,False,11.346011923393236,12.019262202084064,12.37240899214521,-10.013302418543335
CausalClaims5,82,personality,CausalClaims,False,73,23,24,0.9583333333333334,3.55e-05,False,2.752225160598755,3.790228128433228,3.913586139678955,-10.245977861482904
CausalClaims5,83,test,CausalClaims,False,73,24,24,1.0,0.000155,False,3.033203601837158,2.1003432869911194,2.10574159026146,-8.772085441045027
CausalClaims5,84,.,CausalClaims,True,73,24,24,1.0,0.0,False,,,,
CausalClaims5,85,The,CausalClaims,False,74,0,16,0.0,0.0537,True,1.7327399253845217,1.070866346359253,1.092044472694397,-2.9243422774673182
CausalClaims5,86,second,CausalClaims,False,74,1,16,0.0625,0.000427,False,0.3700599372386932,0.0872923135757446,0.2040271759033203,-7.75872654473565
CausalClaims5,87,is,CausalClaims,False,74,2,16,0.125,0.0117,True,0.9549334049224854,0.7977929711341858,1.2559871673583984,-4.448166437178426
CausalClaims5,88,when,CausalClaims,False,74,3,16,0.1875,0.00234,True,0.4638684689998626,0.3275125324726105,0.2610408663749695,-6.057604349612527
CausalClaims5,89,it,CausalClaims,False,74,4,16,0.25,0.00891,True,2.914722442626953,3.4559803009033203,2.9633026123046875,-4.720581037499419
CausalClaims5,90,would,CausalClaims,False,74,5,16,0.3125,0.00186,False,4.117374420166016,5.481700420379639,5.185038089752197,-6.287178791257027
CausalClaims5,91,be,CausalClaims,False,74,6,16,0.375,0.00617,True,0.1841068565845489,0.3546181619167328,0.4192244410514831,-5.088056441064841
CausalClaims5,92,unethical,CausalClaims,False,74,7,16,0.4375,2.04e-06,False,7.146490812301636,10.113452911376951,10.441626071929932,-13.102560750108148
CausalClaims5,93,",",CausalClaims,True,74,7,16,0.4375,0.0,False,,,,
CausalClaims5,94,infeasible,CausalClaims,False,74,8,16,0.5,1.82e-07,False,8.226237240247428,7.374356534332037,7.832184411585331,-15.519259149869615
CausalClaims5,95,or,CausalClaims,False,74,9,16,0.5625,0.00347,True,1.1840500831604004,1.5815879106521606,1.1259146928787231,-5.663600685023369
CausalClaims5,96,impossible,CausalClaims,False,74,10,16,0.625,6.03e-05,False,3.113401412963867,2.472176074981689,2.4276046752929688,-9.716178454231134
CausalClaims5,97,to,CausalClaims,False,74,11,16,0.6875,0.0269,True,0.1648468971252441,0.2700361013412475,0.3640032708644867,-3.6156289923743437
CausalClaims5,98,randomly,CausalClaims,False,74,12,16,0.75,9.33e-06,False,6.058073043823242,7.79043436050415,6.969750881195068,-11.582275543105021
CausalClaims5,99,assign,CausalClaims,False,74,13,16,0.8125,4.57e-06,False,0.1519412398338318,2.335385799407959,0.2195519655942917,-12.29599735305816
CausalClaims5,100,subjects,CausalClaims,False,74,14,16,0.875,2.4e-05,False,1.1881780624389648,2.538431167602539,1.7222778797149658,-10.637456727616328
CausalClaims5,102,to,CausalClaims,False,74,15,16,0.9375,0.0269,True,0.7225170731544495,0.5662961006164551,0.5736236572265625,-3.6156289923743437
CausalClaims5,103,groups,CausalClaims,False,74,16,16,1.0,0.000132,False,7.575188159942627,9.789827585220335,9.762743949890137,-8.932708635377903
CausalClaims5,104,.,CausalClaims,True,74,16,16,1.0,0.0,False,,,,
CausalClaims6,1,A,CausalClaims,False,75,0,30,0.0,0.0229,True,3.940407276153565,4.374178886413574,3.5342447757720947,-3.776618368421943
CausalClaims6,2,researcher,CausalClaims,False,75,1,30,0.0333333333333333,8.32e-06,False,8.130785942077637,10.323365211486816,4.48488712310791,-11.696848303131157
CausalClaims6,3,could,CausalClaims,False,75,2,30,0.0666666666666666,0.00115,False,8.219362258911133,6.930728435516357,2.272118330001831,-6.767993336606978
CausalClaims6,4,construct,CausalClaims,False,75,3,30,0.1,9.55e-06,False,9.27741813659668,7.196405410766602,5.958115577697754,-11.558969403471636
CausalClaims6,5,a,CausalClaims,False,75,4,30,0.1333333333333333,0.0229,True,0.5192278027534485,0.552025318145752,0.5117444396018982,-3.776618368421943
CausalClaims6,6,correlational,CausalClaims,False,75,5,30,0.1666666666666666,7.41e-08,False,13.219183921813965,13.333288192749023,3.569383170455694,-16.41785030464437
CausalClaims6,7,design,CausalClaims,False,75,6,30,0.2,0.000148,False,5.52993106842041,7.446000099182129,1.7389851808547974,-8.818298284200159
CausalClaims6,8,to,CausalClaims,False,75,7,30,0.2333333333333333,0.0269,True,1.571374535560608,1.92082953453064,2.400196075439453,-3.6156289923743437
CausalClaims6,9,assess,CausalClaims,False,75,8,30,0.2666666666666666,1.17e-05,False,3.398329019546509,5.771132469177246,4.863256931304932,-11.355921716160564
CausalClaims6,10,the,CausalClaims,False,75,9,30,0.3,0.0537,True,0.9062408208847046,0.969649076461792,0.9132020473480223,-2.9243422774673182
CausalClaims6,11,relationship,CausalClaims,False,75,10,30,0.3333333333333333,0.000141,False,2.2982912063598637,3.184414863586426,3.697649955749512,-8.866750667586105
CausalClaims6,12,between,CausalClaims,False,75,11,30,0.3666666666666666,0.000589,True,0.0373216122388839,0.0819927230477333,0.0576595775783062,-7.437084374312687
CausalClaims6,13,the,CausalClaims,False,75,12,30,0.4,0.0537,True,2.9955930709838867,2.3005313873291016,1.8322184085845947,-2.9243422774673182
CausalClaims6,14,number,CausalClaims,False,75,13,30,0.4333333333333333,0.000417,False,3.467939138412476,2.814525604248047,4.082239627838135,-7.782424336165473
CausalClaims6,15,of,CausalClaims,False,75,14,30,0.4666666666666667,0.0251,True,0.067772775888443,0.0793328508734703,0.0355224832892417,-3.684887432844399
CausalClaims6,16,words,CausalClaims,False,75,15,30,0.5,0.000178,False,6.343178749084473,7.107491493225098,9.34489917755127,-8.633727007672189
CausalClaims6,17,an,CausalClaims,False,75,16,30,0.5333333333333333,0.00339,True,6.624238014221191,5.940163612365723,5.417601108551025,-5.686925357589778
CausalClaims6,18,infant,CausalClaims,False,75,17,30,0.5666666666666667,9.77e-06,False,4.402835845947266,8.045252799987793,9.983701705932615,-11.536194091909582
CausalClaims6,19,is,CausalClaims,False,75,18,30,0.6,0.0117,True,2.795847177505493,3.2544851303100586,3.650991201400757,-4.448166437178426
CausalClaims6,20,exposed,CausalClaims,False,75,19,30,0.6333333333333333,3.24e-05,False,3.344019651412964,4.745392799377441,5.330431938171387,-10.33735213516599
CausalClaims6,21,to,CausalClaims,False,75,20,30,0.6666666666666666,0.0269,True,0.0048163589090108,0.0183646362274885,0.0151352081447839,-3.6156289923743437
CausalClaims6,22,each,CausalClaims,False,75,21,30,0.7,0.00049,True,2.916175365447998,3.1316704750061035,3.148505687713623,-7.621105166859602
CausalClaims6,23,day,CausalClaims,False,75,22,30,0.7333333333333333,0.000891,False,0.2444290518760681,0.6133573055267334,0.5902162194252014,-7.023166130493465
CausalClaims6,24,and,CausalClaims,False,75,23,30,0.7666666666666667,0.0257,True,0.6365039348602295,0.9962354302406312,0.7423508167266846,-3.661264287080963
CausalClaims6,25,later,CausalClaims,False,75,24,30,0.8,0.000309,False,7.129916191101074,9.425427436828612,9.298284530639648,-8.082169281066529
CausalClaims6,26,reading,CausalClaims,False,75,25,30,0.8333333333333334,0.000138,False,5.479879379272461,6.370899200439453,5.277438163757324,-8.88825687280707
CausalClaims6,27,ability,CausalClaims,False,75,26,30,0.8666666666666667,9.12e-05,False,2.025503635406494,5.078142166137695,5.1619391441345215,-9.302455660883988
CausalClaims6,28,when,CausalClaims,False,75,27,30,0.9,0.00234,True,5.246054172515869,6.228085517883301,5.374024868011475,-6.057604349612527
CausalClaims6,29,they,CausalClaims,False,75,28,30,0.9333333333333332,0.00316,True,2.8357934951782227,2.192748546600342,2.3261094093322754,-5.757183251383316
CausalClaims6,30,commence,CausalClaims,False,75,29,30,0.9666666666666668,3.89e-06,False,10.26241970062256,10.112723350524902,9.751977920532228,-12.457101400333919
CausalClaims6,31,kindergarten,CausalClaims,False,75,30,30,1.0,6.17e-06,False,5.364059180021286,4.086909472942352,3.848167598247528,-11.995811720046978
CausalClaims6,32,.,CausalClaims,True,75,30,30,1.0,0.0,False,,,,
CausalClaims6,33,It,CausalClaims,False,76,0,26,0.0,0.00891,True,4.688799858093262,3.871348381042481,3.286710262298584,-4.720581037499419
CausalClaims6,34,would,CausalClaims,False,76,1,26,0.0384615384615384,0.00186,False,1.076790690422058,1.1962484121322632,1.568789005279541,-6.287178791257027
CausalClaims6,35,be,CausalClaims,False,76,2,26,0.0769230769230769,0.00617,True,1.7069717645645142,1.5114784240722656,0.6107429265975952,-5.088056441064841
CausalClaims6,36,highly,CausalClaims,False,76,3,26,0.1153846153846153,7.76e-05,False,5.997858047485352,6.377227306365967,5.546970367431641,-9.463943130775101
CausalClaims6,37,unethical,CausalClaims,False,76,4,26,0.1538461538461538,2.04e-06,False,8.08286190032959,9.865167140960692,2.875899076461792,-13.102560750108148
CausalClaims6,38,",",CausalClaims,True,76,4,26,0.1538461538461538,0.0,False,,,,
CausalClaims6,39,not,CausalClaims,False,76,5,26,0.1923076923076923,0.0049,True,5.620055198669434,5.2169508934021,5.699009418487549,-5.318520073865556
CausalClaims6,40,to,CausalClaims,False,76,6,26,0.2307692307692307,0.0269,True,2.005859375,1.3136433362960815,2.4219346046447754,-3.6156289923743437
CausalClaims6,41,mention,CausalClaims,False,76,7,26,0.2692307692307692,5.37e-05,False,0.0574530623853206,0.0283843949437141,0.3343440294265747,-9.832097556449455
CausalClaims6,42,impractical,CausalClaims,False,76,8,26,0.3076923076923077,1.91e-06,False,3.9259707927703857,5.679448843002319,3.855858743190765,-13.168407315905736
CausalClaims6,43,",",CausalClaims,True,76,8,26,0.3076923076923077,0.0,False,,,,
CausalClaims6,44,for,CausalClaims,False,76,9,26,0.3461538461538461,0.0102,True,1.5955036878585815,2.853065729141236,2.444352388381958,-4.585367558691911
CausalClaims6,45,the,CausalClaims,False,76,10,26,0.3846153846153846,0.0537,True,1.7382701635360718,1.498758316040039,1.139569640159607,-2.9243422774673182
CausalClaims6,46,experimenters,CausalClaims,False,76,11,26,0.4230769230769231,2.24e-07,False,7.548361301422119,9.800344467163086,5.804570198059082,-15.311619785091372
CausalClaims6,47,to,CausalClaims,False,76,12,26,0.4615384615384615,0.0269,True,0.1413698494434356,0.0843086615204811,0.0410244949162006,-3.6156289923743437
CausalClaims6,48,assign,CausalClaims,False,76,13,26,0.5,4.57e-06,False,5.923524856567383,6.850177764892578,3.5946385860443115,-12.29599735305816
CausalClaims6,49,some,CausalClaims,False,76,14,26,0.5384615384615384,0.00158,True,5.823901176452637,5.029338836669922,6.2667670249938965,-6.450330431943262
CausalClaims6,50,babies,CausalClaims,False,76,15,26,0.5769230769230769,2.82e-05,False,5.244966506958008,8.660268783569336,6.116864204406738,-10.476188580020207
CausalClaims6,51,to,CausalClaims,False,76,16,26,0.6153846153846154,0.0269,True,0.6219283938407898,1.1011393070220947,0.7173157930374146,-3.6156289923743437
CausalClaims6,52,be,CausalClaims,False,76,17,26,0.6538461538461539,0.00617,True,3.1900010108947754,4.414790153503418,6.948337078094482,-5.088056441064841
CausalClaims6,53,exposed,CausalClaims,False,76,18,26,0.6923076923076923,3.24e-05,False,1.124358057975769,0.6158460378646851,2.3565492630004883,-10.33735213516599
CausalClaims6,54,to,CausalClaims,False,76,19,26,0.7307692307692307,0.0269,True,0.1114399954676628,0.0924688801169395,0.0541421212255954,-3.6156289923743437
CausalClaims6,55,fewer,CausalClaims,False,76,20,26,0.7692307692307693,2.04e-05,False,4.6609086990356445,4.061401844024658,3.518505334854126,-10.799975657114103
CausalClaims6,56,words,CausalClaims,False,76,21,26,0.8076923076923077,0.000178,False,0.3055008053779602,0.1691478043794632,0.151972159743309,-8.633727007672189
CausalClaims6,57,in,CausalClaims,False,76,22,26,0.8461538461538461,0.0186,True,3.285353183746338,3.345312118530273,3.1718478202819824,-3.9845936982629815
CausalClaims6,58,the,CausalClaims,False,76,23,26,0.8846153846153846,0.0537,True,1.1921571493148804,1.597819685935974,1.8313891887664795,-2.9243422774673182
CausalClaims6,59,home,CausalClaims,False,76,24,26,0.9230769230769232,0.000646,False,6.057369709014893,8.791951179504395,8.929730415344238,-7.344711054181673
CausalClaims6,60,than,CausalClaims,False,76,25,26,0.9615384615384616,0.00135,True,2.106337785720825,4.378421783447266,2.533374309539795,-6.607650686531799
CausalClaims6,61,others,CausalClaims,False,76,26,26,1.0,0.000263,False,3.00757497549057,3.2801940739154816,2.247907519340515,-8.24335652578651
CausalClaims6,62,.,CausalClaims,True,76,26,26,1.0,0.0,False,,,,
CausalClaims6,63,Causal,CausalClaims,False,77,0,22,0.0,2.14e-06,False,11.969601035118105,13.660035610198976,12.375577092170715,-13.054704728930513
CausalClaims6,64,claims,CausalClaims,False,77,1,22,0.0454545454545454,7.24e-05,False,8.942781448364258,9.72781753540039,6.634617805480957,-9.533304258572603
CausalClaims6,65,are,CausalClaims,False,77,2,22,0.0909090909090909,0.0055,True,2.8790571689605717,1.8846534490585327,2.036341667175293,-5.2030071867437115
CausalClaims6,66,not,CausalClaims,False,77,3,22,0.1363636363636363,0.0049,True,2.855003118515014,2.615891218185425,2.4493768215179443,-5.318520073865556
CausalClaims6,67,suitable,CausalClaims,False,77,4,22,0.1818181818181818,2.4e-05,False,7.312787055969238,6.962113380432129,7.627120018005371,-10.637456727616328
CausalClaims6,68,when,CausalClaims,False,77,5,22,0.2272727272727272,0.00234,True,4.581601619720459,4.345647811889648,3.3887057304382324,-6.057604349612527
CausalClaims6,69,conducting,CausalClaims,False,77,6,22,0.2727272727272727,1.17e-05,False,5.458242416381836,7.093868732452393,5.71483039855957,-11.355921716160564
CausalClaims6,70,correlational,CausalClaims,False,77,7,22,0.3181818181818182,7.41e-08,False,4.9326189160346985,6.580273801460862,4.677315967157483,-16.41785030464437
CausalClaims6,71,studies,CausalClaims,False,77,8,22,0.3636363636363636,9.55e-05,False,0.8089838624000549,0.7128139734268188,1.1287351846694946,-9.25638431047759
CausalClaims6,72,because,CausalClaims,False,77,9,22,0.4090909090909091,0.00107,True,3.168030261993408,2.9790656566619877,2.051375389099121,-6.840096630508322
CausalClaims6,73,group,CausalClaims,False,77,10,22,0.4545454545454545,0.000372,False,8.667661666870117,10.983592987060549,9.52585220336914,-7.8966167036911274
CausalClaims6,74,assignment,CausalClaims,False,77,11,22,0.5,1.51e-05,False,4.021445274353027,5.75020694732666,4.393897533416748,-11.100815814143395
CausalClaims6,75,is,CausalClaims,False,77,12,22,0.5454545454545454,0.0117,True,1.1258975267410278,0.9273597598075868,0.9967751502990724,-4.448166437178426
CausalClaims6,76,not,CausalClaims,False,77,13,22,0.5909090909090909,0.0049,True,1.9431233406066892,1.716666340827942,1.7912391424179075,-5.318520073865556
CausalClaims6,77,random,CausalClaims,False,77,14,22,0.6363636363636364,3.8e-05,False,5.040248870849609,6.371524810791016,5.256903648376465,-10.177924398237888
CausalClaims6,78,nonetheless,CausalClaims,False,77,15,22,0.6818181818181818,1.1e-05,False,12.91600513458252,12.737753868103027,11.661863327026367,-11.417615285165903
CausalClaims6,79,the,CausalClaims,False,77,16,22,0.7272727272727273,0.0537,True,7.617063522338867,4.372042655944824,2.868743658065796,-2.9243422774673182
CausalClaims6,80,results,CausalClaims,False,77,17,22,0.7727272727272727,0.00017,False,2.222273111343384,3.1092305183410645,2.854010820388794,-8.679712120914012
CausalClaims6,81,can,CausalClaims,False,77,18,22,0.8181818181818182,0.00288,True,2.973745346069336,2.326147556304932,2.914813041687012,-5.8499649848342825
CausalClaims6,82,still,CausalClaims,False,77,19,22,0.8636363636363636,0.000832,False,5.929471492767334,4.688485145568848,4.368821620941162,-7.091678117143066
CausalClaims6,83,be,CausalClaims,False,77,20,22,0.9090909090909092,0.00617,True,0.3321453630924225,0.3620998561382293,0.4371934533119201,-5.088056441064841
CausalClaims6,84,highly,CausalClaims,False,77,21,22,0.9545454545454546,7.76e-05,False,4.74217700958252,5.05954647064209,6.238449096679688,-9.463943130775101
CausalClaims6,85,edifying,CausalClaims,False,77,22,22,1.0,2.75e-07,False,14.55283659696579,12.420992344617844,13.39797940850258,-15.10649473927984
CausalClaims6,86,.,CausalClaims,True,77,22,22,1.0,0.0,False,,,,
CausalClaims6,87,It,CausalClaims,False,78,0,25,0.0,0.00891,True,3.794508218765259,4.472745895385742,3.3131649494171143,-4.720581037499419
CausalClaims6,88,is,CausalClaims,False,78,1,25,0.04,0.0117,True,0.7442960143089294,1.121899127960205,0.5650181770324707,-4.448166437178426
CausalClaims6,89,imperative,CausalClaims,False,78,2,25,0.08,4.57e-06,False,5.929487228393555,5.666351318359375,5.892024993896484,-12.29599735305816
CausalClaims6,90,to,CausalClaims,False,78,3,25,0.12,0.0269,True,1.291757345199585,1.4111326932907104,1.4899921417236328,-3.6156289923743437
CausalClaims6,91,be,CausalClaims,False,78,4,25,0.16,0.00617,True,3.786569356918335,3.53294038772583,3.694383382797241,-5.088056441064841
CausalClaims6,92,able,CausalClaims,False,78,5,25,0.2,0.000269,False,2.1731953620910645,1.8367456197738647,2.1518893241882324,-8.220799178362435
CausalClaims6,93,to,CausalClaims,False,78,6,25,0.24,0.0269,True,0.0032774088904261,0.0078121842816472,0.0080948378890752,-3.6156289923743437
CausalClaims6,94,identify,CausalClaims,False,78,7,25,0.28,3.63e-05,False,3.8274357318878174,3.7938232421875,4.519129753112793,-10.223692816693468
CausalClaims6,95,when,CausalClaims,False,78,8,25,0.32,0.00234,True,5.318645477294922,4.19322395324707,3.737972259521485,-6.057604349612527
CausalClaims6,96,causal,CausalClaims,False,78,9,25,0.36,2.14e-06,False,8.677696228027344,7.120829582214356,4.29703426361084,-13.054704728930513
CausalClaims6,97,claims,CausalClaims,False,78,10,25,0.4,7.24e-05,False,0.8253234624862671,0.7273503541946411,0.5389405488967896,-9.533304258572603
CausalClaims6,98,are,CausalClaims,False,78,11,25,0.44,0.0055,True,0.6103227138519287,0.6740123629570007,0.7562974095344543,-5.2030071867437115
CausalClaims6,99,being,CausalClaims,False,78,12,25,0.48,0.000891,True,3.0898754596710205,3.2049734592437744,4.501502990722656,-7.023166130493465
CausalClaims6,100,made,CausalClaims,False,78,13,25,0.52,0.000832,False,1.02090322971344,0.6646612286567688,1.4934548139572144,-7.091678117143066
CausalClaims6,101,and,CausalClaims,False,78,14,25,0.56,0.0257,True,1.4731745719909668,1.6655465364456177,2.190425395965576,-3.661264287080963
CausalClaims6,102,when,CausalClaims,False,78,15,25,0.6,0.00234,True,1.8735806941986084,2.110381603240967,2.5596203804016118,-6.057604349612527
CausalClaims6,103,the,CausalClaims,False,78,16,25,0.64,0.0537,True,2.509019374847412,2.705605983734131,2.3087620735168457,-2.9243422774673182
CausalClaims6,104,claims,CausalClaims,False,78,17,25,0.68,7.24e-05,False,3.237536907196045,4.425274848937988,3.5333445072174072,-9.533304258572603
CausalClaims6,105,are,CausalClaims,False,78,18,25,0.72,0.0055,True,0.6074589490890503,0.3228640854358673,0.3315214812755584,-5.2030071867437115
CausalClaims6,106,justifiable,CausalClaims,False,78,19,25,0.76,1.38e-06,False,7.415779232978821,9.204847812652588,7.418122172355652,-13.493427058795161
CausalClaims6,108,and,CausalClaims,False,78,20,25,0.8,0.0257,True,2.8451712131500244,2.764007091522217,2.668039321899414,-3.661264287080963
CausalClaims6,109,conversely,CausalClaims,False,78,21,25,0.84,3.39e-06,False,13.81284523010254,9.859899878501892,9.433422088623049,-12.594680636571915
CausalClaims6,110,when,CausalClaims,False,78,22,25,0.88,0.00234,True,2.274474620819092,3.084968090057373,3.4384026527404785,-6.057604349612527
CausalClaims6,111,they,CausalClaims,False,78,23,25,0.92,0.00316,True,1.4924437999725342,1.8061343431472776,1.2164074182510376,-5.757183251383316
CausalClaims6,112,are,CausalClaims,False,78,24,25,0.96,0.0055,True,0.4285080730915069,0.3218160271644592,0.4576606154441833,-5.2030071867437115
CausalClaims6,113,inappropriate,CausalClaims,False,78,25,25,1.0,9.77e-06,False,7.082169055938721,5.934921592473984,6.028510123491287,-11.536194091909582
CausalClaims6,114,.,CausalClaims,True,78,25,25,1.0,0.0,False,,,,
CausalClaims7,1,In,CausalClaims,False,79,0,25,0.0,0.0186,True,4.456684589385986,5.335440635681152,2.713475227355957,-3.9845936982629815
CausalClaims7,2,some,CausalClaims,False,79,1,25,0.04,0.00158,True,5.479124546051025,4.991555690765381,3.9605050086975098,-6.450330431943262
CausalClaims7,3,states,CausalClaims,False,79,2,25,0.08,0.000331,False,3.9397268295288086,3.3699734210968018,5.158187389373779,-8.01339218258721
CausalClaims7,4,it,CausalClaims,False,79,3,25,0.12,0.00891,True,4.066092014312744,2.994396448135376,2.939988613128662,-4.720581037499419
CausalClaims7,5,is,CausalClaims,False,79,4,25,0.16,0.0117,True,1.0407613515853882,1.3349549770355225,0.3186642229557037,-4.448166437178426
CausalClaims7,6,legal,CausalClaims,False,79,5,25,0.2,0.00012,False,1.7256375551223757,1.906405568122864,3.2625210285186768,-9.028018815182229
CausalClaims7,7,for,CausalClaims,False,79,6,25,0.24,0.0102,True,1.1427319049835205,1.911105155944824,1.253761887550354,-4.585367558691911
CausalClaims7,8,people,CausalClaims,False,79,7,25,0.28,0.00178,False,2.844552755355835,2.6296873092651367,3.502840995788574,-6.331141914678144
CausalClaims7,9,to,CausalClaims,False,79,8,25,0.32,0.0269,True,0.2302774637937545,0.2288323193788528,0.2864453792572021,-3.6156289923743437
CausalClaims7,10,use,CausalClaims,False,79,9,25,0.36,0.000646,False,3.1237072944641118,3.0074405670166016,3.3812620639801025,-7.344711054181673
CausalClaims7,11,medical,CausalClaims,False,79,10,25,0.4,0.000145,False,5.345890998840332,5.728029251098633,5.868127822875977,-8.8387768155437
CausalClaims7,12,marijuana,CausalClaims,False,79,11,25,0.44,1.58e-05,False,0.1123089343309402,0.2225021868944168,5.237837314605713,-11.055500617931353
CausalClaims7,14,to,CausalClaims,False,79,12,25,0.48,0.0269,True,2.0210628509521484,2.220937728881836,1.226338267326355,-3.6156289923743437
CausalClaims7,15,alleviate,CausalClaims,False,79,13,25,0.52,3.31e-06,False,3.0244500637054443,5.574836730957031,5.044126987457275,-12.618562368575303
CausalClaims7,16,suffering,CausalClaims,False,79,14,25,0.56,3.39e-05,False,4.614161491394043,4.688662052154541,4.932879447937012,-10.29209554357787
CausalClaims7,17,from,CausalClaims,False,79,15,25,0.6,0.00427,True,1.565070390701294,2.0338211059570312,1.436248540878296,-5.456141451741604
CausalClaims7,18,or,CausalClaims,False,79,16,25,0.64,0.00347,True,6.952693939208984,7.265315055847168,7.615816593170166,-5.663600685023369
CausalClaims7,19,to,CausalClaims,False,79,17,25,0.68,0.0269,True,4.191234588623047,2.8727238178253174,3.1219072341918945,-3.6156289923743437
CausalClaims7,20,otherwise,CausalClaims,False,79,18,25,0.72,7.59e-05,False,7.897013664245605,8.253796577453613,8.2640380859375,-9.48609387356269
CausalClaims7,21,help,CausalClaims,False,79,19,25,0.76,0.000562,False,2.589857339859009,3.7262892723083496,4.108985900878906,-7.484008708070583
CausalClaims7,22,manage,CausalClaims,False,79,20,25,0.8,3.47e-05,False,5.16432523727417,5.680718898773193,6.058508396148682,-10.26877087101146
CausalClaims7,23,the,CausalClaims,False,79,21,25,0.84,0.0537,True,2.8858628273010254,3.0478646755218506,2.929464101791382,-2.9243422774673182
CausalClaims7,24,symptoms,CausalClaims,False,79,22,25,0.88,3.02e-05,False,1.623307228088379,1.530308485031128,1.5371729135513306,-10.40766863358345
CausalClaims7,25,of,CausalClaims,False,79,23,25,0.92,0.0251,True,0.1565007716417312,0.2723554372787475,0.1782336086034774,-3.684887432844399
CausalClaims7,26,certain,CausalClaims,False,79,24,25,0.96,0.000145,False,4.078566551208496,4.177391529083252,4.05211067199707,-8.8387768155437
CausalClaims7,27,ailments,CausalClaims,False,79,25,25,1.0,1.66e-06,False,3.752752125263214,3.348611205816269,3.542239785194397,-13.308692955595822
CausalClaims7,28,.,CausalClaims,True,79,25,25,1.0,0.0,False,,,,
CausalClaims7,29,Suppose,CausalClaims,False,80,0,33,0.0,3.63e-05,False,12.315763473510742,11.070696830749512,10.23190689086914,-10.223692816693468
CausalClaims7,30,we,CausalClaims,False,80,1,33,0.0303030303030303,0.00347,True,4.287206649780273,3.2270760536193848,2.980039358139038,-5.663600685023369
CausalClaims7,31,wanted,CausalClaims,False,80,2,33,0.0606060606060606,0.000229,False,3.113581895828247,5.5333571434021,4.75511360168457,-8.381788554410035
CausalClaims7,32,to,CausalClaims,False,80,3,33,0.0909090909090909,0.0269,True,0.0871840491890907,0.1252966076135635,0.0901528298854827,-3.6156289923743437
CausalClaims7,33,explore,CausalClaims,False,80,4,33,0.1212121212121212,2.04e-05,False,7.605862617492676,6.970032215118408,5.795115470886231,-10.799975657114103
CausalClaims7,34,this,CausalClaims,False,80,5,33,0.1515151515151515,0.00661,True,2.301036834716797,2.2885870933532715,3.293740749359131,-5.019171625118542
CausalClaims7,35,hypothesis,CausalClaims,False,80,6,33,0.1818181818181818,7.41e-06,False,6.962489604949951,6.44547700881958,4.2547101974487305,-11.812680118656278
CausalClaims7,36,(,CausalClaims,True,80,6,33,0.1818181818181818,0.0,False,5.792376518249512,4.807162761688232,5.911154747009277,
CausalClaims7,37,smoking,CausalClaims,False,80,7,33,0.2121212121212121,3.31e-05,False,15.430041313171388,14.153594970703123,11.345325469970703,-10.315977275581258
CausalClaims7,38,cannabis,CausalClaims,False,80,8,33,0.2424242424242424,1.07e-05,False,2.6561038494110107,3.886746883392334,4.141263008117676,-11.445266816496414
CausalClaims7,39,will,CausalClaims,False,80,9,33,0.2727272727272727,0.00282,True,4.109625816345215,5.937160015106201,5.661806583404541,-5.871018394032115
CausalClaims7,40,alleviate,CausalClaims,False,80,10,33,0.303030303030303,3.31e-06,False,3.993699550628662,3.7233691215515137,3.89322829246521,-12.618562368575303
CausalClaims7,41,pain,CausalClaims,False,80,11,33,0.3333333333333333,0.000107,False,1.471205234527588,1.8788334131240845,2.003328323364258,-9.142681723502369
CausalClaims7,42,from,CausalClaims,False,80,12,33,0.3636363636363636,0.00427,True,4.069117546081543,3.702998161315918,2.9996230602264404,-5.456141451741604
CausalClaims7,43,certain,CausalClaims,False,80,13,33,0.3939393939393939,0.000145,False,2.937324523925781,2.987704038619995,4.084843635559082,-8.8387768155437
CausalClaims7,44,conditions,CausalClaims,False,80,14,33,0.4242424242424242,9.55e-05,False,1.9665040969848635,3.0393245220184326,3.1021838188171387,-9.25638431047759
CausalClaims7,45,),CausalClaims,True,80,14,33,0.4242424242424242,0.0,False,4.212448120117188,3.7091355323791504,4.111158847808838,
CausalClaims7,46,with,CausalClaims,False,80,15,33,0.4545454545454545,0.00708,True,4.098381519317627,4.973955631256104,4.7157745361328125,-4.950481371276509
CausalClaims7,47,the,CausalClaims,False,80,16,33,0.4848484848484848,0.0537,True,2.257382869720459,1.7158797979354858,1.482362985610962,-2.9243422774673182
CausalClaims7,48,intention,CausalClaims,False,80,17,33,0.5151515151515151,2.14e-05,False,3.3131508827209477,3.028505802154541,2.6977362632751465,-10.752119635936468
CausalClaims7,49,of,CausalClaims,False,80,18,33,0.5454545454545454,0.0251,True,0.1121894866228103,0.2488666176795959,0.2806386351585388,-3.684887432844399
CausalClaims7,50,making,CausalClaims,False,80,19,33,0.5757575757575758,0.000347,False,3.386522054672241,3.7605042457580566,4.189557552337647,-7.966185778017415
CausalClaims7,51,a,CausalClaims,False,80,20,33,0.6060606060606061,0.0229,True,1.9580533504486084,1.845370411872864,1.237967610359192,-3.776618368421943
CausalClaims7,52,causal,CausalClaims,False,80,21,33,0.6363636363636364,2.14e-06,False,6.493785858154297,6.443136215209961,2.268253326416016,-13.054704728930513
CausalClaims7,53,claim,CausalClaims,False,80,22,33,0.6666666666666666,8.91e-05,False,5.101515769958496,4.501530647277832,0.1661380231380462,-9.32575122348751
CausalClaims7,54,about,CausalClaims,False,80,23,33,0.696969696969697,0.00251,True,1.2033947706222534,2.2104995250701904,1.3529679775238037,-5.987472525838444
CausalClaims7,55,the,CausalClaims,False,80,24,33,0.7272727272727273,0.0537,True,1.4938578605651855,0.9004477858543396,1.5298340320587158,-2.9243422774673182
CausalClaims7,56,effects,CausalClaims,False,80,25,33,0.7575757575757576,7.76e-05,False,2.407444953918457,2.0726470947265625,1.7186105251312256,-9.463943130775101
CausalClaims7,57,of,CausalClaims,False,80,26,33,0.7878787878787878,0.0251,True,0.1336973756551742,0.2857463657855987,0.2089705020189285,-3.684887432844399
CausalClaims7,58,cannabis,CausalClaims,False,80,27,33,0.8181818181818182,1.07e-05,False,1.2984161376953125,1.9249975681304927,2.2464592456817627,-11.445266816496414
CausalClaims7,59,on,CausalClaims,False,80,28,33,0.8484848484848485,0.00813,True,0.8059709072113037,0.5856096148490906,0.3010327816009521,-4.812194355422418
CausalClaims7,60,the,CausalClaims,False,80,29,33,0.8787878787878788,0.0537,True,1.7187654972076416,1.457919955253601,1.6013613939285278,-2.9243422774673182
CausalClaims7,61,wellbeing,CausalClaims,False,80,30,33,0.9090909090909092,3.31e-06,False,6.536183834075928,7.409981727600098,7.293025970458984,-12.618562368575303
CausalClaims7,62,of,CausalClaims,False,80,31,33,0.9393939393939394,0.0251,True,0.0991419330239296,0.1399441361427307,0.0707161352038383,-3.684887432844399
CausalClaims7,63,the,CausalClaims,False,80,32,33,0.9696969696969696,0.0537,True,1.9707260131835935,1.3691165447235107,1.2268342971801758,-2.9243422774673182
CausalClaims7,64,patient,CausalClaims,False,80,33,33,1.0,5.89e-05,False,2.913256734609604,2.4848123490810394,3.692631632089615,-9.739669467306733
CausalClaims7,65,.,CausalClaims,True,80,33,33,1.0,0.0,False,,,,
CausalClaims7,66,One,CausalClaims,False,81,0,32,0.0,0.00295,False,4.858636379241943,5.754128456115723,5.029394149780273,-5.825950108630408
CausalClaims7,67,approach,CausalClaims,False,81,1,32,0.03125,8.51e-05,False,4.323348045349121,5.952243328094482,7.184695243835449,-9.371683522384945
CausalClaims7,68,albeit,CausalClaims,False,81,2,32,0.0625,8.13e-06,False,14.787636756896973,14.294419288635254,13.79153060913086,-11.719949634404555
CausalClaims7,69,naive,CausalClaims,False,81,3,32,0.09375,5.62e-06,False,7.123965263366699,8.281015396118164,8.435223579406738,-12.089178894058675
CausalClaims7,70,could,CausalClaims,False,81,4,32,0.125,0.00115,False,5.293800354003906,5.678873538970947,5.12651252746582,-6.767993336606978
CausalClaims7,71,be,CausalClaims,False,81,5,32,0.15625,0.00617,True,0.2625301778316498,0.315135508775711,0.4509871006011963,-5.088056441064841
CausalClaims7,72,to,CausalClaims,False,81,6,32,0.1875,0.0269,True,0.1261383593082428,0.4344546794891357,0.340204507112503,-3.6156289923743437
CausalClaims7,73,find,CausalClaims,False,81,7,32,0.21875,0.000575,False,4.254430770874023,5.269373893737793,4.634565353393555,-7.461140517166924
CausalClaims7,74,some,CausalClaims,False,81,8,32,0.25,0.00158,True,3.664530754089356,3.5858519077301025,4.038302421569824,-6.450330431943262
CausalClaims7,75,patients,CausalClaims,False,81,9,32,0.28125,8.13e-05,False,5.241579055786133,6.487691879272461,5.83180046081543,-9.417364541410508
CausalClaims7,76,who,CausalClaims,False,81,10,32,0.3125,0.00219,True,0.7024116516113281,0.7831971645355225,0.8742945790290833,-6.123853735153728
CausalClaims7,77,use,CausalClaims,False,81,11,32,0.34375,0.000646,False,3.278337240219116,3.5532479286193848,3.842563390731812,-7.344711054181673
CausalClaims7,78,cannabis,CausalClaims,False,81,12,32,0.375,1.07e-05,False,0.5252073407173157,0.8620864152908325,0.5855699181556702,-11.445266816496414
CausalClaims7,79,and,CausalClaims,False,81,13,32,0.40625,0.0257,True,2.403674602508545,2.421121597290039,1.9609973430633545,-3.661264287080963
CausalClaims7,80,ask,CausalClaims,False,81,14,32,0.4375,0.000219,False,2.965498924255371,3.573370218276977,3.455951690673828,-8.426438828147774
CausalClaims7,81,them,CausalClaims,False,81,15,32,0.46875,0.00155,True,0.4707858860492706,0.2482303977012634,0.36665940284729,-6.469500348050982
CausalClaims7,82,about,CausalClaims,False,81,16,32,0.5,0.00251,True,2.589475154876709,2.250843048095703,2.457986831665039,-5.987472525838444
CausalClaims7,83,their,CausalClaims,False,81,17,32,0.53125,0.00214,True,0.8263424038887024,0.8620946407318115,0.719735324382782,-6.1469494499483766
CausalClaims7,84,symptoms,CausalClaims,False,81,18,32,0.5625,3.02e-05,False,7.377034425735474,7.993853330612183,8.723101615905762,-10.40766863358345
CausalClaims7,85,;,CausalClaims,True,81,18,32,0.5625,0.0,False,,,,
CausalClaims7,86,and,CausalClaims,False,81,19,32,0.59375,0.0257,True,3.417942523956299,3.641423940658569,3.1934218406677246,-3.661264287080963
CausalClaims7,87,compare,CausalClaims,False,81,20,32,0.625,2.82e-05,False,6.086902618408203,6.061535835266113,5.892909049987793,-10.476188580020207
CausalClaims7,88,their,CausalClaims,False,81,21,32,0.65625,0.00214,True,1.5842618942260742,1.8982609510421755,1.9149991273880005,-6.1469494499483766
CausalClaims7,89,responses,CausalClaims,False,81,22,32,0.6875,1.95e-05,False,2.9930126667022705,2.598785400390625,3.401350259780884,-10.845096092394574
CausalClaims7,90,to,CausalClaims,False,81,23,32,0.71875,0.0269,True,0.8357258439064026,0.7261826395988464,0.7659507989883423,-3.6156289923743437
CausalClaims7,91,a,CausalClaims,False,81,24,32,0.75,0.0229,True,2.327047109603882,3.133065223693848,2.971527338027954,-3.776618368421943
CausalClaims7,92,similar,CausalClaims,False,81,25,32,0.78125,0.000162,False,3.91658353805542,4.375703811645508,4.65180253982544,-8.72791422273189
CausalClaims7,93,patient,CausalClaims,False,81,26,32,0.8125,5.89e-05,False,2.7010245323181152,6.666053295135498,5.887365341186523,-9.739669467306733
CausalClaims7,94,group,CausalClaims,False,81,27,32,0.84375,0.000372,False,5.6181254386901855,4.226218223571777,4.348355770111084,-7.8966167036911274
CausalClaims7,95,who,CausalClaims,False,81,28,32,0.875,0.00219,True,1.5663187503814695,4.737528324127197,4.390172958374023,-6.123853735153728
CausalClaims7,96,do,CausalClaims,False,81,29,32,0.90625,0.00224,True,4.929176330566406,3.223036289215088,4.379599571228027,-6.101279413115189
CausalClaims7,97,not,CausalClaims,False,81,30,32,0.9375,0.0049,True,0.1057568117976188,0.064665637910366,0.0580552667379379,-5.318520073865556
CausalClaims7,98,smoke,CausalClaims,False,81,31,32,0.96875,4.68e-05,False,1.5621120929718018,1.9374912977218628,1.7322509288787842,-9.969627355040673
CausalClaims7,99,cannabis,CausalClaims,False,81,32,32,1.0,1.07e-05,False,1.1663951873779297,1.0935364365577698,0.9324561953544616,-11.445266816496414
CausalClaims7,100,.,CausalClaims,True,81,32,32,1.0,0.0,False,,,,
CausalClaims7,101,If,CausalClaims,False,82,0,24,0.0,0.00295,True,3.2300209999084477,3.559281349182129,2.894108772277832,-5.825950108630408
CausalClaims7,102,the,CausalClaims,False,82,1,24,0.0416666666666666,0.0537,True,1.5065393447875977,1.5635532140731812,1.2369357347488403,-2.9243422774673182
CausalClaims7,103,cannabis,CausalClaims,False,82,2,24,0.0833333333333333,1.07e-05,False,4.037202835083008,4.375557899475098,3.820926189422608,-11.445266816496414
CausalClaims7,104,smokers,CausalClaims,False,82,3,24,0.125,3.31e-06,False,4.439581871032715,5.329811096191406,4.828666687011719,-12.618562368575303
CausalClaims7,105,did,CausalClaims,False,82,4,24,0.1666666666666666,0.000912,True,3.687479019165039,3.050768613815308,2.4912261962890625,-6.999870567889943
CausalClaims7,106,indeed,CausalClaims,False,82,5,24,0.2083333333333333,6.17e-05,False,3.456721067428589,4.275426864624023,4.789113998413086,-9.693226627052931
CausalClaims7,107,report,CausalClaims,False,82,6,24,0.25,0.000209,False,2.6244606971740723,3.249521255493164,4.183506965637207,-8.473176305999463
CausalClaims7,108,less,CausalClaims,False,82,7,24,0.2916666666666667,0.000309,False,3.626127004623413,5.424887657165527,3.96551251411438,-8.082169281066529
CausalClaims7,109,suffering,CausalClaims,False,82,8,24,0.3333333333333333,3.39e-05,False,1.245345115661621,3.092194080352783,3.1712067127227783,-10.29209554357787
CausalClaims7,110,then,CausalClaims,False,82,9,24,0.375,0.00117,True,5.471039772033691,5.7241644859313965,5.241244316101074,-6.750751530172472
CausalClaims7,111,it,CausalClaims,False,82,10,24,0.4166666666666667,0.00891,True,2.6545653343200684,2.4968860149383545,2.671295642852783,-4.720581037499419
CausalClaims7,112,might,CausalClaims,False,82,11,24,0.4583333333333333,0.000457,False,2.603950023651123,2.4571850299835205,2.464707851409912,-7.690827167070069
CausalClaims7,113,be,CausalClaims,False,82,12,24,0.5,0.00617,True,0.4975115656852722,0.81930011510849,0.6383874416351318,-5.088056441064841
CausalClaims7,114,tempting,CausalClaims,False,82,13,24,0.5416666666666666,4.47e-06,False,5.653575420379639,7.493504524230957,6.343025207519531,-12.318122149338796
CausalClaims7,115,to,CausalClaims,False,82,14,24,0.5833333333333334,0.0269,True,0.0695247501134872,0.220180869102478,0.2060211598873138,-3.6156289923743437
CausalClaims7,116,use,CausalClaims,False,82,15,24,0.625,0.000646,False,3.975942850112915,3.8842265605926514,3.234422445297241,-7.344711054181673
CausalClaims7,117,this,CausalClaims,False,82,16,24,0.6666666666666666,0.00661,True,2.6968469619750977,2.231636047363281,2.9778075218200684,-5.019171625118542
CausalClaims7,118,as,CausalClaims,False,82,17,24,0.7083333333333334,0.00589,True,2.835585355758667,3.4698963165283203,3.1127138137817383,-5.134499281318642
CausalClaims7,119,evidence,CausalClaims,False,82,18,24,0.75,0.000138,False,1.5826356410980225,2.7065272331237797,1.8940892219543457,-8.88825687280707
CausalClaims7,120,for,CausalClaims,False,82,19,24,0.7916666666666666,0.0102,True,2.2808852195739746,2.192784309387207,2.224349021911621,-4.585367558691911
CausalClaims7,121,the,CausalClaims,False,82,20,24,0.8333333333333334,0.0537,True,1.468353033065796,1.043181538581848,1.2999427318572998,-2.9243422774673182
CausalClaims7,122,efficacy,CausalClaims,False,82,21,24,0.875,4.79e-06,False,2.718683242797852,3.190206527709961,3.834535837173462,-12.24898014654145
CausalClaims7,123,of,CausalClaims,False,82,22,24,0.9166666666666666,0.0251,True,0.0527107678353786,0.0729651153087616,0.0494890101253986,-3.684887432844399
CausalClaims7,124,medical,CausalClaims,False,82,23,24,0.9583333333333334,0.000145,False,2.0436043739318848,3.491693019866944,4.173861026763916,-8.8387768155437
CausalClaims7,125,marijuana,CausalClaims,False,82,24,24,1.0,1.58e-05,False,1.3512290120124817,1.3972873091697693,0.921636313199997,-11.055500617931353
CausalClaims7,127,.,CausalClaims,True,82,24,24,1.0,0.0,False,,,,
CausalClaims8,1,If,CausalClaims,False,83,0,30,0.0,0.00295,True,5.375660419464111,4.8046464920043945,2.555299758911133,-5.825950108630408
CausalClaims8,2,we,CausalClaims,False,83,1,30,0.0333333333333333,0.00347,True,3.869384527206421,3.9766812324523926,2.7333288192749023,-5.663600685023369
CausalClaims8,3,just,CausalClaims,False,83,2,30,0.0666666666666666,0.00269,True,5.526701927185059,5.512082099914551,6.1379241943359375,-5.9182140853683896
CausalClaims8,5,compared,CausalClaims,False,83,3,30,0.1,8.32e-05,False,9.239214897155762,10.617962837219238,7.495459079742432,-9.394263210137112
CausalClaims8,6,patients,CausalClaims,False,83,4,30,0.1333333333333333,8.13e-05,False,9.94839572906494,10.897957801818848,3.843384742736816,-9.417364541410508
CausalClaims8,7,who,CausalClaims,False,83,5,30,0.1666666666666666,0.00219,True,2.2784039974212646,3.758387565612793,1.728236436843872,-6.123853735153728
CausalClaims8,8,already,CausalClaims,False,83,6,30,0.2,0.000355,False,6.8065338134765625,5.890067100524902,7.754249095916748,-7.943392768488859
CausalClaims8,9,smoked,CausalClaims,False,83,7,30,0.2333333333333333,8.32e-06,False,6.180314540863037,6.215120315551758,2.7540764808654785,-11.696848303131157
CausalClaims8,10,cannabis,CausalClaims,False,83,8,30,0.2666666666666666,1.07e-05,False,3.93155288696289,5.151769638061523,0.4348389804363251,-11.445266816496414
CausalClaims8,11,to,CausalClaims,False,83,9,30,0.3,0.0269,True,0.9746248722076416,0.9313102960586548,1.267653226852417,-3.6156289923743437
CausalClaims8,12,those,CausalClaims,False,83,10,30,0.3333333333333333,0.000794,True,0.6885614991188049,1.3653712272644043,1.5916423797607422,-7.138427096717138
CausalClaims8,13,who,CausalClaims,False,83,11,30,0.3666666666666666,0.00219,True,0.1486165523529052,0.190204456448555,0.1210530251264572,-6.123853735153728
CausalClaims8,14,didn't,CausalClaims,False,83,12,30,0.4,0.000479,True,3.3355263432022184,2.612206518650055,4.328533589839935,-7.643809960553359
CausalClaims8,16,",",CausalClaims,True,83,12,30,0.4,0.0,False,,,,
CausalClaims8,17,we,CausalClaims,False,83,13,30,0.4333333333333333,0.00347,True,0.8919440507888794,2.236114025115967,1.5122966766357422,-5.663600685023369
CausalClaims8,18,would,CausalClaims,False,83,14,30,0.4666666666666667,0.00186,False,1.4560930728912354,1.2193665504455566,1.1203243732452393,-6.287178791257027
CausalClaims8,19,only,CausalClaims,False,83,15,30,0.5,0.00132,True,5.000497817993164,4.374330520629883,4.342864036560059,-6.630123542383857
CausalClaims8,20,be,CausalClaims,False,83,16,30,0.5333333333333333,0.00617,True,2.9049129486083984,2.0057127475738525,1.8361191749572756,-5.088056441064841
CausalClaims8,21,able,CausalClaims,False,83,17,30,0.5666666666666667,0.000269,False,0.8800930380821228,1.1777191162109375,0.8064278960227966,-8.220799178362435
CausalClaims8,22,to,CausalClaims,False,83,18,30,0.6,0.0269,True,0.0023450751323252,0.0072593013755977,0.0047412593849003,-3.6156289923743437
CausalClaims8,23,determine,CausalClaims,False,83,19,30,0.6333333333333333,4.27e-05,False,4.728725433349609,4.207324028015137,2.764383554458618,-10.061311637729695
CausalClaims8,24,correlation,CausalClaims,False,83,20,30,0.6666666666666666,7.24e-06,False,9.336384773254396,7.838309288024902,8.732067108154297,-11.83588935156665
CausalClaims8,25,but,CausalClaims,False,83,21,30,0.7,0.00427,True,7.1874542236328125,5.482143878936768,4.096002101898193,-5.456141451741604
CausalClaims8,26,our,CausalClaims,False,83,22,30,0.7333333333333333,0.00138,True,5.434329986572266,6.000880241394043,5.382209777832031,-6.5856717798130235
CausalClaims8,27,original,CausalClaims,False,83,23,30,0.7666666666666667,0.000145,False,6.966273784637451,8.113615989685059,7.22588300704956,-8.8387768155437
CausalClaims8,28,objective,CausalClaims,False,83,24,30,0.8,2.29e-05,False,5.880035400390625,5.542868137359619,5.569367408752441,-10.68437364740408
CausalClaims8,30,was,CausalClaims,False,83,25,30,0.8333333333333334,0.00661,True,0.817033588886261,2.082688093185425,1.8482666015625,-5.019171625118542
CausalClaims8,31,to,CausalClaims,False,83,26,30,0.8666666666666667,0.0269,True,0.9307599067687988,0.5423629879951477,0.2722973227500915,-3.6156289923743437
CausalClaims8,32,make,CausalClaims,False,83,27,30,0.9,0.0012,False,4.019156455993652,3.831605672836304,3.6433186531066895,-6.725433722188183
CausalClaims8,33,a,CausalClaims,False,83,28,30,0.9333333333333332,0.0229,True,1.531740427017212,1.751117467880249,0.4463985562324524,-3.776618368421943
CausalClaims8,34,causal,CausalClaims,False,83,29,30,0.9666666666666668,2.14e-06,False,3.505810022354126,4.571178436279297,0.0889511257410049,-13.054704728930513
CausalClaims8,35,claim,CausalClaims,False,83,30,30,1.0,8.91e-05,False,7.124521851539612,6.635543882846832,2.093461323529482,-9.32575122348751
CausalClaims8,36,.,CausalClaims,True,83,30,30,1.0,0.0,False,,,,
CausalClaims8,37,We,CausalClaims,False,84,0,14,0.0,0.00347,True,2.5581796169281006,3.5708250999450684,2.83154559135437,-5.663600685023369
CausalClaims8,38,would,CausalClaims,False,84,1,14,0.0714285714285714,0.00186,False,3.7203965187072754,2.0898919105529785,1.860605239868164,-6.287178791257027
CausalClaims8,39,need,CausalClaims,False,84,2,14,0.1428571428571428,0.000933,False,3.145987033843994,3.85277271270752,2.8630266189575195,-6.977105357116931
CausalClaims8,40,to,CausalClaims,False,84,3,14,0.2142857142857142,0.0269,True,0.4020315408706665,0.3030198514461517,0.142832800745964,-3.6156289923743437
CausalClaims8,41,randomly,CausalClaims,False,84,4,14,0.2857142857142857,9.33e-06,False,8.226584434509277,7.701206207275391,7.238707065582275,-11.582275543105021
CausalClaims8,42,assign,CausalClaims,False,84,5,14,0.3571428571428571,4.57e-06,False,1.3761881589889526,2.680341958999634,0.1300512999296188,-12.29599735305816
CausalClaims8,43,people,CausalClaims,False,84,6,14,0.4285714285714285,0.00178,False,3.435677051544189,3.254155158996582,3.1609771251678467,-6.331141914678144
CausalClaims8,44,to,CausalClaims,False,84,7,14,0.5,0.0269,True,0.8723942041397095,1.122096300125122,0.4263551235198974,-3.6156289923743437
CausalClaims8,45,a,CausalClaims,False,84,8,14,0.5714285714285714,0.0229,True,2.3796498775482178,2.4553065299987797,2.679558753967285,-3.776618368421943
CausalClaims8,46,cannabis,CausalClaims,False,84,9,14,0.6428571428571429,1.07e-05,False,3.04317045211792,5.469313621520996,6.651365280151367,-11.445266816496414
CausalClaims8,47,group,CausalClaims,False,84,10,14,0.7142857142857143,0.000372,False,2.24179482460022,2.525527238845825,0.7441332340240479,-7.8966167036911274
CausalClaims8,48,and,CausalClaims,False,84,11,14,0.7857142857142857,0.0257,True,1.3339258432388306,1.9866797924041748,1.1660895347595217,-3.661264287080963
CausalClaims8,49,a,CausalClaims,False,84,12,14,0.8571428571428571,0.0229,True,4.561656475067139,4.870770454406738,4.221439361572266,-3.776618368421943
CausalClaims8,50,placebo,CausalClaims,False,84,13,14,0.9285714285714286,3.02e-06,False,0.576259970664978,3.130612134933472,1.927322626113892,-12.710253726577497
CausalClaims8,51,group,CausalClaims,False,84,14,14,1.0,0.000372,False,1.7708823829889295,1.394100658595562,1.2919944375753405,-7.8966167036911274
CausalClaims8,52,.,CausalClaims,True,84,14,14,1.0,0.0,False,,,,
CausalClaims8,53,The,CausalClaims,False,85,0,12,0.0,0.0537,True,2.697563886642456,3.321386814117432,2.2477471828460693,-2.9243422774673182
CausalClaims8,54,placebo,CausalClaims,False,85,1,12,0.0833333333333333,3.02e-06,False,3.3198037147521973,3.5187113285064697,5.5325117111206055,-12.710253726577497
CausalClaims8,55,group,CausalClaims,False,85,2,12,0.1666666666666666,0.000372,False,0.1791518628597259,0.1258402913808822,0.1541858911514282,-7.8966167036911274
CausalClaims8,56,members,CausalClaims,False,85,3,12,0.25,0.000224,False,9.16883659362793,7.428843975067139,6.69388484954834,-8.403864506109235
CausalClaims8,57,do,CausalClaims,False,85,4,12,0.3333333333333333,0.00224,True,7.282665252685547,5.500667572021484,4.743241310119629,-6.101279413115189
CausalClaims8,58,not,CausalClaims,False,85,5,12,0.4166666666666667,0.0049,True,0.3012662827968597,0.1463340073823928,0.1093147844076156,-5.318520073865556
CausalClaims8,59,receive,CausalClaims,False,85,6,12,0.5,7.08e-05,False,4.301466941833496,3.483073711395264,2.620802879333496,-9.5556515572646
CausalClaims8,60,the,CausalClaims,False,85,7,12,0.5833333333333334,0.0537,True,2.283660411834717,1.6652028560638428,1.861872911453247,-2.9243422774673182
CausalClaims8,61,manipulation,CausalClaims,False,85,8,12,0.6666666666666666,7.08e-06,False,11.776060104370115,12.04066562652588,12.09686279296875,-11.858236650258645
CausalClaims8,62,but,CausalClaims,False,85,9,12,0.75,0.00427,True,3.808699131011963,4.190844535827637,4.169992446899414,-5.456141451741604
CausalClaims8,63,instead,CausalClaims,False,85,10,12,0.8333333333333334,0.000174,False,3.82961106300354,4.174716472625732,3.9803640842437744,-8.656455258749745
CausalClaims8,64,something,CausalClaims,False,85,11,12,0.9166666666666666,0.000646,False,9.402602195739746,9.85695743560791,10.661999702453612,-7.344711054181673
CausalClaims8,65,similar,CausalClaims,False,85,12,12,1.0,0.000162,False,4.895707368850708,5.864801645278931,5.768372535705566,-8.72791422273189
CausalClaims8,66,.,CausalClaims,True,85,12,12,1.0,0.0,False,,,,
CausalClaims8,67,When,CausalClaims,False,86,0,16,0.0,0.00234,True,4.945316314697266,5.005693912506104,3.868046283721924,-6.057604349612527
CausalClaims8,68,bearing,CausalClaims,False,86,1,16,0.0625,1.66e-05,False,14.477654457092283,13.029027938842772,12.725863456726074,-11.006107862601777
CausalClaims8,69,in,CausalClaims,False,86,2,16,0.125,0.0186,True,0.1000379025936126,0.4705685377120971,0.2293256670236587,-3.9845936982629815
CausalClaims8,70,mind,CausalClaims,False,86,3,16,0.1875,0.000257,False,0.000129095322336,0.0018028449267148,0.0011774519225582,-8.266434473069054
CausalClaims8,71,the,CausalClaims,False,86,4,16,0.25,0.0537,True,1.6172804832458496,1.5255191326141355,1.429473638534546,-2.9243422774673182
CausalClaims8,72,conclusions,CausalClaims,False,86,5,16,0.3125,1e-05,False,7.840396881103516,7.63226318359375,7.273421287536621,-11.512925464970229
CausalClaims8,73,from,CausalClaims,False,86,6,16,0.375,0.00427,True,3.1377997398376465,3.5970287322998047,2.142175912857056,-5.456141451741604
CausalClaims8,74,any,CausalClaims,False,86,7,16,0.4375,0.00117,True,7.025134086608887,6.715501308441162,8.02865219116211,-6.750751530172472
CausalClaims8,75,experiment,CausalClaims,False,86,8,16,0.5,2.4e-05,False,3.194406032562256,3.800861358642578,2.3955674171447754,-10.637456727616328
CausalClaims8,76,it,CausalClaims,False,86,9,16,0.5625,0.00891,True,4.765530109405518,3.514481544494629,2.7557334899902344,-4.720581037499419
CausalClaims8,77,is,CausalClaims,False,86,10,16,0.625,0.0117,True,0.6864514350891113,0.7274850010871887,0.5105846524238586,-4.448166437178426
CausalClaims8,78,vital,CausalClaims,False,86,11,16,0.6875,2.4e-05,False,6.637783527374268,6.451766490936279,5.336154937744141,-10.637456727616328
CausalClaims8,79,to,CausalClaims,False,86,12,16,0.75,0.0269,True,0.4699334502220154,0.3942387700080871,0.2805164456367492,-3.6156289923743437
CausalClaims8,80,check,CausalClaims,False,86,13,16,0.8125,0.000204,False,5.728346347808838,5.555497646331787,5.0401716232299805,-8.497390564120058
CausalClaims8,81,for,CausalClaims,False,86,14,16,0.875,0.0102,True,2.6165685653686523,3.31238341331482,3.334435224533081,-4.585367558691911
CausalClaims8,82,causal,CausalClaims,False,86,15,16,0.9375,2.14e-06,False,4.709521293640137,3.995983123779297,2.608701467514038,-13.054704728930513
CausalClaims8,83,statements,CausalClaims,False,86,16,16,1.0,3.24e-05,False,7.112557709217072,8.285878777503967,6.103633403778076,-10.33735213516599
CausalClaims8,84,.,CausalClaims,True,86,16,16,1.0,0.0,False,,,,
CausalClaims8,85,If,CausalClaims,False,87,0,12,0.0,0.00295,True,3.417168617248535,3.0782485008239746,2.1644041538238525,-5.825950108630408
CausalClaims8,86,causal,CausalClaims,False,87,1,12,0.0833333333333333,2.14e-06,False,6.369050979614258,4.873330593109131,3.7014975547790527,-13.054704728930513
CausalClaims8,87,statements,CausalClaims,False,87,2,12,0.1666666666666666,3.24e-05,False,0.5071183443069458,0.0616110190749168,0.2203283458948135,-10.33735213516599
CausalClaims8,88,are,CausalClaims,False,87,3,12,0.25,0.0055,True,0.6405470371246338,0.4933315217494964,0.4120089709758758,-5.2030071867437115
CausalClaims8,89,made,CausalClaims,False,87,4,12,0.3333333333333333,0.000832,False,3.471968173980713,3.239590644836426,1.747283101081848,-7.091678117143066
CausalClaims8,90,check,CausalClaims,False,87,5,12,0.4166666666666667,0.000204,False,9.850295066833496,9.879179954528809,11.184322357177734,-8.497390564120058
CausalClaims8,91,for,CausalClaims,False,87,6,12,0.5,0.0102,True,0.7025551199913025,1.182039737701416,0.9173585772514344,-4.585367558691911
CausalClaims8,92,random,CausalClaims,False,87,7,12,0.5833333333333334,3.8e-05,False,6.331745624542236,6.1980509757995605,6.986173629760742,-10.177924398237888
CausalClaims8,93,assignment,CausalClaims,False,87,8,12,0.6666666666666666,1.51e-05,False,4.579670429229736,7.6299567222595215,2.5247812271118164,-11.100815814143395
CausalClaims8,94,of,CausalClaims,False,87,9,12,0.75,0.0251,True,1.880569100379944,1.1311665773391724,0.3425437211990356,-3.684887432844399
CausalClaims8,95,participants,CausalClaims,False,87,10,12,0.8333333333333334,2.51e-05,False,2.4417803287506104,2.803054094314575,4.105815887451172,-10.592642711826535
CausalClaims8,96,to,CausalClaims,False,87,11,12,0.9166666666666666,0.0269,True,0.6730175614356995,1.2226099967956543,0.5232256650924683,-3.6156289923743437
CausalClaims8,97,groups,CausalClaims,False,87,12,12,1.0,0.000132,False,6.49908709526062,6.085992097854614,4.670095562934876,-8.932708635377903
CausalClaims8,98,.,CausalClaims,True,87,12,12,1.0,0.0,False,,,,
CausalClaims8,99,Without,CausalClaims,False,88,0,23,0.0,0.00049,False,7.110331058502197,6.391110897064209,6.276534080505371,-7.621105166859602
CausalClaims8,100,random,CausalClaims,False,88,1,23,0.0434782608695652,3.8e-05,False,1.4121419191360474,3.1773667335510254,3.5864200592041016,-10.177924398237888
CausalClaims8,101,assignment,CausalClaims,False,88,2,23,0.0869565217391304,1.51e-05,False,0.044873759150505,0.054734356701374,0.049899511039257,-11.100815814143395
CausalClaims8,102,any,CausalClaims,False,88,3,23,0.1304347826086956,0.00117,True,5.715682506561279,5.603227615356445,6.307867527008057,-6.750751530172472
CausalClaims8,103,other,CausalClaims,False,88,4,23,0.1739130434782608,0.00145,True,5.152004241943359,4.615952968597412,4.776567459106445,-6.536191722549654
CausalClaims8,104,design,CausalClaims,False,88,5,23,0.217391304347826,0.000148,False,7.310855865478516,8.139198303222656,7.735613822937012,-8.818298284200159
CausalClaims8,105,is,CausalClaims,False,88,6,23,0.2608695652173913,0.0117,True,3.3816637992858887,2.9169576168060303,2.658961057662964,-4.448166437178426
CausalClaims8,106,either,CausalClaims,False,88,7,23,0.3043478260869565,0.000214,False,7.169193267822266,7.246563911437988,5.895689964294434,-8.449534542942423
CausalClaims8,107,correlational,CausalClaims,False,88,8,23,0.3478260869565217,7.41e-08,False,14.19510155916214,14.388145685195925,11.398737374693155,-16.41785030464437
CausalClaims8,108,or,CausalClaims,False,88,9,23,0.391304347826087,0.00347,True,0.1647118330001831,0.1868034452199936,0.0829424709081649,-5.663600685023369
CausalClaims8,109,quasi-experimental,CausalClaims,False,88,10,23,0.4347826086956521,2.66e-06,False,10.366714001633229,17.274610705673695,0.8631523638032377,-12.837184435170666
CausalClaims8,110,which,CausalClaims,False,88,11,23,0.4782608695652174,0.002,True,6.082669734954834,4.909285068511963,5.126141548156738,-6.214608098422191
CausalClaims8,111,cannot,CausalClaims,False,88,12,23,0.5217391304347826,0.000129,False,4.752099514007568,5.14243221282959,4.980849742889404,-8.955698153602603
CausalClaims8,112,be,CausalClaims,False,88,13,23,0.5652173913043478,0.00617,True,0.662226140499115,0.2169651985168457,0.5856746435165405,-5.088056441064841
CausalClaims8,113,used,CausalClaims,False,88,14,23,0.6086956521739131,0.000631,False,2.894822835922241,2.818159580230713,1.3013629913330078,-7.368204695423061
CausalClaims8,114,by,CausalClaims,False,88,15,23,0.6521739130434783,0.00457,True,5.037968635559082,4.216599464416504,4.375256061553955,-5.3882420740760235
CausalClaims8,115,researchers,CausalClaims,False,88,16,23,0.6956521739130435,2.45e-05,False,2.8023197650909424,3.9860999584198,2.7148752212524414,-10.616837440413592
CausalClaims8,116,or,CausalClaims,False,88,17,23,0.7391304347826086,0.00347,True,3.8446946144104,3.640926599502564,3.738288402557373,-5.663600685023369
CausalClaims8,117,anyone,CausalClaims,False,88,18,23,0.782608695652174,0.00024,False,5.3837890625,4.838212966918945,5.029181957244873,-8.334871634622283
CausalClaims8,118,else,CausalClaims,False,88,19,23,0.8260869565217391,0.00024,False,0.4707328677177429,0.9322274923324584,0.6806379556655884,-8.334871634622283
CausalClaims8,119,to,CausalClaims,False,88,20,23,0.8695652173913043,0.0269,True,1.5251950025558472,1.7569986581802368,1.0912877321243286,-3.6156289923743437
CausalClaims8,120,make,CausalClaims,False,88,21,23,0.9130434782608696,0.0012,False,2.2684850692749023,2.279480457305908,2.9191770553588867,-6.725433722188183
CausalClaims8,121,causal,CausalClaims,False,88,22,23,0.9565217391304348,2.14e-06,False,1.3953969478607178,1.1418153047561646,0.9121499061584472,-13.054704728930513
CausalClaims8,122,claims,CausalClaims,False,88,23,23,1.0,7.24e-05,False,0.9503022134304048,1.5730712562799454,0.5530589371919632,-9.533304258572603
CausalClaims8,123,.,CausalClaims,True,88,23,23,1.0,0.0,False,,,,
CausalClaims9,1,The,CausalClaims,False,89,0,35,0.0,0.0537,True,3.2761731147766118,3.5087358951568604,2.412802457809448,-2.9243422774673182
CausalClaims9,2,interested,CausalClaims,False,89,1,35,0.0285714285714285,8.91e-05,False,12.67318344116211,12.683478355407717,10.648454666137695,-9.32575122348751
CausalClaims9,3,reader,CausalClaims,False,89,2,35,0.0571428571428571,2.19e-05,False,3.611828804016113,5.674835205078125,3.8510024547576895,-10.729023921141819
CausalClaims9,4,may,CausalClaims,False,89,3,35,0.0857142857142857,0.000955,False,1.7868754863739014,4.113615036010742,1.7259514331817627,-6.953799217483544
CausalClaims9,5,have,CausalClaims,False,89,4,35,0.1142857142857142,0.00513,True,2.6262941360473637,1.9215302467346191,3.02253532409668,-5.272649619799459
CausalClaims9,6,inferred,CausalClaims,False,89,5,35,0.1428571428571428,1.32e-06,False,7.966294765472412,9.137320518493652,7.121042251586914,-13.537878821365995
CausalClaims9,7,from,CausalClaims,False,89,6,35,0.1714285714285714,0.00427,True,1.682511806488037,2.967414617538452,2.1806294918060303,-5.456141451741604
CausalClaims9,8,the,CausalClaims,False,89,7,35,0.2,0.0537,True,0.7328847646713257,0.6886070966720581,0.5513643622398376,-2.9243422774673182
CausalClaims9,9,previous,CausalClaims,False,89,8,35,0.2285714285714285,0.0001,False,5.024694919586182,5.46103048324585,3.787501811981201,-9.210340371976182
CausalClaims9,10,examples,CausalClaims,False,89,9,35,0.2571428571428571,4.27e-05,False,6.456682205200195,8.073832511901855,4.2306318283081055,-10.061311637729695
CausalClaims9,11,that,CausalClaims,False,89,10,35,0.2857142857142857,0.0102,True,0.4217775166034698,0.3033886849880218,0.3886925280094147,-4.585367558691911
CausalClaims9,12,the,CausalClaims,False,89,11,35,0.3142857142857143,0.0537,True,1.329820990562439,1.4520288705825806,1.6981593370437622,-2.9243422774673182
CausalClaims9,13,only,CausalClaims,False,89,12,35,0.3428571428571428,0.00132,True,6.119326591491699,5.392333030700684,5.321939945220947,-6.630123542383857
CausalClaims9,14,way,CausalClaims,False,89,13,35,0.3714285714285714,0.00102,False,2.6396026611328125,1.605958104133606,1.037989377975464,-6.887952651685957
CausalClaims9,15,to,CausalClaims,False,89,14,35,0.4,0.0269,True,0.5383843183517456,0.6333450675010681,0.1300671100616455,-3.6156289923743437
CausalClaims9,16,conduct,CausalClaims,False,89,15,35,0.4285714285714285,3.31e-05,False,6.731296539306641,6.601598739624023,5.495001316070557,-10.315977275581258
CausalClaims9,17,an,CausalClaims,False,89,16,35,0.4571428571428571,0.00339,True,2.6819934844970703,2.52128267288208,2.9470906257629395,-5.686925357589778
CausalClaims9,18,experiment,CausalClaims,False,89,17,35,0.4857142857142857,2.4e-05,False,2.5063397884368896,3.6055757999420166,0.4265947341918945,-10.637456727616328
CausalClaims9,19,to,CausalClaims,False,89,18,35,0.5142857142857142,0.0269,True,4.5349836349487305,4.397514343261719,3.816428422927856,-3.6156289923743437
CausalClaims9,20,determine,CausalClaims,False,89,19,35,0.5428571428571428,4.27e-05,False,1.7390563488006592,1.736491084098816,1.6136592626571655,-10.061311637729695
CausalClaims9,21,a,CausalClaims,False,89,20,35,0.5714285714285714,0.0229,True,4.280329704284668,3.2782349586486816,3.1353020668029785,-3.776618368421943
CausalClaims9,22,causal,CausalClaims,False,89,21,35,0.6,2.14e-06,False,3.0900254249572754,6.128602027893066,0.1027193963527679,-13.054704728930513
CausalClaims9,23,relationship,CausalClaims,False,89,22,35,0.6285714285714286,0.000141,False,0.60966557264328,0.498506635427475,3.535492420196533,-8.866750667586105
CausalClaims9,24,is,CausalClaims,False,89,23,35,0.6571428571428571,0.0117,True,2.0541985034942627,2.206088066101074,1.2302207946777344,-4.448166437178426
CausalClaims9,25,to,CausalClaims,False,89,24,35,0.6857142857142857,0.0269,True,0.5961723923683167,0.515897810459137,0.2676688730716705,-3.6156289923743437
CausalClaims9,26,randomly,CausalClaims,False,89,25,35,0.7142857142857143,9.33e-06,False,6.3886308670043945,6.383878707885742,3.7351250648498535,-11.582275543105021
CausalClaims9,27,assign,CausalClaims,False,89,26,35,0.7428571428571429,4.57e-06,False,2.488285779953003,3.1991488933563232,0.082008421421051,-12.29599735305816
CausalClaims9,28,participants,CausalClaims,False,89,27,35,0.7714285714285715,2.51e-05,False,3.07214879989624,5.182454109191895,2.851438045501709,-10.592642711826535
CausalClaims9,29,to,CausalClaims,False,89,28,35,0.8,0.0269,True,0.3905405402183532,0.6198605895042419,0.1425285190343856,-3.6156289923743437
CausalClaims9,30,two,CausalClaims,False,89,29,35,0.8285714285714286,0.00126,False,3.3087427616119385,3.935881137847901,4.885507583618164,-6.676643558018751
CausalClaims9,31,(,CausalClaims,True,89,29,35,0.8285714285714286,0.0,False,5.7846503257751465,5.306377410888672,3.6909685134887695,
CausalClaims9,32,more,CausalClaims,False,89,30,35,0.8571428571428571,0.00229,True,11.772119522094728,13.219860076904297,0.5409833192825317,-6.079203461415989
CausalClaims9,33,groups,CausalClaims,False,89,31,35,0.8857142857142857,0.000132,False,8.822858810424805,8.233153343200684,6.162159442901611,-8.932708635377903
CausalClaims9,34,representing,CausalClaims,False,89,32,35,0.9142857142857144,2.29e-05,False,8.345233917236328,10.617579460144045,10.480287551879885,-10.68437364740408
CausalClaims9,35,the,CausalClaims,False,89,33,35,0.9428571428571428,0.0537,True,2.090606689453125,1.3627760410308838,1.291224718093872,-2.9243422774673182
CausalClaims9,36,independent,CausalClaims,False,89,34,35,0.9714285714285714,8.51e-05,False,9.14704704284668,8.790384292602539,10.148758888244627,-9.371683522384945
CausalClaims9,37,variable,CausalClaims,False,89,35,35,1.0,1.32e-05,False,9.110857486724854,10.017180919647217,10.843603610992432,-11.235293728371948
CausalClaims9,38,.,CausalClaims,True,89,35,35,1.0,0.0,False,,,,
CausalClaims9,39,However,CausalClaims,False,90,0,13,0.0,0.00038,False,3.989504814147949,4.409757614135742,4.300601005554199,-7.875339305243843
CausalClaims9,40,there,CausalClaims,False,90,1,13,0.0769230769230769,0.00204,True,6.023673534393311,5.575126647949219,3.379361629486084,-6.194805471126012
CausalClaims9,41,are,CausalClaims,False,90,2,13,0.1538461538461538,0.0055,True,1.1000707149505615,1.0590367317199707,1.0152368545532229,-5.2030071867437115
CausalClaims9,42,other,CausalClaims,False,90,3,13,0.2307692307692307,0.00145,True,3.103806495666504,2.946784019470215,2.6631510257720947,-6.536191722549654
CausalClaims9,43,ways,CausalClaims,False,90,4,13,0.3076923076923077,0.000115,False,1.380833864212036,1.6184251308441162,1.3497049808502195,-9.070578429601024
CausalClaims9,44,to,CausalClaims,False,90,5,13,0.3846153846153846,0.0269,True,0.6684072017669678,0.5329714417457581,0.4796047806739807,-3.6156289923743437
CausalClaims9,45,conduct,CausalClaims,False,90,6,13,0.4615384615384615,3.31e-05,False,3.2656126022338867,2.833075046539306,1.671471118927002,-10.315977275581258
CausalClaims9,46,a,CausalClaims,False,90,7,13,0.5384615384615384,0.0229,True,3.150294303894043,3.5520761013031006,1.8314228057861328,-3.776618368421943
CausalClaims9,47,true,CausalClaims,False,90,8,13,0.6153846153846154,0.000251,False,6.889359951019287,7.740162372589111,7.618080139160156,-8.29005761883249
CausalClaims9,48,experiment,CausalClaims,False,90,9,13,0.6923076923076923,2.4e-05,False,1.0255088806152344,0.4546997845172882,0.8371915817260742,-10.637456727616328
CausalClaims9,49,in,CausalClaims,False,90,10,13,0.7692307692307693,0.0186,True,3.243292808532715,3.2089486122131348,3.3523988723754883,-3.9845936982629815
CausalClaims9,50,the,CausalClaims,False,90,11,13,0.8461538461538461,0.0537,True,3.1605818271636963,1.9974257946014404,2.6911110877990723,-2.9243422774673182
CausalClaims9,51,behavioral,CausalClaims,False,90,12,13,0.9230769230769232,7.24e-06,False,7.251816749572754,9.17678451538086,9.794567108154297,-11.83588935156665
CausalClaims9,52,sciences,CausalClaims,False,90,13,13,1.0,2.45e-05,False,2.4895538687706,4.364611506462097,3.366881489753723,-10.616837440413592
CausalClaims9,53,.,CausalClaims,True,90,13,13,1.0,0.0,False,,,,
CausalClaims9,54,Within-subject,CausalClaims,False,91,0,13,0.0,6.85e-05,False,14.409869492053986,19.15822696685791,19.799148321151733,-9.588676812696095
CausalClaims9,56,experimental,CausalClaims,False,91,1,13,0.0769230769230769,1.91e-05,False,5.491602897644043,5.744518280029297,6.613364219665527,-10.86582222291169
CausalClaims9,57,designs,CausalClaims,False,91,2,13,0.1538461538461538,2.4e-05,False,2.9150466918945312,3.681631326675415,2.3855528831481934,-10.637456727616328
CausalClaims9,58,manipulate,CausalClaims,False,91,3,13,0.2307692307692307,4.9e-06,False,10.163089752197266,10.060036659240724,9.677860260009766,-12.226275352847694
CausalClaims9,59,the,CausalClaims,False,91,4,13,0.3076923076923077,0.0537,True,0.8958220481872559,0.8729298710823059,1.074805736541748,-2.9243422774673182
CausalClaims9,60,independent,CausalClaims,False,91,5,13,0.3846153846153846,8.51e-05,False,5.694090843200684,6.961612701416016,8.341959953308105,-9.371683522384945
CausalClaims9,61,variable,CausalClaims,False,91,6,13,0.4615384615384615,1.32e-05,False,0.5843480229377747,0.5417088270187378,0.6447368860244751,-11.235293728371948
CausalClaims9,62,over,CausalClaims,False,91,7,13,0.5384615384615384,0.0012,True,5.808371067047119,6.569860458374023,6.949016094207764,-6.725433722188183
CausalClaims9,63,multiple,CausalClaims,False,91,8,13,0.6153846153846154,8.32e-05,False,4.135424137115479,3.735771894454956,3.752310276031494,-9.394263210137112
CausalClaims9,64,trials,CausalClaims,False,91,9,13,0.6923076923076923,2.09e-05,False,3.097863912582397,4.192897796630859,3.859640598297119,-10.77576139899351
CausalClaims9,65,presented,CausalClaims,False,91,10,13,0.7692307692307693,5.62e-05,False,9.769075393676758,9.289639472961426,9.716279029846191,-9.78659380106463
CausalClaims9,66,to,CausalClaims,False,91,11,13,0.8461538461538461,0.0269,True,2.042538642883301,1.583781123161316,1.4083728790283203,-3.6156289923743437
CausalClaims9,67,each,CausalClaims,False,91,12,13,0.9230769230769232,0.00049,True,3.314566373825073,3.989755153656006,4.110382080078125,-7.621105166859602
CausalClaims9,68,subject,CausalClaims,False,91,13,13,1.0,9.12e-05,False,3.1840295791625977,4.601710259914398,3.032926857471466,-9.302455660883988
CausalClaims9,70,.,CausalClaims,True,91,13,13,1.0,0.0,False,,,,
CausalClaims9,71,It,CausalClaims,False,92,0,14,0.0,0.00891,True,4.200336456298828,4.485564231872559,3.551501750946045,-4.720581037499419
CausalClaims9,72,is,CausalClaims,False,92,1,14,0.0714285714285714,0.0117,True,0.3839380741119385,0.3027945160865783,0.2852732539176941,-4.448166437178426
CausalClaims9,73,still,CausalClaims,False,92,2,14,0.1428571428571428,0.000832,False,6.0504961013793945,6.005408763885498,5.881326675415039,-7.091678117143066
CausalClaims9,74,important,CausalClaims,False,92,3,14,0.2142857142857142,0.000275,False,3.065880298614502,4.224460601806641,3.603940486907959,-8.198739460297702
CausalClaims9,75,to,CausalClaims,False,92,4,14,0.2857142857142857,0.0269,True,0.1288142651319503,0.1385363191366195,0.1188480406999588,-3.6156289923743437
CausalClaims9,76,randomize,CausalClaims,False,92,5,14,0.3571428571428571,7.94e-08,False,11.293454825878143,8.936290938407183,10.856261610984802,-16.34876746869332
CausalClaims9,77,or,CausalClaims,False,92,6,14,0.4285714285714285,0.00347,True,5.622886657714844,5.478531360626221,5.484806537628174,-5.663600685023369
CausalClaims9,78,counterbalance,CausalClaims,False,92,7,14,0.5,5.5e-07,False,9.643105030059814,12.074089527130129,10.93826675415039,-14.413347558719895
CausalClaims9,79,the,CausalClaims,False,92,8,14,0.5714285714285714,0.0537,True,1.0456902980804443,0.7854319214820862,0.9021897315979004,-2.9243422774673182
CausalClaims9,80,order,CausalClaims,False,92,9,14,0.6428571428571429,0.000309,False,7.535665512084961,8.37785530090332,9.142899513244627,-8.082169281066529
CausalClaims9,81,of,CausalClaims,False,92,10,14,0.7142857142857143,0.0251,True,0.5455015897750854,0.3302177190780639,0.3210247457027435,-3.684887432844399
CausalClaims9,82,trials,CausalClaims,False,92,11,14,0.7857142857142857,2.09e-05,False,1.264972448348999,2.2221016883850098,2.538614511489868,-10.77576139899351
CausalClaims9,83,for,CausalClaims,False,92,12,14,0.8571428571428571,0.0102,True,4.16634464263916,4.209196090698242,4.203210830688477,-4.585367558691911
CausalClaims9,84,each,CausalClaims,False,92,13,14,0.9285714285714286,0.00049,True,1.759626030921936,2.2202906608581543,2.324913501739502,-7.621105166859602
CausalClaims9,85,subject,CausalClaims,False,92,14,14,1.0,9.12e-05,False,1.6051678657531738,2.03921639919281,1.944018840789795,-9.302455660883988
CausalClaims9,87,.,CausalClaims,True,92,14,14,1.0,0.0,False,,,,
CausalClaims9,88,or,CausalClaims,False,93,0,25,0.0,0.00347,True,10.45516586303711,11.8343505859375,11.123052597045898,-5.663600685023369
CausalClaims9,89,),CausalClaims,True,93,0,25,0.0,0.0,False,7.795380592346191,9.871200561523438,6.15902853012085,
CausalClaims9,90,",",CausalClaims,True,93,0,25,0.0,0.0,False,,,,
Hypotheses0,1,Good,Hypotheses,False,93,1,25,0.04,0.00132,False,7.880367755889893,5.980637550354004,5.980635643005371,-6.630123542383857
Hypotheses0,2,scientific,Hypotheses,False,93,2,25,0.08,4.68e-05,False,10.556005477905272,12.198805809020996,12.198805809020996,-9.969627355040673
Hypotheses0,3,practice,Hypotheses,False,93,3,25,0.12,0.000115,False,4.302700042724609,5.601357460021973,5.60135555267334,-9.070578429601024
Hypotheses0,4,is,Hypotheses,False,93,4,25,0.16,0.0117,True,1.713531732559204,2.935227870941162,2.9352283477783203,-4.448166437178426
Hypotheses0,5,more,Hypotheses,False,93,5,25,0.2,0.00229,True,5.082216739654541,4.968534469604492,4.968533515930176,-6.079203461415989
Hypotheses0,6,of,Hypotheses,False,93,6,25,0.24,0.0251,True,4.918044090270996,3.814107656478882,3.81411075592041,-3.684887432844399
Hypotheses0,7,course,Hypotheses,False,93,7,25,0.28,0.000275,False,7.483604907989502,9.228317260742188,9.228317260742188,-8.198739460297702
Hypotheses0,8,than,Hypotheses,False,93,8,25,0.32,0.00135,True,3.9214296340942383,4.417313098907471,4.417313575744629,-6.607650686531799
Hypotheses0,9,an,Hypotheses,False,93,9,25,0.36,0.00339,True,4.2857513427734375,4.450419902801514,4.450420379638672,-5.686925357589778
Hypotheses0,10,exercise,Hypotheses,False,93,10,25,0.4,4.79e-05,False,4.341236114501953,5.169747352600098,5.169747352600098,-9.946395053547404
Hypotheses0,11,in,Hypotheses,False,93,11,25,0.44,0.0186,True,0.1867044419050216,2.68247652053833,2.6824755668640137,-3.9845936982629815
Hypotheses0,12,deliberate,Hypotheses,False,93,12,25,0.48,6.61e-06,False,7.307859420776367,9.099714279174805,9.099714279174805,-11.926926904100679
Hypotheses0,13,observation,Hypotheses,False,93,13,25,0.52,1.35e-05,False,4.553923606872559,6.344208240509033,6.344207763671875,-11.21282087251989
Hypotheses0,14,and,Hypotheses,False,93,14,25,0.56,0.0257,True,2.5512516498565674,2.276519536972046,2.2765145301818848,-3.661264287080963
Hypotheses0,15,the,Hypotheses,False,93,15,25,0.6,0.0537,True,4.778768539428711,4.548297882080078,4.548297882080078,-2.9243422774673182
Hypotheses0,16,use,Hypotheses,False,93,16,25,0.64,0.000646,False,3.7806379795074463,3.2794559001922607,3.2794535160064697,-7.344711054181673
Hypotheses0,17,of,Hypotheses,False,93,17,25,0.68,0.0251,True,0.0058543640188872,0.0153015758842229,0.0153015758842229,-3.684887432844399
Hypotheses0,18,adequate,Hypotheses,False,93,18,25,0.72,1.12e-05,False,8.061417579650879,8.740242958068848,8.74024486541748,-11.399596779663225
Hypotheses0,19,control,Hypotheses,False,93,19,25,0.76,0.000251,False,5.188340187072754,6.241912841796875,6.241912841796875,-8.29005761883249
Hypotheses0,20,groups,Hypotheses,False,93,20,25,0.8,0.000132,False,3.1338253021240234,5.035549163818359,5.035545825958252,-8.932708635377903
Hypotheses0,21,to,Hypotheses,False,93,21,25,0.84,0.0269,True,2.0569934844970703,2.3145980834960938,2.314597845077514,-3.6156289923743437
Hypotheses0,22,expose,Hypotheses,False,93,22,25,0.88,9.55e-06,False,9.039361000061035,9.258267402648926,9.258267402648926,-11.558969403471636
Hypotheses0,23,and,Hypotheses,False,93,23,25,0.92,0.0257,True,3.082481384277344,2.783365488052368,2.783363342285156,-3.661264287080963
Hypotheses0,24,assess,Hypotheses,False,93,24,25,0.96,1.17e-05,False,3.5077714920043945,5.015913009643555,5.015913963317871,-11.355921716160564
Hypotheses0,25,bias,Hypotheses,False,93,25,25,1.0,1.51e-05,False,6.706235587596893,7.579794228076935,7.57979542016983,-11.100815814143395
Hypotheses0,26,.,Hypotheses,True,93,25,25,1.0,0.0,False,,,,
Hypotheses0,27,Whether,Hypotheses,False,94,0,33,0.0,0.000209,False,7.172590255737305,7.878651618957519,7.878652572631836,-8.473176305999463
Hypotheses0,28,a,Hypotheses,False,94,1,33,0.0303030303030303,0.0229,True,2.99592924118042,3.140263080596924,3.140265226364136,-3.776618368421943
Hypotheses0,29,program,Hypotheses,False,94,2,33,0.0606060606060606,0.000186,False,6.538968563079834,6.461812496185303,6.461813926696777,-8.589763884251074
Hypotheses0,30,of,Hypotheses,False,94,3,33,0.0909090909090909,0.0251,True,2.7661690711975098,4.737299919128418,4.737300872802734,-3.684887432844399
Hypotheses0,31,research,Hypotheses,False,94,4,33,0.1212121212121212,0.000245,False,3.7796266078948975,4.510494709014893,4.510494232177734,-8.314252347419547
Hypotheses0,32,will,Hypotheses,False,94,5,33,0.1515151515151515,0.00282,True,3.844423770904541,4.089702606201172,4.089702606201172,-5.871018394032115
Hypotheses0,33,',Hypotheses,True,94,5,33,0.1515151515151515,0.0,False,7.604720592498779,9.064573287963867,9.064573287963867,
Hypotheses0,34,pay,Hypotheses,False,94,6,33,0.1818181818181818,0.000251,False,13.168834686279297,13.334087371826172,13.334086418151855,-8.29005761883249
Hypotheses0,35,off,Hypotheses,False,94,7,33,0.2121212121212121,0.000851,True,0.1923458576202392,0.8111780285835266,0.8111762404441833,-7.0690984293909
Hypotheses0,36,',Hypotheses,True,94,7,33,0.2121212121212121,0.0,False,1.747173309326172,4.888805866241455,4.888804912567139,
Hypotheses0,37,by,Hypotheses,False,94,8,33,0.2424242424242424,0.00457,True,4.930486679077148,5.723533630371094,5.723534107208252,-5.3882420740760235
Hypotheses0,38,casting,Hypotheses,False,94,9,33,0.2727272727272727,1.41e-05,False,10.12353801727295,8.689794540405273,8.68979549407959,-11.169335760580152
Hypotheses0,39,new,Hypotheses,False,94,10,33,0.303030303030303,0.00178,False,6.722706317901611,6.335944175720215,6.335943222045898,-6.331141914678144
Hypotheses0,40,light,Hypotheses,False,94,11,33,0.3333333333333333,0.000214,False,0.3279420137405395,0.9274781942367554,0.9274757504463196,-8.449534542942423
Hypotheses0,41,on,Hypotheses,False,94,12,33,0.3636363636363636,0.00813,True,0.1048233360052108,0.1883980631828308,0.1883978694677353,-4.812194355422418
Hypotheses0,42,some,Hypotheses,False,94,13,33,0.3939393939393939,0.00158,True,4.182378768920898,4.887593746185303,4.8875932693481445,-6.450330431943262
Hypotheses0,43,difficult,Hypotheses,False,94,14,33,0.4242424242424242,0.000117,False,6.397463321685791,6.775850772857666,6.775850296020508,-9.053336623166517
Hypotheses0,44,problem,Hypotheses,False,94,15,33,0.4545454545454545,0.000251,False,4.594575881958008,4.6520843505859375,4.652084827423096,-8.29005761883249
Hypotheses0,45,or,Hypotheses,False,94,16,33,0.4848484848484848,0.00347,True,1.1097370386123655,2.561043500900269,2.561044454574585,-5.663600685023369
Hypotheses0,46,perplexing,Hypotheses,False,94,17,33,0.5151515151515151,8.13e-07,False,9.859339140355589,10.348334074020386,10.34833163022995,-14.0225347273986
Hypotheses0,47,aspect,Hypotheses,False,94,18,33,0.5454545454545454,2.57e-05,False,3.590034246444702,6.435426712036133,6.435428619384766,-10.5690195660631
Hypotheses0,48,of,Hypotheses,False,94,19,33,0.5757575757575758,0.0251,True,0.064003437757492,0.1750752925872802,0.1750753968954086,-3.684887432844399
Hypotheses0,49,behavior,Hypotheses,False,94,20,33,0.6060606060606061,4.9e-05,False,6.669224262237549,6.6709723472595215,6.67097282409668,-9.923690259853647
Hypotheses0,50,will,Hypotheses,False,94,21,33,0.6363636363636364,0.00282,True,3.1554930210113525,3.521149158477783,3.5211503505706787,-5.871018394032115
Hypotheses0,51,also,Hypotheses,False,94,22,33,0.6666666666666666,0.00155,False,4.571625232696533,3.66207504272461,3.6620726585388175,-6.469500348050982
Hypotheses0,52,depend,Hypotheses,False,94,23,33,0.696969696969697,1.58e-05,False,0.7913687825202942,1.1774663925170898,1.1774663925170898,-11.055500617931353
Hypotheses0,53,on,Hypotheses,False,94,24,33,0.7272727272727273,0.00813,True,0.3180414140224457,0.181964099407196,0.181964099407196,-4.812194355422418
Hypotheses0,54,the,Hypotheses,False,94,25,33,0.7575757575757576,0.0537,True,0.8082504272460938,0.6300541758537292,0.6300517916679382,-2.9243422774673182
Hypotheses0,55,quality,Hypotheses,False,94,26,33,0.7878787878787878,0.000129,False,3.79565691947937,3.929662942886353,3.929663181304932,-8.955698153602603
Hypotheses0,56,of,Hypotheses,False,94,27,33,0.8181818181818182,0.0251,True,0.2205811887979507,0.2006024122238159,0.200601726770401,-3.684887432844399
Hypotheses0,57,the,Hypotheses,False,94,28,33,0.8484848484848485,0.0537,True,0.4153854548931122,0.5821453332901001,0.5821437835693359,-2.9243422774673182
Hypotheses0,58,scientist's,Hypotheses,False,94,29,33,0.8787878787878788,2.19e-07,False,8.919618666172028,8.821704149246216,8.821706533432007,-15.33419410712991
Hypotheses0,61,research,Hypotheses,False,94,30,33,0.9090909090909092,0.000245,False,3.1789417266845703,2.984293222427368,2.98429536819458,-8.314252347419547
Hypotheses0,62,ideas,Hypotheses,False,94,31,33,0.9393939393939394,6.92e-05,False,10.001439332962036,10.633830547332764,10.633830547332764,-9.57850969534065
Hypotheses0,63,",",Hypotheses,True,94,31,33,0.9393939393939394,0.0,False,,,,
Hypotheses0,64,or,Hypotheses,False,94,32,33,0.9696969696969696,0.00347,True,5.189783096313477,4.966997146606445,4.96699857711792,-5.663600685023369
Hypotheses0,65,hypotheses,Hypotheses,False,94,33,33,1.0,1.58e-06,False,10.741889595985413,11.054942667484283,11.05494374036789,-13.3580857109254
Hypotheses0,66,.,Hypotheses,True,94,33,33,1.0,0.0,False,,,,
Hypotheses0,67,The,Hypotheses,False,95,0,15,0.0,0.0537,True,2.6852025985717773,2.7681288719177246,2.768129110336304,-2.9243422774673182
Hypotheses0,68,scientist,Hypotheses,False,95,1,15,0.0666666666666666,1.62e-05,False,6.298025131225586,6.233863353729248,6.23386287689209,-11.030499315725935
Hypotheses0,69,views,Hypotheses,False,95,2,15,0.1333333333333333,6.76e-05,False,10.00593090057373,9.270380973815918,9.270379066467283,-9.601902574915355
Hypotheses0,70,facts,Hypotheses,False,95,3,15,0.2,5.25e-05,False,8.859450340270996,8.467188835144043,8.467188835144043,-9.854697388366697
Hypotheses0,71,not,Hypotheses,False,95,4,15,0.2666666666666666,0.0049,True,5.486228466033936,6.068594932556152,6.068592548370361,-5.318520073865556
Hypotheses0,72,as,Hypotheses,False,95,5,15,0.3333333333333333,0.00589,True,0.6248024702072144,3.3345189094543457,3.334519624710083,-5.134499281318642
Hypotheses0,73,isolated,Hypotheses,False,95,6,15,0.4,1.74e-05,False,7.7878217697143555,9.105633735656738,9.105634689331056,-10.959040351743791
Hypotheses0,74,or,Hypotheses,False,95,7,15,0.4666666666666667,0.00347,True,3.671922445297241,2.929741621017456,2.929741382598877,-5.663600685023369
Hypotheses0,75,separate,Hypotheses,False,95,8,15,0.5333333333333333,6.76e-05,False,7.679257392883301,6.245349884033203,6.24535083770752,-9.601902574915355
Hypotheses0,76,entities,Hypotheses,False,95,9,15,0.6,9.33e-06,False,4.174376010894775,3.5402066707611084,3.5402069091796875,-11.582275543105021
Hypotheses0,77,or,Hypotheses,False,95,10,15,0.6666666666666666,0.00347,True,3.794227123260498,3.5822577476501465,3.5822582244873047,-5.663600685023369
Hypotheses0,78,events,Hypotheses,False,95,11,15,0.7333333333333333,0.00012,False,5.70718789100647,5.946754693984985,5.946753978729248,-9.028018815182229
Hypotheses0,79,",",Hypotheses,True,95,11,15,0.7333333333333333,0.0,False,,,,
Hypotheses0,80,but,Hypotheses,False,95,12,15,0.8,0.00427,True,0.1250380575656891,0.2769418358802795,0.2769416570663452,-5.456141451741604
Hypotheses0,81,as,Hypotheses,False,95,13,15,0.8666666666666667,0.00589,True,0.3305281102657318,0.4984893202781677,0.4984900653362274,-5.134499281318642
Hypotheses0,82,meaningfully,Hypotheses,False,95,14,15,0.9333333333333332,7.41e-07,False,9.226101815700533,10.413406252861025,10.413404822349548,-14.115265211650325
Hypotheses0,83,connected,Hypotheses,False,95,15,15,1.0,4.79e-05,False,5.929620265960693,4.954351425170898,4.954349756240845,-9.946395053547404
Hypotheses0,84,.,Hypotheses,True,95,15,15,1.0,0.0,False,,,,
Hypotheses0,85,The,Hypotheses,False,96,0,27,0.0,0.0537,True,2.345467090606689,2.296548128128052,2.296548843383789,-2.9243422774673182
Hypotheses0,86,scientist's,Hypotheses,False,96,1,27,0.037037037037037,2.19e-07,False,3.881919860839844,3.738038420677185,3.7380412817001343,-15.33419410712991
Hypotheses0,89,hypotheses,Hypotheses,False,96,2,27,0.074074074074074,1.58e-06,False,5.71244478225708,5.218622207641602,5.218621253967285,-13.3580857109254
Hypotheses0,90,are,Hypotheses,False,96,3,27,0.1111111111111111,0.0055,True,1.581739068031311,1.2858262062072754,1.2858257293701172,-5.2030071867437115
Hypotheses0,91,the,Hypotheses,False,96,4,27,0.1481481481481481,0.0537,True,3.5951039791107178,3.0776238441467285,3.0776216983795166,-2.9243422774673182
Hypotheses0,92,starting,Hypotheses,False,96,5,27,0.1851851851851851,0.000117,False,4.667586326599121,6.114260673522949,6.114260673522949,-9.053336623166517
Hypotheses0,93,points,Hypotheses,False,96,6,27,0.2222222222222222,0.00017,False,1.96033775806427,1.5991122722625732,1.5991108417510986,-8.679712120914012
Hypotheses0,94,for,Hypotheses,False,96,7,27,0.2592592592592592,0.0102,True,0.8069913983345032,1.1796966791152954,1.1796973943710327,-4.585367558691911
Hypotheses0,95,approaching,Hypotheses,False,96,8,27,0.2962962962962963,1.48e-05,False,7.696390151977539,7.283350944519043,7.283350467681885,-11.120883377194204
Hypotheses0,96,this,Hypotheses,False,96,9,27,0.3333333333333333,0.00661,True,4.167797565460205,4.600833892822266,4.600833892822266,-5.019171625118542
Hypotheses0,97,sort,Hypotheses,False,96,10,27,0.3703703703703703,0.0001,False,5.788833618164063,6.020447254180908,6.02044677734375,-9.210340371976182
Hypotheses0,98,of,Hypotheses,False,96,11,27,0.4074074074074074,0.0251,True,0.0007702721050009,0.0020817292388528,0.0020817292388528,-3.684887432844399
Hypotheses0,99,connectedness,Hypotheses,False,96,12,27,0.4444444444444444,4.07e-07,False,12.621747940778732,13.395729184150696,13.39572724699974,-14.714452651503816
Hypotheses0,100,",",Hypotheses,True,96,12,27,0.4444444444444444,0.0,False,,,,
Hypotheses0,101,by,Hypotheses,False,96,13,27,0.4814814814814814,0.00457,True,5.561113834381104,5.39009428024292,5.390096664428711,-5.3882420740760235
Hypotheses0,102,making,Hypotheses,False,96,14,27,0.5185185185185185,0.000347,False,3.9190359115600586,3.76048755645752,3.760487079620361,-7.966185778017415
Hypotheses0,103,a,Hypotheses,False,96,15,27,0.5555555555555556,0.0229,True,3.0087482929229736,2.832157611846924,2.832157611846924,-3.776618368421943
Hypotheses0,104,theoretical,Hypotheses,False,96,16,27,0.5925925925925926,1.02e-05,False,5.25109338760376,5.326235771179199,5.326236248016357,-11.493122837674049
Hypotheses0,105,guess,Hypotheses,False,96,17,27,0.6296296296296297,0.000148,False,6.083726406097412,5.5613298416137695,5.561330795288086,-8.818298284200159
Hypotheses0,106,as,Hypotheses,False,96,18,27,0.6666666666666666,0.00589,True,1.899837136268616,2.118533134460449,2.118534564971924,-5.134499281318642
Hypotheses0,107,to,Hypotheses,False,96,19,27,0.7037037037037037,0.0269,True,0.0572408773005008,0.0308331549167633,0.0308332704007625,-3.6156289923743437
Hypotheses0,108,the,Hypotheses,False,96,20,27,0.7407407407407407,0.0537,True,1.4496757984161377,1.5579155683517456,1.557914972305298,-2.9243422774673182
Hypotheses0,109,significance,Hypotheses,False,96,21,27,0.7777777777777778,1.51e-05,False,5.459356307983398,4.284393310546875,4.284392356872559,-11.100815814143395
Hypotheses0,110,or,Hypotheses,False,96,22,27,0.8148148148148148,0.00347,True,3.4369547367095947,2.981203079223633,2.9812047481536865,-5.663600685023369
Hypotheses0,111,meaning,Hypotheses,False,96,23,27,0.8518518518518519,7.41e-05,False,4.525766849517822,3.94222903251648,3.9422295093536377,-9.510095025662233
Hypotheses0,112,of,Hypotheses,False,96,24,27,0.8888888888888888,0.0251,True,0.1261003166437149,0.0583653412759304,0.0583653412759304,-3.684887432844399
Hypotheses0,113,a,Hypotheses,False,96,25,27,0.925925925925926,0.0229,True,2.239009380340576,2.3889193534851074,2.3889193534851074,-3.776618368421943
Hypotheses0,114,given,Hypotheses,False,96,26,27,0.9629629629629628,0.000257,False,1.7247083187103271,2.301644325256348,2.301645040512085,-8.266434473069054
Hypotheses0,115,fact,Hypotheses,False,96,27,27,1.0,0.000257,False,4.4083022475242615,5.291867613792419,5.2918689250946045,-8.266434473069054
Hypotheses0,116,.,Hypotheses,True,96,27,27,1.0,0.0,False,,,,
Hypotheses1,1,Any,Hypotheses,False,97,0,21,0.0,0.00117,True,8.023399353027344,6.85513973236084,6.027950763702393,-6.750751530172472
Hypotheses1,2,research,Hypotheses,False,97,1,21,0.0476190476190476,0.000245,False,7.894062995910644,10.209152221679688,4.890591621398926,-8.314252347419547
Hypotheses1,3,project,Hypotheses,False,97,2,21,0.0952380952380952,0.000166,False,4.104580402374268,5.244717597961426,3.074580430984497,-8.703522769607732
Hypotheses1,5,begins,Hypotheses,False,97,3,21,0.1428571428571428,4.17e-05,False,7.658041477203369,9.73128890991211,7.027584552764893,-10.085009429159518
Hypotheses1,6,with,Hypotheses,False,97,4,21,0.1904761904761904,0.00708,True,0.3532381653785705,0.4197111129760742,0.2967905700206756,-4.950481371276509
Hypotheses1,7,selecting,Hypotheses,False,97,5,21,0.238095238095238,6.46e-06,False,8.670541763305664,7.804407119750977,7.803225040435791,-11.949881240169764
Hypotheses1,8,and,Hypotheses,False,97,6,21,0.2857142857142857,0.0257,True,3.3526344299316406,3.69305944442749,3.2847671508789062,-3.661264287080963
Hypotheses1,9,narrowing,Hypotheses,False,97,7,21,0.3333333333333333,1.78e-06,False,9.31284999847412,7.620577812194824,7.982143878936768,-13.23889719366028
Hypotheses1,10,the,Hypotheses,False,97,8,21,0.3809523809523809,0.0537,True,0.7451642751693726,1.3251214027404783,0.674557626247406,-2.9243422774673182
Hypotheses1,11,question,Hypotheses,False,97,9,21,0.4285714285714285,0.000224,False,5.622178077697754,7.07347583770752,6.107088088989258,-8.403864506109235
Hypotheses1,12,originally,Hypotheses,False,97,10,21,0.4761904761904761,4.9e-05,False,9.582340240478516,10.64195728302002,11.000659942626951,-9.923690259853647
Hypotheses1,13,asked,Hypotheses,False,97,11,21,0.5238095238095238,0.0002,False,1.6076977252960205,0.9821104407310486,1.5580461025238037,-8.517193191416238
Hypotheses1,14,to,Hypotheses,False,97,12,21,0.5714285714285714,0.0269,True,4.0846381187438965,2.902113914489746,2.6002254486083984,-3.6156289923743437
Hypotheses1,15,make,Hypotheses,False,97,13,21,0.6190476190476191,0.0012,False,4.76462459564209,4.491808891296387,3.9448843002319336,-6.725433722188183
Hypotheses1,16,it,Hypotheses,False,97,14,21,0.6666666666666666,0.00891,True,2.011155128479004,1.8523896932601929,1.966344952583313,-4.720581037499419
Hypotheses1,17,manageable,Hypotheses,False,97,15,21,0.7142857142857143,2.4e-06,False,6.92980432510376,7.487972259521484,7.453947067260742,-12.940041820610373
Hypotheses1,18,for,Hypotheses,False,97,16,21,0.7619047619047619,0.0102,True,1.9886451959609983,2.254079580307007,2.4459519386291504,-4.585367558691911
Hypotheses1,19,study,Hypotheses,False,97,17,21,0.8095238095238095,0.000182,False,7.277891159057617,7.535560607910156,7.076082229614258,-8.611503870887478
Hypotheses1,20,within,Hypotheses,False,97,18,21,0.8571428571428571,0.000275,False,7.715096473693848,7.93133544921875,7.576634407043457,-8.198739460297702
Hypotheses1,21,the,Hypotheses,False,97,19,21,0.9047619047619048,0.0537,True,1.033521056175232,0.8808413743972778,0.8454914093017578,-2.9243422774673182
Hypotheses1,22,available,Hypotheses,False,97,20,21,0.9523809523809524,0.000191,False,7.017516613006592,7.245737075805664,7.849920272827148,-8.563237129917644
Hypotheses1,23,resources,Hypotheses,False,97,21,21,1.0,8.13e-05,False,2.961394339799881,3.202947318553925,4.579534947872162,-9.417364541410508
Hypotheses1,24,.,Hypotheses,True,97,21,21,1.0,0.0,False,,,,
Hypotheses1,25,Extensive,Hypotheses,False,98,0,3,0.0,3.09e-05,False,10.603616118431091,11.055599212646484,10.469488978385924,-10.384754374060574
Hypotheses1,26,preparation,Hypotheses,False,98,1,3,0.3333333333333333,2.09e-05,False,6.109185218811035,8.052006721496582,7.363498210906982,-10.77576139899351
Hypotheses1,27,is,Hypotheses,False,98,2,3,0.6666666666666666,0.0117,True,1.501352310180664,1.4592936038970947,1.7910972833633425,-4.448166437178426
Hypotheses1,28,crucial,Hypotheses,False,98,3,3,1.0,1.91e-05,False,7.474444031715393,7.96817147731781,8.1039457321167,-10.86582222291169
Hypotheses1,29,.,Hypotheses,True,98,3,3,1.0,0.0,False,,,,
Hypotheses1,30,The,Hypotheses,False,99,0,14,0.0,0.0537,True,2.434213161468506,3.128981113433838,1.988150715827942,-2.9243422774673182
Hypotheses1,31,literature,Hypotheses,False,99,1,14,0.0714285714285714,4.17e-05,False,7.100648403167725,7.666731834411621,6.9930100440979,-10.085009429159518
Hypotheses1,32,should,Hypotheses,False,99,2,14,0.1428571428571428,0.000977,True,3.324923038482666,5.774185180664063,4.636089324951172,-6.931023905921491
Hypotheses1,33,be,Hypotheses,False,99,3,14,0.2142857142857142,0.00617,True,0.7029913663864136,0.8310886025428772,0.7635692954063416,-5.088056441064841
Hypotheses1,34,carefully,Hypotheses,False,99,4,14,0.2857142857142857,2.88e-05,False,3.5040173530578613,4.675461769104004,3.904887199401856,-10.455135170822373
Hypotheses1,35,reviewed,Hypotheses,False,99,5,14,0.3571428571428571,1.7e-05,False,2.6304893493652344,2.296470165252685,1.4159730672836304,-10.982297213908058
Hypotheses1,36,and,Hypotheses,False,99,6,14,0.4285714285714285,0.0257,True,1.5218721628189087,1.5434390306472778,1.5536617040634155,-3.661264287080963
Hypotheses1,37,the,Hypotheses,False,99,7,14,0.5,0.0537,True,3.015782117843628,2.7170722484588623,2.1958906650543213,-2.9243422774673182
Hypotheses1,38,task,Hypotheses,False,99,8,14,0.5714285714285714,4.47e-05,False,6.9211273193359375,4.996057510375977,6.197340965270996,-10.015537056344751
Hypotheses1,39,should,Hypotheses,False,99,9,14,0.6428571428571429,0.000977,True,3.0801823139190674,2.282015323638916,3.410443067550659,-6.931023905921491
Hypotheses1,40,be,Hypotheses,False,99,10,14,0.7142857142857143,0.00617,True,0.3602307140827179,0.2050991952419281,0.2782304286956787,-5.088056441064841
Hypotheses1,41,thought,Hypotheses,False,99,11,14,0.7857142857142857,0.000389,False,5.996885299682617,7.376359939575195,7.229121208190918,-7.851931214345828
Hypotheses1,42,about,Hypotheses,False,99,12,14,0.8571428571428571,0.00251,True,2.9151740074157715,3.211700439453125,3.647628307342529,-5.987472525838444
Hypotheses1,43,at,Hypotheses,False,99,13,14,0.9285714285714286,0.00501,True,3.998356342315674,4.480623245239258,4.334068298339844,-5.296319363885364
Hypotheses1,44,length,Hypotheses,False,99,14,14,1.0,5.89e-05,False,3.645717859268189,4.055352538824081,3.512290954589844,-9.739669467306733
Hypotheses1,45,.,Hypotheses,True,99,14,14,1.0,0.0,False,,,,
Hypotheses1,46,One,Hypotheses,False,100,0,14,0.0,0.00295,False,4.887683391571045,5.246840476989746,5.16436243057251,-5.825950108630408
Hypotheses1,47,must,Hypotheses,False,100,1,14,0.0714285714285714,0.000479,False,3.847285747528076,3.253390312194824,2.7682971954345703,-7.643809960553359
Hypotheses1,48,select,Hypotheses,False,100,2,14,0.1428571428571428,2.82e-05,False,6.216209411621094,5.374092102050781,6.485478401184082,-10.476188580020207
Hypotheses1,49,the,Hypotheses,False,100,3,14,0.2142857142857142,0.0537,True,1.3226046562194824,0.838487446308136,1.04110848903656,-2.9243422774673182
Hypotheses1,50,most,Hypotheses,False,100,4,14,0.2857142857142857,0.001,True,2.7911059856414795,2.7779667377471924,2.256425619125366,-6.907755278982137
Hypotheses1,51,fundamental,Hypotheses,False,100,5,14,0.3571428571428571,2.14e-05,False,6.593562126159668,8.08133316040039,7.108841896057129,-10.752119635936468
Hypotheses1,52,elements,Hypotheses,False,100,6,14,0.4285714285714285,5.01e-05,False,3.304877758026123,4.067385196685791,4.815755844116211,-9.901489549873455
Hypotheses1,53,that,Hypotheses,False,100,7,14,0.5,0.0102,True,2.3993730545043945,2.259119987487793,2.6667869091033936,-4.585367558691911
Hypotheses1,54,will,Hypotheses,False,100,8,14,0.5714285714285714,0.00282,True,1.5860846042633057,1.3873146772384644,1.6311049461364746,-5.871018394032115
Hypotheses1,55,constitute,Hypotheses,False,100,9,14,0.6428571428571429,7.08e-06,False,6.694765567779541,6.554685592651367,6.015923500061035,-11.858236650258645
Hypotheses1,56,the,Hypotheses,False,100,10,14,0.7142857142857143,0.0537,True,0.7301071882247925,0.5754867196083069,0.7214229702949524,-2.9243422774673182
Hypotheses1,57,crux,Hypotheses,False,100,11,14,0.7857142857142857,1.12e-06,False,8.202987721189857,8.889226719737053,8.285366239026189,-13.70218187265727
Hypotheses1,58,of,Hypotheses,False,100,12,14,0.8571428571428571,0.0251,True,0.0799267590045929,0.1642016321420669,0.114241823554039,-3.684887432844399
Hypotheses1,59,the,Hypotheses,False,100,13,14,0.9285714285714286,0.0537,True,0.4837746024131775,0.3399815261363983,0.5385298132896423,-2.9243422774673182
Hypotheses1,60,hypotheses,Hypotheses,False,100,14,14,1.0,1.58e-06,False,9.414243936538696,10.495118141174316,7.46606707572937,-13.3580857109254
Hypotheses1,61,.,Hypotheses,True,100,14,14,1.0,0.0,False,,,,
Hypotheses1,62,A,Hypotheses,False,101,0,21,0.0,0.0229,True,3.491618633270264,3.446784019470215,3.0412707328796387,-3.776618368421943
Hypotheses1,63,classic,Hypotheses,False,101,1,21,0.0476190476190476,5.25e-05,False,6.939830780029297,7.148789405822754,7.550092697143555,-9.854697388366697
Hypotheses1,64,principle,Hypotheses,False,101,2,21,0.0952380952380952,2.19e-05,False,8.010738372802734,7.237160205841064,7.054743766784668,-10.729023921141819
Hypotheses1,65,of,Hypotheses,False,101,3,21,0.1428571428571428,0.0251,True,1.0062196254730225,1.0129071474075315,0.835498571395874,-3.684887432844399
Hypotheses1,66,this,Hypotheses,False,101,4,21,0.1904761904761904,0.00661,True,3.8789758682250977,3.718954086303711,3.744614839553833,-5.019171625118542
Hypotheses1,67,intellectual,Hypotheses,False,101,5,21,0.238095238095238,2e-05,False,9.475582122802734,9.726661682128906,8.70517349243164,-10.819778284410283
Hypotheses1,68,ruminative,Hypotheses,False,101,6,21,0.2857142857142857,3.55e-08,False,15.657501101493835,13.973521947860718,14.03654956817627,-17.15373314046504
Hypotheses1,69,and,Hypotheses,False,101,7,21,0.3333333333333333,0.0257,True,5.608114719390869,5.558306694030762,5.478728294372559,-3.661264287080963
Hypotheses1,70,winnowing,Hypotheses,False,101,8,21,0.3809523809523809,1.05e-07,False,11.637622801586986,14.660567617043853,14.155204023234546,-16.06930548678889
Hypotheses1,71,process,Hypotheses,False,101,9,21,0.4285714285714285,0.000182,False,1.0075401067733765,1.8302067518234253,1.716831922531128,-8.611503870887478
Hypotheses1,72,is,Hypotheses,False,101,10,21,0.4761904761904761,0.0117,True,0.2758024930953979,0.2470692992210388,0.3060989081859588,-4.448166437178426
Hypotheses1,73,known,Hypotheses,False,101,11,21,0.5238095238095238,0.000245,False,7.862631797790527,5.600488662719727,6.036016464233398,-8.314252347419547
Hypotheses1,74,as,Hypotheses,False,101,12,21,0.5714285714285714,0.00589,True,0.0532978624105453,0.129535973072052,0.1636832654476165,-5.134499281318642
Hypotheses1,75,Occam's,Hypotheses,False,101,13,21,0.6190476190476191,1.32e-07,False,9.786535162478684,9.789920568466188,8.930038316175342,-15.84046391436004
Hypotheses1,78,razor,Hypotheses,False,101,14,21,0.6666666666666666,5.25e-06,False,2.0395748615264893,1.0130257606506348,0.7958447337150574,-12.157282481360742
Hypotheses1,79,named,Hypotheses,False,101,15,21,0.7142857142857143,8.91e-05,False,10.816532135009766,14.173988342285156,14.17717456817627,-9.32575122348751
Hypotheses1,80,after,Hypotheses,False,101,16,21,0.7619047619047619,0.00129,True,2.1401610374450684,0.2022091895341873,0.1132907941937446,-6.653113060608557
Hypotheses1,81,the,Hypotheses,False,101,17,21,0.8095238095238095,0.0537,True,1.4210611581802368,1.6939607858657837,1.717344880104065,-2.9243422774673182
Hypotheses1,82,philosopher,Hypotheses,False,101,18,21,0.8571428571428571,5.25e-06,False,3.448033809661865,2.566070795059204,2.355685234069824,-12.157282481360742
Hypotheses1,83,William,Hypotheses,False,101,19,21,0.9047619047619048,7.59e-05,False,3.881892919540405,5.391279220581055,4.913351058959961,-9.48609387356269
Hypotheses1,84,of,Hypotheses,False,101,20,21,0.9523809523809524,0.0251,True,4.880728721618652,6.546721458435059,6.827300071716309,-3.684887432844399
Hypotheses1,85,Occam,Hypotheses,False,101,21,21,1.0,5.25e-08,False,9.030336841009555,7.546055231243372,7.879907559603453,-16.762452667348832
Hypotheses1,86,.,Hypotheses,True,101,21,21,1.0,0.0,False,,,,
Hypotheses1,87,The,Hypotheses,False,102,0,23,0.0,0.0537,True,1.7612131834030151,2.252150535583496,2.116854190826416,-2.9243422774673182
Hypotheses1,88,principle,Hypotheses,False,102,1,23,0.0434782608695652,2.19e-05,False,4.091139793395996,3.9738199710845943,4.136280059814453,-10.729023921141819
Hypotheses1,89,of,Hypotheses,False,102,2,23,0.0869565217391304,0.0251,True,2.0627222061157227,2.0026791095733643,2.195431709289551,-3.684887432844399
Hypotheses1,90,Occam's,Hypotheses,False,102,3,23,0.1304347826086956,1.32e-07,False,1.9851159489480776,0.5950335906818509,0.7968230813276023,-15.84046391436004
Hypotheses1,93,razor,Hypotheses,False,102,4,23,0.1739130434782608,5.25e-06,False,0.9099993109703064,0.1532186418771743,0.1199849769473075,-12.157282481360742
Hypotheses1,94,also,Hypotheses,False,102,5,23,0.217391304347826,0.00155,False,5.391448974609375,5.697156429290772,5.497346878051758,-6.469500348050982
Hypotheses1,95,called,Hypotheses,False,102,6,23,0.2608695652173913,0.000389,False,6.132333755493164,6.104651927947998,7.055795669555664,-7.851931214345828
Hypotheses1,96,the,Hypotheses,False,102,7,23,0.3043478260869565,0.0537,True,1.272204041481018,1.9357284307479856,1.886702537536621,-2.9243422774673182
Hypotheses1,97,principle,Hypotheses,False,102,8,23,0.3478260869565217,2.19e-05,False,4.485393047332764,4.82180118560791,4.444128036499023,-10.729023921141819
Hypotheses1,98,of,Hypotheses,False,102,9,23,0.391304347826087,0.0251,True,0.0287875514477491,0.0705896168947219,0.0590700469911098,-3.684887432844399
Hypotheses1,99,parsimony,Hypotheses,False,102,10,23,0.4347826086956521,1.29e-07,False,5.759352090768516,9.85406143963337,10.241637483239174,-15.86345343258474
Hypotheses1,100,teaches,Hypotheses,False,102,11,23,0.4782608695652174,8.91e-06,False,7.537162780761719,8.822627067565918,7.964100837707519,-11.628336316481557
Hypotheses1,101,that,Hypotheses,False,102,12,23,0.5217391304347826,0.0102,True,0.5001450181007385,0.5189962387084961,0.5638441443443298,-4.585367558691911
Hypotheses1,102,hypotheses,Hypotheses,False,102,13,23,0.5652173913043478,1.58e-06,False,3.497453212738037,6.789997100830078,5.895900726318359,-13.3580857109254
Hypotheses1,103,introduced,Hypotheses,False,102,14,23,0.6086956521739131,5.25e-05,False,9.886564254760742,9.351656913757324,9.551956176757812,-9.854697388366697
Hypotheses1,104,to,Hypotheses,False,102,15,23,0.6521739130434783,0.0269,True,2.138310432434082,2.602335214614868,2.322630882263184,-3.6156289923743437
Hypotheses1,105,explain,Hypotheses,False,102,16,23,0.6956521739130435,7.76e-05,False,3.5662548542022705,5.033214569091797,5.277132987976074,-9.463943130775101
Hypotheses1,106,relationships,Hypotheses,False,102,17,23,0.7391304347826086,4.79e-05,False,7.574285507202148,8.796236038208008,8.773640632629395,-9.946395053547404
Hypotheses1,107,should,Hypotheses,False,102,18,23,0.782608695652174,0.000977,True,2.9766716957092285,3.7571516036987305,4.165642738342285,-6.931023905921491
Hypotheses1,108,be,Hypotheses,False,102,19,23,0.8260869565217391,0.00617,True,0.407848984003067,0.4376268982887268,0.5131257176399231,-5.088056441064841
Hypotheses1,109,as,Hypotheses,False,102,20,23,0.8695652173913043,0.00589,True,5.627226829528809,6.491892814636231,6.021650314331055,-5.134499281318642
Hypotheses1,110,parsimonious,Hypotheses,False,102,21,23,0.9130434782608696,1.51e-07,False,4.467385065276176,7.629733800888061,8.021341897547245,-15.705986000131487
Hypotheses1,111,as,Hypotheses,False,102,22,23,0.9565217391304348,0.00589,True,0.1049977540969848,0.2784647345542907,0.4857262670993805,-5.134499281318642
Hypotheses1,112,possible,Hypotheses,False,102,23,23,1.0,0.000229,False,0.8059538826346397,0.6651087701320648,0.9977316558361052,-8.381788554410035
Hypotheses1,113,.,Hypotheses,True,102,23,23,1.0,0.0,False,,,,
Hypotheses1,114,We,Hypotheses,False,103,0,5,0.0,0.00347,True,5.0887227058410645,5.2003560066223145,5.249580383300781,-5.663600685023369
Hypotheses1,115,',Hypotheses,True,103,0,5,0.0,0.0,False,9.524698257446287,12.003915786743164,10.154714584350586,
Hypotheses1,116,cut,Hypotheses,False,103,1,5,0.2,0.000174,False,11.700502395629885,13.36147117614746,8.296876907348633,-8.656455258749745
Hypotheses1,117,away,Hypotheses,False,103,2,5,0.4,0.000417,False,4.706949234008789,4.6861348152160645,5.35045051574707,-7.782424336165473
Hypotheses1,118,',Hypotheses,True,103,2,5,0.4,0.0,False,4.091610908508301,3.697506666183472,3.1418275833129883,
Hypotheses1,119,what,Hypotheses,False,103,3,5,0.6,0.0024,True,4.741562843322754,5.81249475479126,5.572137832641602,-6.032286541628237
Hypotheses1,120,is,Hypotheses,False,103,4,5,0.8,0.0117,True,1.6091750860214231,1.5697308778762815,1.6148854494094849,-4.448166437178426
Hypotheses1,121,superfluous,Hypotheses,False,103,5,5,1.0,1e-06,False,10.320921982172877,10.020124688744543,11.009976159781218,-13.815510557964274
Hypotheses1,122,.,Hypotheses,True,103,5,5,1.0,0.0,False,,,,
Hypotheses1,123,Occam's,Hypotheses,False,104,0,17,0.0,1.32e-07,False,7.26096882391721,5.163455340312794,6.461585438810289,-15.84046391436004
Hypotheses1,126,razor,Hypotheses,False,104,1,17,0.0588235294117647,5.25e-06,False,0.5279741287231445,0.1320945024490356,0.0745561271905899,-12.157282481360742
Hypotheses1,127,is,Hypotheses,False,104,2,17,0.1176470588235294,0.0117,True,2.1899545192718506,1.579948902130127,1.9139370918273928,-4.448166437178426
Hypotheses1,128,a,Hypotheses,False,104,3,17,0.1764705882352941,0.0229,True,1.8672939538955688,1.6559040546417236,1.8302839994430544,-3.776618368421943
Hypotheses1,129,qualified,Hypotheses,False,104,4,17,0.2352941176470588,2.88e-05,False,10.68275547027588,9.63384246826172,9.375894546508787,-10.455135170822373
Hypotheses1,130,demand,Hypotheses,False,104,5,17,0.2941176470588235,6.92e-05,False,11.196518898010254,11.406747817993164,11.238155364990234,-9.57850969534065
Hypotheses1,131,for,Hypotheses,False,104,6,17,0.3529411764705882,0.0102,True,2.290457248687744,1.520288348197937,1.4270007610321045,-4.585367558691911
Hypotheses1,132,prudence,Hypotheses,False,104,7,17,0.4117647058823529,1.2e-06,False,10.666835702955725,9.259552897885442,8.686681343242526,-13.633189001170319
Hypotheses1,133,so,Hypotheses,False,104,8,17,0.4705882352941176,0.00331,True,6.177646636962891,6.720161437988281,7.010109901428223,-5.710807089593166
Hypotheses1,134,that,Hypotheses,False,104,9,17,0.5294117647058824,0.0102,True,0.6365129947662354,1.1026779413223269,0.6852017045021057,-4.585367558691911
Hypotheses1,135,we,Hypotheses,False,104,10,17,0.5882352941176471,0.00347,True,2.046598434448242,2.2392024993896484,2.523550510406494,-5.663600685023369
Hypotheses1,136,do,Hypotheses,False,104,11,17,0.6470588235294118,0.00224,True,2.803558588027954,2.527950525283813,2.5237457752227783,-6.101279413115189
Hypotheses1,137,not,Hypotheses,False,104,12,17,0.7058823529411765,0.0049,True,0.0641050785779953,0.057442482560873,0.047592993825674,-5.318520073865556
Hypotheses1,138,overcomplicate,Hypotheses,False,104,13,17,0.7647058823529411,4.17e-08,False,8.340565411839634,10.012837681919336,9.86214596312493,-16.992764708141657
Hypotheses1,139,the,Hypotheses,False,104,14,17,0.8235294117647058,0.0537,True,1.251195788383484,0.7826874256134033,0.8453815579414368,-2.9243422774673182
Hypotheses1,140,search,Hypotheses,False,104,15,17,0.8823529411764706,9.12e-05,False,5.229221820831299,4.876630783081055,5.836054801940918,-9.302455660883988
Hypotheses1,141,for,Hypotheses,False,104,16,17,0.9411764705882352,0.0102,True,0.8424091935157776,0.773265540599823,0.4588310122489929,-4.585367558691911
Hypotheses1,142,truth,Hypotheses,False,104,17,17,1.0,0.000112,False,2.459357976913452,2.692011833190918,2.8839535117149357,-9.09701168666918
Hypotheses1,143,.,Hypotheses,True,104,17,17,1.0,0.0,False,,,,
Hypotheses2,1,There,Hypotheses,False,105,0,8,0.0,0.00204,True,5.558793067932129,5.572625160217285,4.4491472244262695,-6.194805471126012
Hypotheses2,2,are,Hypotheses,False,105,1,8,0.125,0.0055,True,1.1788897514343262,1.7107069492340088,1.0188767910003662,-5.2030071867437115
Hypotheses2,3,several,Hypotheses,False,105,2,8,0.25,0.000245,False,3.157878875732422,3.819197416305542,2.882902145385742,-8.314252347419547
Hypotheses2,4,kinds,Hypotheses,False,105,3,8,0.375,3.24e-05,False,4.887895584106445,5.062077045440674,3.5133328437805176,-10.33735213516599
Hypotheses2,5,of,Hypotheses,False,105,4,8,0.5,0.0251,True,0.0015470929211005,0.0632766932249069,0.0132286269217729,-3.684887432844399
Hypotheses2,6,hypotheses,Hypotheses,False,105,5,8,0.625,1.58e-06,False,10.182296752929688,11.263648986816406,3.7758212089538574,-13.3580857109254
Hypotheses2,7,in,Hypotheses,False,105,6,8,0.75,0.0186,True,4.013167858123779,3.525649070739746,3.36352801322937,-3.9845936982629815
Hypotheses2,8,behavioral,Hypotheses,False,105,7,8,0.875,7.24e-06,False,7.274698257446289,10.567550659179688,9.874319076538086,-11.83588935156665
Hypotheses2,9,science,Hypotheses,False,105,8,8,1.0,0.000132,False,3.621679782867432,2.6092076301574707,2.6178683042526245,-8.932708635377903
Hypotheses2,10,.,Hypotheses,True,105,8,8,1.0,0.0,False,,,,
Hypotheses2,11,A,Hypotheses,False,106,0,18,0.0,0.0229,True,4.332685947418213,4.297841548919678,3.542699813842773,-3.776618368421943
Hypotheses2,12,working,Hypotheses,False,106,1,18,0.0555555555555555,0.000282,False,8.499521255493164,9.928411483764648,10.366450309753418,-8.17360348702616
Hypotheses2,13,hypothesis,Hypotheses,False,106,2,18,0.1111111111111111,7.41e-06,False,0.1200180649757385,0.2416177093982696,0.1673645675182342,-11.812680118656278
Hypotheses2,14,is,Hypotheses,False,106,3,18,0.1666666666666666,0.0117,True,0.5016189813613892,0.5628394484519958,0.6807131171226501,-4.448166437178426
Hypotheses2,15,a,Hypotheses,False,106,4,18,0.2222222222222222,0.0229,True,2.0190987586975098,1.4989537000656128,0.9893712997436525,-3.776618368421943
Hypotheses2,16,proposition,Hypotheses,False,106,5,18,0.2777777777777778,7.08e-06,False,6.120762825012207,6.179886817932129,6.349340438842773,-11.858236650258645
Hypotheses2,17,or,Hypotheses,False,106,6,18,0.3333333333333333,0.00347,True,4.246298789978027,4.169239521026611,4.635047912597656,-5.663600685023369
Hypotheses2,18,set,Hypotheses,False,106,7,18,0.3888888888888889,0.000389,False,5.072189331054688,6.197351455688477,5.349261283874512,-7.851931214345828
Hypotheses2,19,of,Hypotheses,False,106,8,18,0.4444444444444444,0.0251,True,0.2262969464063644,0.0549737028777599,0.0253398325294256,-3.684887432844399
Hypotheses2,20,propositions,Hypotheses,False,106,9,18,0.5,1.17e-06,False,4.727879047393799,4.123915433883667,4.617788076400757,-13.65850680915461
Hypotheses2,21,",",Hypotheses,True,106,9,18,0.5,0.0,False,,,,
Hypotheses2,22,that,Hypotheses,False,106,10,18,0.5555555555555556,0.0102,True,2.963989734649658,2.8951873779296875,2.444859981536865,-4.585367558691911
Hypotheses2,23,serves,Hypotheses,False,106,11,18,0.6111111111111112,2.45e-05,False,7.392361164093018,7.69168758392334,7.31451416015625,-10.616837440413592
Hypotheses2,24,to,Hypotheses,False,106,12,18,0.6666666666666666,0.0269,True,1.3968675136566162,1.285200834274292,1.449277639389038,-3.6156289923743437
Hypotheses2,25,guide,Hypotheses,False,106,13,18,0.7222222222222222,5.62e-05,False,4.899845123291016,5.409860610961914,4.718070030212402,-9.78659380106463
Hypotheses2,26,and,Hypotheses,False,106,14,18,0.7777777777777778,0.0257,True,3.1727466583251958,3.101257801055908,3.1747283935546875,-3.661264287080963
Hypotheses2,27,organize,Hypotheses,False,106,15,18,0.8333333333333334,9.55e-06,False,4.615498065948486,6.224700927734375,6.364202499389648,-11.558969403471636
Hypotheses2,28,an,Hypotheses,False,106,16,18,0.8888888888888888,0.00339,True,3.715561389923096,3.908787727355957,4.187945365905762,-5.686925357589778
Hypotheses2,29,empirical,Hypotheses,False,106,17,18,0.9444444444444444,4.17e-06,False,3.4199392795562744,3.986541271209717,3.8491714000701904,-12.387594522153565
Hypotheses2,30,investigation,Hypotheses,False,106,18,18,1.0,5.62e-05,False,3.429646074771881,4.9395275712013245,4.341378808021545,-9.78659380106463
Hypotheses2,31,.,Hypotheses,True,106,18,18,1.0,0.0,False,,,,
Hypotheses2,32,For,Hypotheses,False,107,0,43,0.0,0.0102,True,3.7103404998779297,4.318277835845947,5.200438976287842,-4.585367558691911
Hypotheses2,33,example,Hypotheses,False,107,1,43,0.0232558139534883,0.000186,False,0.3929816484451294,0.3153190314769745,0.415071427822113,-8.589763884251074
Hypotheses2,34,social,Hypotheses,False,107,2,43,0.0465116279069767,0.000263,False,11.818731307983398,10.594159126281738,9.416340827941896,-8.24335652578651
Hypotheses2,35,psychologist,Hypotheses,False,107,3,43,0.0697674418604651,6.31e-06,False,5.947440147399902,6.015669822692871,5.868155479431152,-11.973374881411152
Hypotheses2,36,Leon,Hypotheses,False,107,4,43,0.0930232558139534,8.32e-06,False,6.932002067565918,6.890302658081055,6.904328346252441,-11.696848303131157
Hypotheses2,37,Festinger,Hypotheses,False,107,5,43,0.1162790697674418,3.55e-08,False,5.17569226026535,15.790673971176147,15.2396240234375,-17.15373314046504
Hypotheses2,38,in,Hypotheses,False,107,6,43,0.1395348837209302,0.0186,True,5.579768180847168,5.786782264709473,5.3367133140563965,-3.9845936982629815
Hypotheses2,39,trying,Hypotheses,False,107,7,43,0.1627906976744186,0.000295,False,9.878706932067873,10.876123428344728,10.035619735717772,-8.128535201624453
Hypotheses2,40,to,Hypotheses,False,107,8,43,0.1860465116279069,0.0269,True,0.0343302115797996,0.0280361343175172,0.047687791287899,-3.6156289923743437
Hypotheses2,41,account,Hypotheses,False,107,9,43,0.2093023255813953,0.000162,False,5.129141330718994,5.147805213928223,5.08999490737915,-8.72791422273189
Hypotheses2,42,for,Hypotheses,False,107,10,43,0.2325581395348837,0.0102,True,0.0195582006126642,0.0648638531565666,0.021001111716032,-4.585367558691911
Hypotheses2,43,the,Hypotheses,False,107,11,43,0.2558139534883721,0.0537,True,1.092368483543396,1.0455608367919922,0.8594783544540405,-2.9243422774673182
Hypotheses2,44,fact,Hypotheses,False,107,12,43,0.2790697674418604,0.000257,False,4.434303283691406,4.305218696594238,4.736418724060059,-8.266434473069054
Hypotheses2,45,that,Hypotheses,False,107,13,43,0.3023255813953488,0.0102,True,0.019960606470704,0.0386932641267776,0.075490303337574,-4.585367558691911
Hypotheses2,46,some,Hypotheses,False,107,14,43,0.3255813953488372,0.00158,True,4.602689743041992,4.060525894165039,4.126072883605957,-6.450330431943262
Hypotheses2,47,earthquake,Hypotheses,False,107,15,43,0.3488372093023256,1.41e-05,False,13.253726959228516,13.980510711669922,12.779377937316896,-11.169335760580152
Hypotheses2,48,victims,Hypotheses,False,107,16,43,0.3720930232558139,3.63e-05,False,2.8712716102600098,2.7228660583496094,2.928356409072876,-10.223692816693468
Hypotheses2,49,in,Hypotheses,False,107,17,43,0.3953488372093023,0.0186,True,3.428403377532959,3.04352068901062,2.231397151947021,-3.9845936982629815
Hypotheses2,50,India,Hypotheses,False,107,18,43,0.4186046511627907,0.00011,False,4.196572303771973,4.40247106552124,4.2124786376953125,-9.115030192171858
Hypotheses2,51,spread,Hypotheses,False,107,19,43,0.4418604651162791,6.46e-05,False,9.469297409057615,8.267326354980469,7.943216323852539,-9.647296147175718
Hypotheses2,52,false,Hypotheses,False,107,20,43,0.4651162790697674,4.27e-05,False,5.251608371734619,6.521562576293945,6.074064254760742,-10.061311637729695
Hypotheses2,53,rumors,Hypotheses,False,107,21,43,0.4883720930232558,1.02e-05,False,1.9598047733306885,2.371652603149414,2.7305421829223637,-11.493122837674049
Hypotheses2,54,about,Hypotheses,False,107,22,43,0.5116279069767442,0.00251,True,0.7612298130989075,1.2889665365219116,1.5198594331741333,-5.987472525838444
Hypotheses2,55,future,Hypotheses,False,107,23,43,0.5348837209302325,0.000214,False,9.053661346435549,8.645317077636719,8.683992385864258,-8.449534542942423
Hypotheses2,56,catastrophes,Hypotheses,False,107,24,43,0.5581395348837209,5.89e-07,False,6.305194842730998,5.267161413328722,5.667914408957586,-14.344839653294825
Hypotheses2,57,",",Hypotheses,True,107,24,43,0.5581395348837209,0.0,False,,,,
Hypotheses2,58,was,Hypotheses,False,107,25,43,0.5813953488372093,0.00661,True,4.540820121765137,4.310506820678711,3.798331499099731,-5.019171625118542
Hypotheses2,59,inspired,Hypotheses,False,107,26,43,0.6046511627906976,4.27e-05,False,4.360487461090088,5.48426628112793,5.230347156524658,-10.061311637729695
Hypotheses2,60,to,Hypotheses,False,107,27,43,0.627906976744186,0.0269,True,1.6324307918548584,1.6781036853790283,2.471676826477051,-3.6156289923743437
Hypotheses2,61,develop,Hypotheses,False,107,28,43,0.6511627906976745,5.62e-05,False,3.635624408721924,4.284336566925049,4.217761039733887,-9.78659380106463
Hypotheses2,62,two,Hypotheses,False,107,29,43,0.6744186046511628,0.00126,False,5.446261882781982,5.502983570098877,5.78484582901001,-6.676643558018751
Hypotheses2,63,basic,Hypotheses,False,107,30,43,0.6976744186046512,7.76e-05,False,5.2106709480285645,6.860818862915039,6.056375980377197,-9.463943130775101
Hypotheses2,64,hypotheses,Hypotheses,False,107,31,43,0.7209302325581395,1.58e-06,False,0.5275129079818726,0.5730342864990234,0.6987514495849609,-13.3580857109254
Hypotheses2,65,that,Hypotheses,False,107,32,43,0.7441860465116279,0.0102,True,3.0430474281311035,3.365381956100464,3.0275988578796387,-4.585367558691911
Hypotheses2,66,became,Hypotheses,False,107,33,43,0.7674418604651163,0.000141,False,7.07982063293457,6.265171051025391,6.105635643005371,-8.866750667586105
Hypotheses2,67,the,Hypotheses,False,107,34,43,0.7906976744186046,0.0537,True,1.637086033821106,1.4627329111099243,1.449647068977356,-2.9243422774673182
Hypotheses2,68,starting,Hypotheses,False,107,35,43,0.813953488372093,0.000117,False,5.054075717926025,6.616102695465088,6.730159282684326,-9.053336623166517
Hypotheses2,69,points,Hypotheses,False,107,36,43,0.8372093023255814,0.00017,False,2.5784778594970703,2.0025787353515625,1.423566818237305,-8.679712120914012
Hypotheses2,70,for,Hypotheses,False,107,37,43,0.8604651162790697,0.0102,True,0.6701747179031372,0.700380802154541,0.3407448232173919,-4.585367558691911
Hypotheses2,71,an,Hypotheses,False,107,38,43,0.8837209302325582,0.00339,True,4.221299171447754,3.609817504882813,3.911806583404541,-5.686925357589778
Hypotheses2,72,elaborate,Hypotheses,False,107,39,43,0.9069767441860463,1.15e-05,False,4.520906925201416,7.363755702972412,6.071138381958008,-11.37316352259507
Hypotheses2,73,program,Hypotheses,False,107,40,43,0.9302325581395348,0.000186,False,6.2972187995910645,6.04575252532959,5.851686477661133,-8.589763884251074
Hypotheses2,74,of,Hypotheses,False,107,41,43,0.9534883720930232,0.0251,True,0.5729547739028931,0.4851987063884735,0.1357175409793853,-3.684887432844399
Hypotheses2,75,experimental,Hypotheses,False,107,42,43,0.9767441860465116,1.91e-05,False,4.712990760803223,4.927614212036133,4.82630729675293,-10.86582222291169
Hypotheses2,76,research,Hypotheses,False,107,43,43,1.0,0.000245,False,2.6912242770195007,3.502016842365265,2.3197959661483765,-8.314252347419547
Hypotheses2,77,.,Hypotheses,True,107,43,43,1.0,0.0,False,,,,
Hypotheses3,1,Festinger,Hypotheses,False,108,0,20,0.0,3.55e-08,False,21.061227798461918,21.832727432250977,5.490468908305047,-17.15373314046504
Hypotheses3,2,wondered,Hypotheses,False,108,1,20,0.05,1.58e-05,False,10.149785995483398,12.566051483154297,8.709432601928711,-11.055500617931353
Hypotheses3,3,why,Hypotheses,False,108,2,20,0.1,0.000851,True,2.59440541267395,1.783768892288208,2.036804676055908,-7.0690984293909
Hypotheses3,4,those,Hypotheses,False,108,3,20,0.15,0.000794,True,5.642175674438477,6.5037841796875,5.536334991455078,-7.138427096717138
Hypotheses3,5,rumors,Hypotheses,False,108,4,20,0.2,1.02e-05,False,7.559537887573242,8.57129955291748,2.8624813556671143,-11.493122837674049
Hypotheses3,6,arose,Hypotheses,False,108,5,20,0.25,5.37e-06,False,7.064555644989014,9.082515716552734,7.058967113494873,-12.134682649443501
Hypotheses3,7,and,Hypotheses,False,108,6,20,0.3,0.0257,True,3.005828857421875,2.840447902679444,2.218918800354004,-3.661264287080963
Hypotheses3,8,were,Hypotheses,False,108,7,20,0.35,0.00219,True,6.4838032722473145,5.765223503112793,4.955766677856445,-6.123853735153728
Hypotheses3,9,so,Hypotheses,False,108,8,20,0.4,0.00331,True,3.62980318069458,2.8359310626983643,3.7448928356170654,-5.710807089593166
Hypotheses3,10,widely,Hypotheses,False,108,9,20,0.45,3.47e-05,False,3.6128604412078857,4.530374526977539,2.3383257389068604,-10.26877087101146
Hypotheses3,11,accepted,Hypotheses,False,108,10,20,0.5,4.68e-05,False,3.529238224029541,4.097227096557617,2.8948721885681152,-9.969627355040673
Hypotheses3,12,since,Hypotheses,False,108,11,20,0.55,0.000562,False,6.387962818145752,7.189085960388184,8.110490798950195,-7.484008708070583
Hypotheses3,13,the,Hypotheses,False,108,12,20,0.6,0.0537,True,1.6441267728805542,1.6550536155700684,1.8679100275039675,-2.9243422774673182
Hypotheses3,14,belief,Hypotheses,False,108,13,20,0.65,2.88e-05,False,9.911767959594728,11.121345520019531,7.371200561523437,-10.455135170822373
Hypotheses3,15,that,Hypotheses,False,108,14,20,0.7,0.0102,True,1.1426814794540403,1.3437141180038452,1.6760153770446775,-4.585367558691911
Hypotheses3,16,terrible,Hypotheses,False,108,15,20,0.75,5.13e-05,False,12.573699951171877,11.614494323730469,9.668716430664062,-9.877819805787551
Hypotheses3,17,disasters,Hypotheses,False,108,16,20,0.8,5.75e-06,False,6.806117057800293,7.892556667327881,2.742353916168213,-12.066310703155015
Hypotheses3,18,are,Hypotheses,False,108,17,20,0.85,0.0055,True,2.9852547645568848,2.427635669708252,3.335794448852539,-5.2030071867437115
Hypotheses3,19,coming,Hypotheses,False,108,18,20,0.9,0.000251,False,4.025359153747559,4.715147972106934,6.566882133483887,-8.29005761883249
Hypotheses3,20,seems,Hypotheses,False,108,19,20,0.95,0.000174,False,7.3800764083862305,9.272268295288086,8.452488899230957,-8.656455258749745
Hypotheses3,21,frightening,Hypotheses,False,108,20,20,1.0,4.68e-06,False,10.356841564178469,10.753903090953829,11.444957613945007,-12.272212448034718
Hypotheses3,22,.,Hypotheses,True,108,20,20,1.0,0.0,False,,,,
Hypotheses3,23,He,Hypotheses,False,109,0,23,0.0,0.0049,True,2.644702196121216,3.6623589992523193,2.0007128715515137,-5.318520073865556
Hypotheses3,24,theorized,Hypotheses,False,109,1,23,0.0434782608695652,6.61e-07,False,6.126241967082024,6.823493868112564,4.605284934863448,-14.229511997094725
Hypotheses3,25,that,Hypotheses,False,109,2,23,0.0869565217391304,0.0102,True,0.2184431105852127,0.2224322408437729,0.1411550790071487,-4.585367558691911
Hypotheses3,26,there,Hypotheses,False,109,3,23,0.1304347826086956,0.00204,True,3.3699817657470703,3.00483775138855,3.3799848556518555,-6.194805471126012
Hypotheses3,27,should,Hypotheses,False,109,4,23,0.1739130434782608,0.000977,True,5.210345268249512,6.116763114929199,5.077771186828613,-6.931023905921491
Hypotheses3,28,be,Hypotheses,False,109,5,23,0.217391304347826,0.00617,True,0.1543339341878891,0.0932011157274246,0.0749420896172523,-5.088056441064841
Hypotheses3,29,',Hypotheses,True,109,5,23,0.217391304347826,0.0,False,6.966093063354492,7.101747989654541,4.662774085998535,
Hypotheses3,30,cognitive,Hypotheses,False,109,6,23,0.2608695652173913,1.29e-05,False,16.84931755065918,13.848610877990724,9.351032257080078,-11.258283246596648
Hypotheses3,31,dissonance,Hypotheses,False,109,7,23,0.3043478260869565,1.05e-06,False,0.1573446133406832,0.5282459175214171,2.3224758049473166,-13.766720393794841
Hypotheses3,32,',Hypotheses,True,109,7,23,0.3043478260869565,0.0,False,1.79131019115448,4.9811177253723145,4.218764305114746,
Hypotheses3,33,arising,Hypotheses,False,109,8,23,0.3478260869565217,5.25e-06,False,7.39163875579834,8.855292320251465,8.126965522766113,-12.157282481360742
Hypotheses3,34,from,Hypotheses,False,109,9,23,0.391304347826087,0.00427,True,0.6934509873390198,1.0762125253677368,0.7593443393707275,-5.456141451741604
Hypotheses3,35,the,Hypotheses,False,109,10,23,0.4347826086956521,0.0537,True,1.2515393495559692,1.1624720096588137,1.0308574438095093,-2.9243422774673182
Hypotheses3,36,experience,Hypotheses,False,109,11,23,0.4782608695652174,0.000186,False,6.391995429992676,5.791421890258789,5.465111255645752,-8.589763884251074
Hypotheses3,37,of,Hypotheses,False,109,12,23,0.5217391304347826,0.0251,True,0.2973583340644836,0.4540475904941559,0.2417630851268768,-3.684887432844399
Hypotheses3,38,having,Hypotheses,False,109,13,23,0.5652173913043478,0.000389,True,4.1378984451293945,3.178074359893799,3.718992948532105,-7.851931214345828
Hypotheses3,39,survived,Hypotheses,False,109,14,23,0.6086956521739131,2.09e-05,False,5.358090400695801,4.471315383911133,5.854292869567871,-10.77576139899351
Hypotheses3,40,a,Hypotheses,False,109,15,23,0.6521739130434783,0.0229,True,1.570176124572754,1.5274217128753662,1.6771914958953855,-3.776618368421943
Hypotheses3,41,devastating,Hypotheses,False,109,16,23,0.6956521739130435,7.08e-06,False,4.276715278625488,4.496830940246582,4.09288501739502,-11.858236650258645
Hypotheses3,42,earthquake,Hypotheses,False,109,17,23,0.7391304347826086,1.41e-05,False,3.408079147338867,2.266267776489258,0.8793244957923889,-11.169335760580152
Hypotheses3,43,in,Hypotheses,False,109,18,23,0.782608695652174,0.0186,True,3.38809585571289,2.198453903198242,2.548349380493164,-3.9845936982629815
Hypotheses3,44,which,Hypotheses,False,109,19,23,0.8260869565217391,0.002,True,2.86887001991272,5.188748836517334,4.110496044158936,-6.214608098422191
Hypotheses3,45,other,Hypotheses,False,109,20,23,0.8695652173913043,0.00145,True,6.124283313751221,7.5874481201171875,6.910846710205078,-6.536191722549654
Hypotheses3,46,people,Hypotheses,False,109,21,23,0.9130434782608696,0.00178,False,0.5083869099617004,0.8416480422019958,0.6273484826087952,-6.331141914678144
Hypotheses3,47,had,Hypotheses,False,109,22,23,0.9565217391304348,0.00214,True,2.8828139305114746,2.850998878479004,2.73599910736084,-6.1469494499483766
Hypotheses3,48,perished,Hypotheses,False,109,23,23,1.0,2e-06,False,3.906026810407639,4.604888737201691,4.221277594566345,-13.122363377404328
Hypotheses3,49,.,Hypotheses,True,109,23,23,1.0,0.0,False,,,,
Hypotheses3,50,The,Hypotheses,False,110,0,11,0.0,0.0537,True,3.2831344604492188,3.016242742538452,2.021843910217285,-2.9243422774673182
Hypotheses3,51,rumors,Hypotheses,False,110,1,11,0.0909090909090909,1.02e-05,False,10.766704082489014,11.944592952728271,14.292006969451904,-11.493122837674049
Hypotheses3,52,",",Hypotheses,True,110,1,11,0.0909090909090909,0.0,False,,,,
Hypotheses3,53,he,Hypotheses,False,110,2,11,0.1818181818181818,0.0049,True,0.5513890385627747,2.045369863510132,2.387416362762451,-5.318520073865556
Hypotheses3,54,reasoned,Hypotheses,False,110,3,11,0.2727272727272727,2.04e-06,False,4.403367042541504,3.560213088989258,3.028125762939453,-13.102560750108148
Hypotheses3,55,gave,Hypotheses,False,110,4,11,0.3636363636363636,0.000178,False,11.145621299743652,11.415802001953123,10.317999839782717,-8.633727007672189
Hypotheses3,56,the,Hypotheses,False,110,5,11,0.4545454545454545,0.0537,True,2.148977279663086,1.927102208137512,1.8614745140075684,-2.9243422774673182
Hypotheses3,57,survivors,Hypotheses,False,110,6,11,0.5454545454545454,1.26e-05,False,6.384761333465576,6.588231563568115,7.24025297164917,-11.281813744006842
Hypotheses3,58,something,Hypotheses,False,110,7,11,0.6363636363636364,0.000646,False,3.899280071258545,4.752124786376953,5.323308944702148,-7.344711054181673
Hypotheses3,59,to,Hypotheses,False,110,8,11,0.7272727272727273,0.0269,True,0.3768799006938934,0.2040058821439743,0.2366568595170974,-3.6156289923743437
Hypotheses3,60,be,Hypotheses,False,110,9,11,0.8181818181818182,0.00617,True,3.1852102279663086,2.8760476112365723,2.8830435276031494,-5.088056441064841
Hypotheses3,61,frightened,Hypotheses,False,110,10,11,0.9090909090909092,5.5e-06,False,4.079974174499512,4.207326889038086,3.5909008979797363,-12.110762465725848
Hypotheses3,62,about,Hypotheses,False,110,11,11,1.0,0.00251,True,2.571139931678772,2.452654480934143,2.184300482273102,-5.987472525838444
Hypotheses3,63,.,Hypotheses,True,110,11,11,1.0,0.0,False,,,,
Hypotheses3,64,This,Hypotheses,False,111,0,7,0.0,0.00661,True,4.714816093444824,4.184378623962402,3.374697208404541,-5.019171625118542
Hypotheses3,65,was,Hypotheses,False,111,1,7,0.1428571428571428,0.00661,True,2.3577911853790283,1.8535314798355105,2.2103207111358643,-5.019171625118542
Hypotheses3,66,reassuring,Hypotheses,False,111,2,7,0.2857142857142857,2.51e-06,False,8.066229820251465,7.439945220947266,9.011046409606934,-12.895227804820582
Hypotheses3,67,for,Hypotheses,False,111,3,7,0.4285714285714285,0.0102,True,1.8954119682312007,2.5511550903320312,2.4993205070495605,-4.585367558691911
Hypotheses3,68,them,Hypotheses,False,111,4,7,0.5714285714285714,0.00155,True,3.2286150455474854,3.340757131576538,3.605478286743164,-6.469500348050982
Hypotheses3,69,in,Hypotheses,False,111,5,7,0.7142857142857143,0.0186,True,4.2630391120910645,4.146990776062012,3.942249774932861,-3.9845936982629815
Hypotheses3,70,a,Hypotheses,False,111,6,7,0.8571428571428571,0.0229,True,2.3135483264923096,2.118624210357666,2.404890537261963,-3.776618368421943
Hypotheses3,71,way,Hypotheses,False,111,7,7,1.0,0.00102,False,8.699128985404968,7.603418827056885,8.61388111114502,-6.887952651685957
Hypotheses3,72,!,Hypotheses,True,111,7,7,1.0,0.0,False,,,,
Hypotheses3,73,That,Hypotheses,False,112,0,27,0.0,0.0102,True,5.5313639640808105,5.37619161605835,5.466532707214356,-4.585367558691911
Hypotheses3,74,is,Hypotheses,False,112,1,27,0.037037037037037,0.0117,True,3.405197501182556,3.872935891151428,2.648695468902588,-4.448166437178426
Hypotheses3,75,",",Hypotheses,True,112,1,27,0.037037037037037,0.0,False,,,,
Hypotheses3,76,since,Hypotheses,False,112,2,27,0.074074074074074,0.000562,False,4.8468546867370605,4.841131687164307,5.161350250244141,-7.484008708070583
Hypotheses3,77,the,Hypotheses,False,112,3,27,0.1111111111111111,0.0537,True,1.624147891998291,1.501720309257507,1.2667434215545654,-2.9243422774673182
Hypotheses3,78,rumors,Hypotheses,False,112,4,27,0.1481481481481481,1.02e-05,False,4.892333984375,6.019060134887695,5.530727386474609,-11.493122837674049
Hypotheses3,79,provided,Hypotheses,False,112,5,27,0.1851851851851851,0.000105,False,7.069480895996094,6.413153648376465,6.003055095672607,-9.161550207806751
Hypotheses3,80,them,Hypotheses,False,112,6,27,0.2222222222222222,0.00155,True,3.2647547721862797,2.60311222076416,4.080752372741699,-6.469500348050982
Hypotheses3,81,with,Hypotheses,False,112,7,27,0.2592592592592592,0.00708,True,0.3933947086334228,0.2681522965431213,0.2957410514354706,-4.950481371276509
Hypotheses3,82,information,Hypotheses,False,112,8,27,0.2962962962962963,0.000269,False,3.0086679458618164,4.044599533081055,4.364113807678223,-8.220799178362435
Hypotheses3,83,that,Hypotheses,False,112,9,27,0.3333333333333333,0.0102,True,1.0231660604476929,1.251469969749451,1.576705813407898,-4.585367558691911
Hypotheses3,84,fit,Hypotheses,False,112,10,27,0.3703703703703703,8.91e-05,False,8.792009353637695,9.93346118927002,9.14716625213623,-9.32575122348751
Hypotheses3,85,with,Hypotheses,False,112,11,27,0.4074074074074074,0.00708,True,1.82460618019104,3.166012525558472,2.798818826675415,-4.950481371276509
Hypotheses3,86,the,Hypotheses,False,112,12,27,0.4444444444444444,0.0537,True,0.9756829142570496,1.6327922344207764,1.411885380744934,-2.9243422774673182
Hypotheses3,87,way,Hypotheses,False,112,13,27,0.4814814814814814,0.00102,False,4.984697341918945,5.347024440765381,5.570151329040527,-6.887952651685957
Hypotheses3,88,they,Hypotheses,False,112,14,27,0.5185185185185185,0.00316,True,1.5107396841049194,1.3415312767028809,1.432969570159912,-5.757183251383316
Hypotheses3,89,already,Hypotheses,False,112,15,27,0.5555555555555556,0.000355,False,6.43707799911499,7.018459796905518,7.163549423217773,-7.943392768488859
Hypotheses3,90,felt,Hypotheses,False,112,16,27,0.5925925925925926,0.000135,False,1.7070965766906738,1.59057354927063,1.991441249847412,-8.910235779525845
Hypotheses3,91,the,Hypotheses,False,112,17,27,0.6296296296296297,0.0537,True,4.998813152313232,4.511443614959717,4.88768482208252,-2.9243422774673182
Hypotheses3,92,rumors,Hypotheses,False,112,18,27,0.6666666666666666,1.02e-05,False,7.721139430999756,7.871407508850098,8.184030532836914,-11.493122837674049
Hypotheses3,93,were,Hypotheses,False,112,19,27,0.7037037037037037,0.00219,True,1.3299858570098877,1.889883637428284,2.2693793773651123,-6.123853735153728
Hypotheses3,94,anxiety-justifying,Hypotheses,False,112,20,27,0.7407407407407407,1.82e-06,False,26.512978732585907,27.055602192878723,26.136332750320435,-13.21667405687557
Hypotheses3,96,and,Hypotheses,False,112,21,27,0.7777777777777778,0.0257,True,2.760632276535034,3.32417631149292,2.879758358001709,-3.661264287080963
Hypotheses3,97,dissonance-reducing,Hypotheses,False,112,22,27,0.8148148148148148,1e-06,False,18.94883730262518,20.87846851348877,19.829348511993885,-13.815510557964274
Hypotheses3,98,instead,Hypotheses,False,112,23,27,0.8518518518518519,0.000174,False,7.498794078826904,7.664973735809326,7.728828430175781,-8.656455258749745
Hypotheses3,99,of,Hypotheses,False,112,24,27,0.8888888888888888,0.0251,True,0.1220093593001365,0.0392525419592857,0.0236110966652631,-3.684887432844399
Hypotheses3,100,anxiety-provoking,Hypotheses,False,112,25,27,0.925925925925926,2.67e-06,False,10.9998267441988,9.788499511778356,8.360279604792595,-12.833432085552117
Hypotheses3,101,he,Hypotheses,False,112,26,27,0.9629629629629628,0.0049,True,10.605825424194336,12.884018898010254,11.751313209533691,-5.318520073865556
Hypotheses3,102,theorized,Hypotheses,False,112,27,27,1.0,6.61e-07,False,5.943632189184427,7.221324294805527,6.854375712573528,-14.229511997094725
Hypotheses3,103,.,Hypotheses,True,112,27,27,1.0,0.0,False,,,,
Hypotheses4,1,On,Hypotheses,False,113,0,39,0.0,0.00813,True,5.817680835723877,6.5668535232543945,5.449538230895996,-4.812194355422418
Hypotheses4,2,the,Hypotheses,False,113,1,39,0.0256410256410256,0.0537,True,2.2166104316711426,1.4381128549575806,0.3660143613815307,-2.9243422774673182
Hypotheses4,3,basis,Hypotheses,False,113,2,39,0.0512820512820512,6.46e-05,False,5.259495258331299,6.945572376251221,4.217906951904297,-9.647296147175718
Hypotheses4,4,of,Hypotheses,False,113,3,39,0.0769230769230769,0.0251,True,0.0610351786017417,0.0970678627490997,0.0116724148392677,-3.684887432844399
Hypotheses4,5,this,Hypotheses,False,113,4,39,0.1025641025641025,0.00661,True,2.26292085647583,2.411977767944336,0.9804532527923584,-5.019171625118542
Hypotheses4,6,interpretation,Hypotheses,False,113,5,39,0.1282051282051282,1.66e-05,False,6.372539043426514,8.15871810913086,6.78188419342041,-11.006107862601777
Hypotheses4,7,he,Hypotheses,False,113,6,39,0.1538461538461538,0.0049,True,6.617501258850098,5.589548587799072,3.139378070831299,-5.318520073865556
Hypotheses4,8,then,Hypotheses,False,113,7,39,0.1794871794871795,0.00117,True,5.47520637512207,6.913359642028809,4.597947120666504,-6.750751530172472
Hypotheses4,9,developed,Hypotheses,False,113,8,39,0.2051282051282051,8.91e-05,False,6.6076507568359375,7.771365642547607,2.62595009803772,-9.32575122348751
Hypotheses4,10,two,Hypotheses,False,113,9,39,0.2307692307692307,0.00126,False,4.6850266456604,4.665774345397949,1.1809334754943848,-6.676643558018751
Hypotheses4,11,working,Hypotheses,False,113,10,39,0.2564102564102564,0.000282,False,9.0035400390625,9.257736206054688,8.210291862487793,-8.17360348702616
Hypotheses4,12,hypotheses,Hypotheses,False,113,11,39,0.282051282051282,1.58e-06,False,0.6451339721679688,4.022569179534912,0.1589374095201492,-13.3580857109254
Hypotheses4,13,to,Hypotheses,False,113,12,39,0.3076923076923077,0.0269,True,3.6457929611206055,3.2051944732666016,3.702428340911865,-3.6156289923743437
Hypotheses4,14,explain,Hypotheses,False,113,13,39,0.3333333333333333,7.76e-05,False,0.6228872537612915,1.3830093145370483,1.1997238397598269,-9.463943130775101
Hypotheses4,15,why,Hypotheses,False,113,14,39,0.358974358974359,0.000851,True,2.425553321838379,1.5216346979141235,2.92940092086792,-7.0690984293909
Hypotheses4,16,individuals,Hypotheses,False,113,15,39,0.3846153846153846,6.46e-05,False,6.784882545471191,8.878129005432129,8.073639869689941,-9.647296147175718
Hypotheses4,17,strive,Hypotheses,False,113,16,39,0.4102564102564102,5.25e-06,False,9.487594604492188,10.073650360107422,11.94114875793457,-12.157282481360742
Hypotheses4,18,for,Hypotheses,False,113,17,39,0.4358974358974359,0.0102,True,1.5154750347137451,1.1134215593338013,1.537070631980896,-4.585367558691911
Hypotheses4,19,psychological,Hypotheses,False,113,18,39,0.4615384615384615,1.86e-05,False,7.555992603302002,7.861034393310547,6.098738670349121,-10.892348977245119
Hypotheses4,20,consistency,Hypotheses,False,113,19,39,0.4871794871794871,9.77e-06,False,6.044382095336914,6.167351722717285,5.808100700378418,-11.536194091909582
Hypotheses4,21,(,Hypotheses,True,113,19,39,0.4871794871794871,0.0,False,3.922652006149292,3.3843069076538086,4.409615993499756,
Hypotheses4,22,consonance,Hypotheses,False,113,20,39,0.5128205128205128,1.17e-07,False,16.657538771629333,17.29906189441681,16.93902689218521,-15.961091902148654
Hypotheses4,23,when,Hypotheses,False,113,21,39,0.5384615384615384,0.00234,True,8.347625732421875,7.546759605407715,7.954599380493164,-6.057604349612527
Hypotheses4,24,they,Hypotheses,False,113,22,39,0.5641025641025641,0.00316,True,2.470839738845825,2.187854766845703,2.462160110473633,-5.757183251383316
Hypotheses4,25,are,Hypotheses,False,113,23,39,0.5897435897435898,0.0055,True,1.44449782371521,1.574360728263855,1.7060606479644775,-5.2030071867437115
Hypotheses4,26,experiencing,Hypotheses,False,113,24,39,0.6153846153846154,1.1e-05,False,5.52370548248291,5.297953605651856,3.961267709732056,-11.417615285165903
Hypotheses4,27,or,Hypotheses,False,113,25,39,0.6410256410256411,0.00347,True,4.601330280303955,5.170347690582275,4.802846908569336,-5.663600685023369
Hypotheses4,28,expect,Hypotheses,False,113,26,39,0.6666666666666666,0.000102,False,8.639533042907715,7.916920661926269,8.769923210144043,-9.190537744680004
Hypotheses4,29,to,Hypotheses,False,113,27,39,0.6923076923076923,0.0269,True,0.2599236965179443,0.975788414478302,1.130173683166504,-3.6156289923743437
Hypotheses4,30,experience,Hypotheses,False,113,28,39,0.717948717948718,0.000186,False,0.0737900584936142,0.3780741989612579,0.3291162550449371,-8.589763884251074
Hypotheses4,31,cognitive,Hypotheses,False,113,29,39,0.7435897435897436,1.29e-05,False,7.032965660095215,5.584732055664063,5.824926376342773,-11.258283246596648
Hypotheses4,32,dissonance,Hypotheses,False,113,30,39,0.7692307692307693,1.05e-06,False,0.4658280972507782,0.6112569849938154,0.0225822434294968,-13.766720393794841
Hypotheses4,33,(,Hypotheses,True,113,30,39,0.7692307692307693,0.0,False,4.7724199295043945,4.004600524902344,5.02672290802002,
Hypotheses4,34,i.e.,Hypotheses,False,113,31,39,0.7948717948717948,3.31e-05,False,6.734062205767259,5.584778997115791,5.787687012925744,-10.315977275581258
Hypotheses4,38,",",Hypotheses,True,113,31,39,0.7948717948717948,0.0,False,,,,
Hypotheses4,39,inconsistent,Hypotheses,False,113,32,39,0.8205128205128205,6.17e-06,False,7.404403209686279,6.728462219238281,7.269203186035156,-11.995811720046978
Hypotheses4,40,knowledge,Hypotheses,False,113,33,39,0.8461538461538461,9.12e-05,False,6.8240227699279785,6.497608184814453,5.976179122924805,-9.302455660883988
Hypotheses4,41,opinions,Hypotheses,False,113,34,39,0.8717948717948718,2.57e-05,False,14.669702053070068,14.808485507965088,14.190407276153564,-10.5690195660631
Hypotheses4,42,",",Hypotheses,True,113,34,39,0.8717948717948718,0.0,False,,,,
Hypotheses4,43,or,Hypotheses,False,113,35,39,0.8974358974358975,0.00347,True,3.1312499046325684,3.1378002166748047,2.9783153533935547,-5.663600685023369
Hypotheses4,44,beliefs,Hypotheses,False,113,36,39,0.9230769230769232,1.78e-05,False,3.4643750190734863,4.077343463897705,3.0422356128692627,-10.936312100666235
Hypotheses4,45,about,Hypotheses,False,113,37,39,0.9487179487179488,0.00251,True,1.3897749185562134,2.8834753036499023,2.7717154026031494,-5.987472525838444
Hypotheses4,46,the,Hypotheses,False,113,38,39,0.9743589743589745,0.0537,True,1.7995572090148926,2.095078706741333,1.7790300846099854,-2.9243422774673182
Hypotheses4,47,environment,Hypotheses,False,113,39,39,1.0,7.41e-05,False,10.714749813079834,9.179969787597656,10.089309215545654,-9.510095025662233
Hypotheses4,48,.,Hypotheses,True,113,39,39,1.0,0.0,False,,,,
Hypotheses4,49,One,Hypotheses,False,114,0,19,0.0,0.00295,False,4.951991081237793,5.479376792907715,5.9439191818237305,-5.825950108630408
Hypotheses4,50,hypothesis,Hypotheses,False,114,1,19,0.0526315789473684,7.41e-06,False,0.8901776671409607,1.2287811040878296,1.2480943202972412,-11.812680118656278
Hypotheses4,51,was,Hypotheses,False,114,2,19,0.1052631578947368,0.00661,True,2.367011547088623,2.7844204902648926,2.137650489807129,-5.019171625118542
Hypotheses4,52,that,Hypotheses,False,114,3,19,0.1578947368421052,0.0102,True,0.3213095366954803,1.1109627485275269,1.4240288734436035,-4.585367558691911
Hypotheses4,53,this,Hypotheses,False,114,4,19,0.2105263157894736,0.00661,True,3.611374855041504,4.725013732910156,4.580719947814941,-5.019171625118542
Hypotheses4,54,dissonance,Hypotheses,False,114,5,19,0.2631578947368421,1.05e-06,False,5.7492098258808255,4.143544449703768,4.477595573756844,-13.766720393794841
Hypotheses4,55,being,Hypotheses,False,114,6,19,0.3157894736842105,0.000891,True,8.89501667022705,9.052714347839355,8.624530792236328,-7.023166130493465
Hypotheses4,56,psychologically,Hypotheses,False,114,7,19,0.3684210526315789,2.24e-06,False,7.629095077514648,8.590507507324219,7.584674835205078,-13.009034692097325
Hypotheses4,57,uncomfortable,Hypotheses,False,114,8,19,0.4210526315789473,1.55e-05,False,6.895885467529297,9.657381057739258,7.352908134460449,-11.074670534039074
Hypotheses4,58,will,Hypotheses,False,114,9,19,0.4736842105263157,0.00282,True,4.5971784591674805,5.443254470825195,5.010154724121094,-5.871018394032115
Hypotheses4,59,motivate,Hypotheses,False,114,10,19,0.5263157894736842,3.98e-06,False,4.134976387023926,4.56289005279541,4.242090702056885,-12.434228738667928
Hypotheses4,60,the,Hypotheses,False,114,11,19,0.5789473684210527,0.0537,True,2.7442855834960938,2.806015014648437,2.446532726287842,-2.9243422774673182
Hypotheses4,61,person,Hypotheses,False,114,12,19,0.631578947368421,0.000355,False,1.6743115186691284,2.578922986984253,1.915732741355896,-7.943392768488859
Hypotheses4,62,to,Hypotheses,False,114,13,19,0.6842105263157895,0.0269,True,0.0936968699097633,0.1387352645397186,0.214742437005043,-3.6156289923743437
Hypotheses4,63,reduce,Hypotheses,False,114,14,19,0.7368421052631579,5.37e-05,False,6.017341136932373,6.178493022918701,6.269808769226074,-9.832097556449455
Hypotheses4,64,the,Hypotheses,False,114,15,19,0.7894736842105263,0.0537,True,2.315239191055298,1.7830803394317627,1.616987705230713,-2.9243422774673182
Hypotheses4,65,dissonance,Hypotheses,False,114,16,19,0.8421052631578947,1.05e-06,False,2.373026901856065,3.3412192799150944,4.623748701997101,-13.766720393794841
Hypotheses4,66,and,Hypotheses,False,114,17,19,0.8947368421052632,0.0257,True,2.273645639419556,2.420476198196411,2.3820343017578125,-3.661264287080963
Hypotheses4,67,achieve,Hypotheses,False,114,18,19,0.9473684210526316,3.72e-05,False,5.38774299621582,5.06920051574707,5.845489501953125,-10.199201796685173
Hypotheses4,68,consonance,Hypotheses,False,114,19,19,1.0,1.17e-07,False,10.792920026928186,12.723694750107825,13.26145944884047,-15.961091902148654
Hypotheses4,69,.,Hypotheses,True,114,19,19,1.0,0.0,False,,,,
Hypotheses4,70,The,Hypotheses,False,115,0,28,0.0,0.0537,True,1.0857584476470947,0.4237748384475708,0.5750592947006226,-2.9243422774673182
Hypotheses4,71,second,Hypotheses,False,115,1,28,0.0357142857142857,0.000427,False,1.492713212966919,1.51560378074646,1.4505082368850708,-7.75872654473565
Hypotheses4,72,hypothesis,Hypotheses,False,115,2,28,0.0714285714285714,7.41e-06,False,0.1528973430395126,0.1512291580438614,0.2271857261657714,-11.812680118656278
Hypotheses4,73,was,Hypotheses,False,115,3,28,0.1071428571428571,0.00661,True,0.22867451608181,0.3081217408180237,0.2979122996330261,-5.019171625118542
Hypotheses4,74,that,Hypotheses,False,115,4,28,0.1428571428571428,0.0102,True,0.074684239923954,0.0920675471425056,0.1582693755626678,-4.585367558691911
Hypotheses4,75,when,Hypotheses,False,115,5,28,0.1785714285714285,0.00234,True,4.212408542633057,5.232816696166992,4.799360752105713,-6.057604349612527
Hypotheses4,76,this,Hypotheses,False,115,6,28,0.2142857142857142,0.00661,True,3.108195304870605,3.3959648609161377,4.879166126251221,-5.019171625118542
Hypotheses4,77,dissonance,Hypotheses,False,115,7,28,0.25,1.05e-06,False,0.1106562472414225,0.0679633623221889,0.2658588284393772,-13.766720393794841
Hypotheses4,78,is,Hypotheses,False,115,8,28,0.2857142857142857,0.0117,True,0.3893184959888458,0.5903359055519104,0.7050270438194275,-4.448166437178426
Hypotheses4,79,present,Hypotheses,False,115,9,28,0.3214285714285714,0.000151,False,3.979324817657471,4.978696823120117,4.151477813720703,-8.79823072114935
Hypotheses4,80,besides,Hypotheses,False,115,10,28,0.3571428571428571,4.27e-05,False,12.306193351745604,11.966251373291016,11.915834426879885,-10.061311637729695
Hypotheses4,81,trying,Hypotheses,False,115,11,28,0.3928571428571428,0.000295,False,7.60431957244873,7.882346153259277,7.63112211227417,-8.128535201624453
Hypotheses4,82,to,Hypotheses,False,115,12,28,0.4285714285714285,0.0269,True,0.0847987607121467,0.057145744562149,0.0330402143299579,-3.6156289923743437
Hypotheses4,83,reduce,Hypotheses,False,115,13,28,0.4642857142857143,5.37e-05,False,4.105904579162598,2.356996536254883,2.782203197479248,-9.832097556449455
Hypotheses4,84,it,Hypotheses,False,115,14,28,0.5,0.00891,True,0.6941061019897461,1.4740097522735596,1.0823795795440674,-4.720581037499419
Hypotheses4,85,the,Hypotheses,False,115,15,28,0.5357142857142857,0.0537,True,3.204411029815674,3.9455509185791016,4.092159271240234,-2.9243422774673182
Hypotheses4,86,person,Hypotheses,False,115,16,28,0.5714285714285714,0.000355,False,0.3720315992832184,0.1950112283229828,0.2048114240169525,-7.943392768488859
Hypotheses4,87,will,Hypotheses,False,115,17,28,0.6071428571428571,0.00282,True,0.7037259340286255,0.5327318906784058,0.8106021881103516,-5.871018394032115
Hypotheses4,88,try,Hypotheses,False,115,18,28,0.6428571428571429,0.000316,False,3.9796667098999023,3.548879623413086,3.796391248703003,-8.059768344377362
Hypotheses4,89,to,Hypotheses,False,115,19,28,0.6785714285714286,0.0269,True,0.1384399980306625,0.1039469018578529,0.1120398640632629,-3.6156289923743437
Hypotheses4,90,avoid,Hypotheses,False,115,20,28,0.7142857142857143,7.41e-05,False,3.063330888748169,3.4612345695495605,2.6537466049194336,-9.510095025662233
Hypotheses4,91,situations,Hypotheses,False,115,21,28,0.75,2.95e-05,False,8.228681564331055,8.373332977294922,7.71904182434082,-10.4311202946185
Hypotheses4,92,and,Hypotheses,False,115,22,28,0.7857142857142857,0.0257,True,4.580379962921143,3.1723854541778564,3.5960922241210938,-3.661264287080963
Hypotheses4,93,information,Hypotheses,False,115,23,28,0.8214285714285714,0.000269,False,6.476088523864746,8.662059783935547,7.974577903747559,-8.220799178362435
Hypotheses4,94,that,Hypotheses,False,115,24,28,0.8571428571428571,0.0102,True,0.8022258877754211,1.6058354377746582,0.942840039730072,-4.585367558691911
Hypotheses4,95,might,Hypotheses,False,115,25,28,0.8928571428571429,0.000457,False,2.4474217891693115,2.4976725578308105,2.717108249664306,-7.690827167070069
Hypotheses4,96,increase,Hypotheses,False,115,26,28,0.9285714285714286,0.00012,False,5.138503551483154,5.9315104484558105,6.192840576171875,-9.028018815182229
Hypotheses4,97,the,Hypotheses,False,115,27,28,0.9642857142857144,0.0537,True,0.95413076877594,0.7337424159049988,0.7847411036491394,-2.9243422774673182
Hypotheses4,98,dissonance,Hypotheses,False,115,28,28,1.0,1.05e-06,False,1.9268857408314943,2.0037598098861054,1.7995256771100685,-13.766720393794841
Hypotheses4,99,.,Hypotheses,True,115,28,28,1.0,0.0,False,,,,
Hypotheses4,101,or,Hypotheses,False,116,0,38,0.0,0.00347,True,11.274803161621094,9.867427825927734,9.253456115722656,-5.663600685023369
Hypotheses4,102,),Hypotheses,True,116,0,38,0.0,0.0,False,22.34110689163208,19.885207295417786,22.44596576690674,
Hypotheses4,103,",",Hypotheses,True,116,0,38,0.0,0.0,False,,,,
Hypotheses4,104,),Hypotheses,True,116,0,38,0.0,0.0,False,,,,
Hypotheses4,105,",",Hypotheses,True,116,0,38,0.0,0.0,False,,,,
Hypotheses4,106,",",Hypotheses,True,116,0,38,0.0,0.0,False,,,,
Hypotheses4,107,",",Hypotheses,True,116,0,38,0.0,0.0,False,,,,
Hypotheses4,108,",",Hypotheses,True,116,0,38,0.0,0.0,False,,,,
Hypotheses4,109,",",Hypotheses,True,116,0,38,0.0,0.0,False,,,,
Hypotheses4,110,",",Hypotheses,True,116,0,38,0.0,0.0,False,,,,
Hypotheses5,1,Scientists,Hypotheses,False,116,1,38,0.0263157894736842,3.16e-05,False,9.106876373291016,8.989396095275879,10.950017929077148,-10.362353437371407
Hypotheses5,2,also,Hypotheses,False,116,2,38,0.0526315789473684,0.00155,False,5.415196895599365,7.908050537109375,4.593893051147461,-6.469500348050982
Hypotheses5,3,speak,Hypotheses,False,116,3,38,0.0789473684210526,0.000107,False,8.567581176757812,7.687797546386719,7.646088600158691,-9.142681723502369
Hypotheses5,4,of,Hypotheses,False,116,4,38,0.1052631578947368,0.0251,True,0.6464850902557373,1.41014301776886,0.8796690106391907,-3.684887432844399
Hypotheses5,5,plausible,Hypotheses,False,116,5,38,0.131578947368421,4.37e-06,False,10.91309928894043,11.013954162597656,9.154484748840332,-12.340747548856775
Hypotheses5,6,rival,Hypotheses,False,116,6,38,0.1578947368421052,1.51e-05,False,10.559618949890137,12.269487380981444,11.229268074035645,-11.100815814143395
Hypotheses5,7,hypotheses,Hypotheses,False,116,7,38,0.1842105263157894,1.58e-06,False,8.46555781364441,9.339621305465698,3.267718553543091,-13.3580857109254
Hypotheses5,8,",",Hypotheses,True,116,7,38,0.1842105263157894,0.0,False,,,,
Hypotheses5,9,which,Hypotheses,False,116,8,38,0.2105263157894736,0.002,True,3.122431516647339,2.882490634918213,2.163475751876831,-6.214608098422191
Hypotheses5,10,simply,Hypotheses,False,116,9,38,0.2368421052631578,0.00012,False,7.788777351379394,7.367402076721191,6.9204607009887695,-9.028018815182229
Hypotheses5,11,means,Hypotheses,False,116,10,38,0.2631578947368421,0.000275,False,4.793647766113281,2.407625198364258,5.611907005310059,-8.198739460297702
Hypotheses5,12,that,Hypotheses,False,116,11,38,0.2894736842105263,0.0102,True,0.5187218189239502,1.0278544425964355,0.469393640756607,-4.585367558691911
Hypotheses5,13,instead,Hypotheses,False,116,12,38,0.3157894736842105,0.000174,False,7.2804789543151855,8.452220916748047,8.05492115020752,-8.656455258749745
Hypotheses5,14,of,Hypotheses,False,116,13,38,0.3421052631578947,0.0251,True,0.0023274733684957,0.0140359178185462,0.0084776524454355,-3.684887432844399
Hypotheses5,15,becoming,Hypotheses,False,116,14,38,0.3684210526315789,6.46e-05,False,7.143071174621582,7.189498901367188,7.152924537658691,-9.647296147175718
Hypotheses5,16,attached,Hypotheses,False,116,15,38,0.3947368421052631,3.31e-05,False,8.667365074157715,9.00983428955078,6.704183101654053,-10.315977275581258
Hypotheses5,17,to,Hypotheses,False,116,16,38,0.4210526315789473,0.0269,True,0.0570436231791973,0.1205702349543571,0.06671092659235,-3.6156289923743437
Hypotheses5,18,a,Hypotheses,False,116,17,38,0.4473684210526316,0.0229,True,1.6342734098434448,1.3063760995864868,1.330888271331787,-3.776618368421943
Hypotheses5,19,single,Hypotheses,False,116,18,38,0.4736842105263157,0.000257,False,2.4404876232147217,3.259662628173828,3.6633858680725098,-8.266434473069054
Hypotheses5,20,hypothesis,Hypotheses,False,116,19,38,0.5,7.41e-06,False,2.648908883333206,2.4526776671409607,1.7342218160629272,-11.812680118656278
Hypotheses5,21,",",Hypotheses,True,116,19,38,0.5,0.0,False,,,,
Hypotheses5,22,we,Hypotheses,False,116,20,38,0.5263157894736842,0.00347,True,2.0941314697265625,1.6928043365478516,3.924243450164795,-5.663600685023369
Hypotheses5,23,consider,Hypotheses,False,116,21,38,0.5526315789473685,9.77e-05,False,7.978915214538574,7.22193717956543,5.189379215240479,-9.233608998915537
Hypotheses5,24,reasonable,Hypotheses,False,116,22,38,0.5789473684210527,3.89e-05,False,10.103137969970703,10.943318367004396,10.234538078308104,-10.154516307339874
Hypotheses5,25,alternatives,Hypotheses,False,116,23,38,0.6052631578947368,1.1e-05,False,0.7937606573104858,0.6987664103507996,0.6158925294876099,-11.417615285165903
Hypotheses5,26,which,Hypotheses,False,116,24,38,0.631578947368421,0.002,True,5.140454292297363,5.067682266235352,4.173170566558838,-6.214608098422191
Hypotheses5,27,rival,Hypotheses,False,116,25,38,0.6578947368421053,1.51e-05,False,8.720072746276855,9.558759689331056,8.869566917419434,-11.100815814143395
Hypotheses5,28,the,Hypotheses,False,116,26,38,0.6842105263157895,0.0537,True,1.6966625452041626,1.7425174713134766,0.9350712895393372,-2.9243422774673182
Hypotheses5,29,working,Hypotheses,False,116,27,38,0.7105263157894737,0.000282,False,8.815410614013672,10.162736892700195,9.795382499694824,-8.17360348702616
Hypotheses5,30,hypothesis,Hypotheses,False,116,28,38,0.7368421052631579,7.41e-06,False,0.1852670907974243,0.3411942720413208,0.2254384160041809,-11.812680118656278
Hypotheses5,31,as,Hypotheses,False,116,29,38,0.7631578947368421,0.00589,True,3.619671583175659,4.575488567352295,5.326982498168945,-5.134499281318642
Hypotheses5,32,an,Hypotheses,False,116,30,38,0.7894736842105263,0.00339,True,3.8199539184570312,4.489975452423096,3.628528118133545,-5.686925357589778
Hypotheses5,33,explanation,Hypotheses,False,116,31,38,0.8157894736842105,2.75e-05,False,3.2871901988983154,4.268166542053223,3.672558307647705,-10.501324553291749
Hypotheses5,34,for,Hypotheses,False,116,32,38,0.8421052631578947,0.0102,True,1.3234920501708984,1.1161916255950928,0.8306539058685303,-4.585367558691911
Hypotheses5,35,the,Hypotheses,False,116,33,38,0.868421052631579,0.0537,True,1.0096741914749146,1.169589877128601,0.94310200214386,-2.9243422774673182
Hypotheses5,36,occurrence,Hypotheses,False,116,34,38,0.8947368421052632,5.89e-06,False,5.025693893432617,5.46835994720459,4.222367286682129,-12.042254560300778
Hypotheses5,37,of,Hypotheses,False,116,35,38,0.9210526315789472,0.0251,True,0.1946958303451538,0.1088273674249649,0.2584808468818664,-3.684887432844399
Hypotheses5,38,some,Hypotheses,False,116,36,38,0.9473684210526316,0.00158,True,3.993482828140259,4.389988422393799,4.39868688583374,-6.450330431943262
Hypotheses5,39,specified,Hypotheses,False,116,37,38,0.9736842105263158,1.15e-05,False,7.381468772888184,7.138197422027588,7.011307716369629,-11.37316352259507
Hypotheses5,40,phenomenon,Hypotheses,False,116,38,38,1.0,1.35e-05,False,2.4329909086227417,3.2447172105312347,2.438282608985901,-11.21282087251989
Hypotheses5,41,.,Hypotheses,True,116,38,38,1.0,0.0,False,,,,
Hypotheses5,42,T.C.,Hypotheses,False,117,0,21,0.0,1.1e-06,False,16.23719186335802,17.776178762316704,14.712209839373829,-13.72020037815995
Hypotheses5,46,Chamberlin,Hypotheses,False,117,1,21,0.0476190476190476,3.31e-07,False,12.001538813114166,12.124344885349274,11.218717902898788,-14.921147461569348
Hypotheses5,47,argued,Hypotheses,False,117,2,21,0.0952380952380952,2.29e-05,False,5.8884382247924805,7.292662620544434,6.611278533935547,-10.68437364740408
Hypotheses5,48,that,Hypotheses,False,117,3,21,0.1428571428571428,0.0102,True,0.5167855620384216,0.575730562210083,0.304687350988388,-4.585367558691911
Hypotheses5,49,the,Hypotheses,False,117,4,21,0.1904761904761904,0.0537,True,1.7615160942077637,1.510751485824585,1.5502996444702148,-2.9243422774673182
Hypotheses5,50,moment,Hypotheses,False,117,5,21,0.238095238095238,0.000174,False,9.23166275024414,9.865341186523438,9.618791580200195,-8.656455258749745
Hypotheses5,51,we,Hypotheses,False,117,6,21,0.2857142857142857,0.00347,True,2.4587721824646,1.8710548877716064,2.598534107208252,-5.663600685023369
Hypotheses5,52,offer,Hypotheses,False,117,7,21,0.3333333333333333,0.000112,False,6.740456581115723,6.837090015411377,6.996785640716553,-9.09701168666918
Hypotheses5,53,an,Hypotheses,False,117,8,21,0.3809523809523809,0.00339,True,1.559415340423584,2.856825351715088,2.8015003204345703,-5.686925357589778
Hypotheses5,54,explanation,Hypotheses,False,117,9,21,0.4285714285714285,2.75e-05,False,2.147632598876953,1.4687327146530151,1.954243540763855,-10.501324553291749
Hypotheses5,55,for,Hypotheses,False,117,10,21,0.4761904761904761,0.0102,True,0.6355988383293152,0.6129528284072876,0.9008947610855104,-4.585367558691911
Hypotheses5,56,a,Hypotheses,False,117,11,21,0.5238095238095238,0.0229,True,1.311307072639465,1.609757900238037,1.451682209968567,-3.776618368421943
Hypotheses5,57,phenomenon,Hypotheses,False,117,12,21,0.5714285714285714,1.35e-05,False,1.3912078142166138,1.0708129405975342,0.700878918170929,-11.21282087251989
Hypotheses5,58,we,Hypotheses,False,117,13,21,0.6190476190476191,0.00347,True,2.0624101161956787,1.8243322372436523,1.409987449645996,-5.663600685023369
Hypotheses5,59,begin,Hypotheses,False,117,14,21,0.6666666666666666,6.92e-05,False,4.943778038024902,7.223360061645508,7.027353286743164,-9.57850969534065
Hypotheses5,60,to,Hypotheses,False,117,15,21,0.7142857142857143,0.0269,True,0.1513040661811828,0.2836016714572906,0.2831310629844665,-3.6156289923743437
Hypotheses5,61,feel,Hypotheses,False,117,16,21,0.7619047619047619,0.000468,False,4.262439250946045,4.346503734588623,3.841884851455689,-7.667042262046627
Hypotheses5,62,',Hypotheses,True,117,16,21,0.7619047619047619,0.0,False,6.282027244567871,7.0738396644592285,4.500701904296875,
Hypotheses5,63,parental,Hypotheses,False,117,17,21,0.8095238095238095,6.03e-06,False,18.98313331604004,15.717679977416992,12.95024871826172,-12.01876354722518
Hypotheses5,64,affection,Hypotheses,False,117,18,21,0.8571428571428571,8.32e-06,False,5.103353500366211,6.164721488952637,6.445786476135254,-11.696848303131157
Hypotheses5,65,',Hypotheses,True,117,18,21,0.8571428571428571,0.0,False,1.772457718849182,1.6663655042648315,1.3618830442428589,
Hypotheses5,66,for,Hypotheses,False,117,19,21,0.9047619047619048,0.0102,True,2.112605571746826,2.4503324031829834,1.76913321018219,-4.585367558691911
Hypotheses5,67,the,Hypotheses,False,117,20,21,0.9523809523809524,0.0537,True,1.3165102005004885,1.949557304382324,1.6249266862869265,-2.9243422774673182
Hypotheses5,68,idea,Hypotheses,False,117,21,21,1.0,0.000229,False,5.919917941093445,5.710224747657776,4.4639357924461365,-8.381788554410035
Hypotheses5,69,.,Hypotheses,True,117,21,21,1.0,0.0,False,,,,
Hypotheses5,70,The,Hypotheses,False,118,0,33,0.0,0.0537,True,2.8517298698425293,3.1012816429138184,2.600158929824829,-2.9243422774673182
Hypotheses5,71,more,Hypotheses,False,118,1,33,0.0303030303030303,0.00229,True,4.297934532165527,4.507780075073242,4.652214527130127,-6.079203461415989
Hypotheses5,72,we,Hypotheses,False,118,2,33,0.0606060606060606,0.00347,True,1.2009615898132324,0.9449664950370787,0.997656524181366,-5.663600685023369
Hypotheses5,73,think,Hypotheses,False,118,3,33,0.0909090909090909,0.0012,False,3.194394588470459,3.535755157470703,3.6728947162628174,-6.725433722188183
Hypotheses5,74,about,Hypotheses,False,118,4,33,0.1212121212121212,0.00251,True,0.5050941109657288,0.2970788180828094,0.2292593270540237,-5.987472525838444
Hypotheses5,75,it,Hypotheses,False,118,5,33,0.1515151515151515,0.00891,True,1.0616297721862793,1.5347460508346558,0.9614436030387878,-4.720581037499419
Hypotheses5,76,the,Hypotheses,False,118,6,33,0.1818181818181818,0.0537,True,1.991721749305725,1.625110745429993,0.7902752161026001,-2.9243422774673182
Hypotheses5,77,more,Hypotheses,False,118,7,33,0.2121212121212121,0.00229,True,0.2925609350204468,0.2867907583713531,0.2106078416109085,-6.079203461415989
Hypotheses5,78,this,Hypotheses,False,118,8,33,0.2424242424242424,0.00661,True,5.981213092803955,5.130360126495361,5.278738021850586,-5.019171625118542
Hypotheses5,79,affection,Hypotheses,False,118,9,33,0.2727272727272727,8.32e-06,False,2.447685956954956,3.323978900909424,1.7574559450149536,-11.696848303131157
Hypotheses5,80,grows,Hypotheses,False,118,10,33,0.303030303030303,1.51e-05,False,2.718294620513916,3.007481575012207,3.0652756690979004,-11.100815814143395
Hypotheses5,81,--,Hypotheses,False,118,11,33,0.3333333333333333,0.0,False,7.866673946380615,7.972481727600098,7.855531692504883,
Hypotheses5,82,and,Hypotheses,False,118,12,33,0.3636363636363636,0.0257,True,2.0340888500213623,1.7699215412139893,2.180860042572021,-3.661264287080963
Hypotheses5,83,soon,Hypotheses,False,118,13,33,0.3939393939393939,0.000209,False,6.579555511474609,6.485589027404785,6.375942230224609,-8.473176305999463
Hypotheses5,84,we,Hypotheses,False,118,14,33,0.4242424242424242,0.00347,True,1.4862045049667358,1.3030000925064087,1.4971517324447632,-5.663600685023369
Hypotheses5,85,find,Hypotheses,False,118,15,33,0.4545454545454545,0.000575,False,3.541670799255371,3.401557922363281,3.078731060028076,-7.461140517166924
Hypotheses5,86,ourselves,Hypotheses,False,118,16,33,0.4848484848484848,4.17e-05,True,0.9633329510688782,0.7495735883712769,0.725538432598114,-10.085009429159518
Hypotheses5,87,pressing,Hypotheses,False,118,17,33,0.5151515151515151,1.2e-05,False,8.823601722717285,9.1563720703125,9.115347862243652,-11.330603908176274
Hypotheses5,88,the,Hypotheses,False,118,18,33,0.5454545454545454,0.0537,True,2.4626638889312744,1.400421380996704,1.488244652748108,-2.9243422774673182
Hypotheses5,89,hypothesis,Hypotheses,False,118,19,33,0.5757575757575758,7.41e-06,False,5.011810302734375,3.3808395862579346,3.1763315200805664,-11.812680118656278
Hypotheses5,90,to,Hypotheses,False,118,20,33,0.6060606060606061,0.0269,True,2.6204700469970703,2.7694191932678223,2.1133975982666016,-3.6156289923743437
Hypotheses5,91,fit,Hypotheses,False,118,21,33,0.6363636363636364,8.91e-05,False,5.67176628112793,5.814253807067871,5.113393783569336,-9.32575122348751
Hypotheses5,92,the,Hypotheses,False,118,22,33,0.6666666666666666,0.0537,True,2.0014779567718506,1.860992670059204,2.3477559089660645,-2.9243422774673182
Hypotheses5,93,facts,Hypotheses,False,118,23,33,0.696969696969697,5.25e-05,False,2.7320189476013184,5.118309020996094,5.168953895568848,-9.854697388366697
Hypotheses5,94,and,Hypotheses,False,118,24,33,0.7272727272727273,0.0257,True,3.4117679595947266,2.942807197570801,2.567326068878174,-3.661264287080963
Hypotheses5,95,pressing,Hypotheses,False,118,25,33,0.7575757575757576,1.2e-05,False,9.803943634033203,12.19810676574707,11.93740463256836,-11.330603908176274
Hypotheses5,96,the,Hypotheses,False,118,26,33,0.7878787878787878,0.0537,True,0.8665245771408081,0.834535539150238,0.8837169408798218,-2.9243422774673182
Hypotheses5,97,facts,Hypotheses,False,118,27,33,0.8181818181818182,5.25e-05,False,6.650920391082764,7.620443344116211,7.767934322357178,-9.854697388366697
Hypotheses5,98,to,Hypotheses,False,118,28,33,0.8484848484848485,0.0269,True,0.8229827284812927,1.0276819467544556,1.449444055557251,-3.6156289923743437
Hypotheses5,99,make,Hypotheses,False,118,29,33,0.8787878787878788,0.0012,False,3.446410655975342,3.6340489387512207,2.911369800567627,-6.725433722188183
Hypotheses5,100,them,Hypotheses,False,118,30,33,0.9090909090909092,0.00155,True,3.7171571254730233,4.970728874206543,4.162001609802246,-6.469500348050982
Hypotheses5,101,fit,Hypotheses,False,118,31,33,0.9393939393939394,8.91e-05,False,1.898810625076294,0.4051382541656494,0.855006992816925,-9.32575122348751
Hypotheses5,102,the,Hypotheses,False,118,32,33,0.9696969696969696,0.0537,True,1.3860589265823364,1.1901439428329468,1.1979626417160034,-2.9243422774673182
Hypotheses5,103,hypothesis,Hypotheses,False,118,33,33,1.0,7.41e-06,False,2.732075646519661,2.84588685631752,2.749085664749145,-11.812680118656278
Hypotheses5,104,.,Hypotheses,True,118,33,33,1.0,0.0,False,,,,
Hypotheses5,106,To,Hypotheses,False,119,0,14,0.0,0.0269,True,5.007920742034912,5.25136137008667,4.726990699768066,-3.6156289923743437
Hypotheses5,107,avoid,Hypotheses,False,119,1,14,0.0714285714285714,7.41e-05,False,5.028919219970703,5.106517791748047,4.453598976135254,-9.510095025662233
Hypotheses5,108,this,Hypotheses,False,119,2,14,0.1428571428571428,0.00661,True,1.1689497232437134,1.3353450298309326,1.5290580987930298,-5.019171625118542
Hypotheses5,109,grave,Hypotheses,False,119,3,14,0.2142857142857142,2.04e-05,False,10.735295295715332,11.336708068847656,11.182822227478027,-10.799975657114103
Hypotheses5,110,danger,Hypotheses,False,119,4,14,0.2857142857142857,3.89e-05,False,3.752885580062866,3.0596704483032227,2.775341510772705,-10.154516307339874
Hypotheses5,111,',Hypotheses,True,119,4,14,0.2857142857142857,0.0,False,6.88311767578125,6.96379280090332,5.659840106964111,
Hypotheses5,112,Chamberlin,Hypotheses,False,119,5,14,0.3571428571428571,3.31e-07,False,14.096149713383056,15.668050344567746,11.133678482146934,-14.921147461569348
Hypotheses5,113,suggested,Hypotheses,False,119,6,14,0.4285714285714285,4.79e-05,False,2.927427291870117,3.571981906890869,3.441652774810791,-9.946395053547404
Hypotheses5,114,',Hypotheses,True,119,6,14,0.4285714285714285,0.0,False,4.048223495483398,4.615680694580078,4.5222344398498535,
Hypotheses5,115,the,Hypotheses,False,119,7,14,0.5,0.0537,True,2.9650261402130127,2.565396547317505,2.839144706726074,-2.9243422774673182
Hypotheses5,116,method,Hypotheses,False,119,8,14,0.5714285714285714,6.31e-05,False,6.6068501472473145,7.13436222076416,6.625143051147461,-9.670789788417107
Hypotheses5,117,of,Hypotheses,False,119,9,14,0.6428571428571429,0.0251,True,0.505791425704956,0.444435566663742,0.4736696183681488,-3.684887432844399
Hypotheses5,118,multiple,Hypotheses,False,119,10,14,0.7142857142857143,8.32e-05,False,9.712995529174805,8.967098236083984,9.118988990783691,-9.394263210137112
Hypotheses5,119,working,Hypotheses,False,119,11,14,0.7857142857142857,0.000282,False,9.622922897338867,9.204859733581545,8.078426361083984,-8.17360348702616
Hypotheses5,120,hypotheses,Hypotheses,False,119,12,14,0.8571428571428571,1.58e-06,False,0.113979659974575,0.6516017317771912,0.1030108705163002,-13.3580857109254
Hypotheses5,121,is,Hypotheses,False,119,13,14,0.9285714285714286,0.0117,True,2.880922079086304,2.9089651107788086,2.7515790462493896,-4.448166437178426
Hypotheses5,122,urged,Hypotheses,False,119,14,14,1.0,1.02e-05,False,10.475954413414,13.57712459564209,12.632127285003662,-11.493122837674049
Hypotheses5,123,.,Hypotheses,True,119,14,14,1.0,0.0,False,,,,
Hypotheses5,124,It,Hypotheses,False,120,0,16,0.0,0.00891,True,3.314687013626098,3.86587119102478,3.814120292663574,-4.720581037499419
Hypotheses5,125,differs,Hypotheses,False,120,1,16,0.0625,4.57e-06,False,7.725459098815918,7.107363700866699,7.4945831298828125,-12.29599735305816
Hypotheses5,126,from,Hypotheses,False,120,2,16,0.125,0.00427,True,0.5273410081863403,0.2276048809289932,0.2261462658643722,-5.456141451741604
Hypotheses5,127,the,Hypotheses,False,120,3,16,0.1875,0.0537,True,1.2334905862808228,1.0470610857009888,1.2733986377716064,-2.9243422774673182
Hypotheses5,128,simple,Hypotheses,False,120,4,16,0.25,0.00012,False,4.739312171936035,5.152608394622803,5.62299394607544,-9.028018815182229
Hypotheses5,129,working,Hypotheses,False,120,5,16,0.3125,0.000282,False,3.4399101734161377,5.287548065185547,5.824357032775879,-8.17360348702616
Hypotheses5,130,hypothesis,Hypotheses,False,120,6,16,0.375,7.41e-06,False,0.1327499747276306,0.0610574968159198,0.0574258230626583,-11.812680118656278
Hypotheses5,131,in,Hypotheses,False,120,7,16,0.4375,0.0186,True,0.8920068740844727,2.430320978164673,2.623143196105957,-3.9845936982629815
Hypotheses5,132,that,Hypotheses,False,120,8,16,0.5,0.0102,True,0.4134181141853332,0.3038603365421295,0.2372673898935318,-4.585367558691911
Hypotheses5,133,it,Hypotheses,False,120,9,16,0.5625,0.00891,True,1.0539259910583496,1.3395240306854248,1.5470621585845947,-4.720581037499419
Hypotheses5,134,distributes,Hypotheses,False,120,10,16,0.625,1.41e-06,False,8.184689998626709,9.494604408740996,9.086763501167296,-13.471920853574197
Hypotheses5,135,the,Hypotheses,False,120,11,16,0.6875,0.0537,True,1.2819198369979858,1.1077678203582764,1.0537927150726318,-2.9243422774673182
Hypotheses5,136,effort,Hypotheses,False,120,12,16,0.75,8.32e-05,False,7.024336814880371,6.725383758544922,6.103841781616211,-9.394263210137112
Hypotheses5,137,and,Hypotheses,False,120,13,16,0.8125,0.0257,True,3.213498830795288,3.2348968982696533,2.866461515426636,-3.661264287080963
Hypotheses5,138,divides,Hypotheses,False,120,14,16,0.875,2.82e-06,False,10.38691520690918,10.873116493225098,10.912447929382324,-12.778773673014252
Hypotheses5,139,the,Hypotheses,False,120,15,16,0.9375,0.0537,True,1.4574416875839231,0.5760104060173035,0.5069811344146729,-2.9243422774673182
Hypotheses5,140,affections,Hypotheses,False,120,16,16,1.0,1.17e-06,False,13.41267704963684,13.30798876285553,14.503222584724426,-13.65850680915461
Hypotheses5,141,.,Hypotheses,True,120,16,16,1.0,0.0,False,,,,
Hypotheses6,1,Others,Hypotheses,False,121,0,17,0.0,0.000263,False,12.291473150253296,15.162704467773438,10.690170049667358,-8.24335652578651
Hypotheses6,2,",",Hypotheses,True,121,0,17,0.0,0.0,False,,,,
Hypotheses6,3,including,Hypotheses,False,121,1,17,0.0588235294117647,0.000331,False,1.7432856559753418,3.1752848625183105,2.9882075786590576,-8.01339218258721
Hypotheses6,4,Feyerabend,Hypotheses,False,121,2,17,0.1176470588235294,4.27e-08,False,13.720612605568022,18.74692988395691,15.606356382369995,-16.96906691671183
Hypotheses6,5,also,Hypotheses,False,121,3,17,0.1764705882352941,0.00155,False,8.198623657226562,7.301919937133789,6.817594528198242,-6.469500348050982
Hypotheses6,6,believe,Hypotheses,False,121,4,17,0.2352941176470588,0.000324,False,5.024548530578613,7.0587568283081055,4.286036491394043,-8.034767042171945
Hypotheses6,7,that,Hypotheses,False,121,5,17,0.2941176470588235,0.0102,True,0.7040762901306152,1.0357013940811155,0.3481519818305969,-4.585367558691911
Hypotheses6,8,it,Hypotheses,False,121,6,17,0.3529411764705882,0.00891,True,3.454495429992676,3.188816547393799,3.4461231231689453,-4.720581037499419
Hypotheses6,9,is,Hypotheses,False,121,7,17,0.4117647058823529,0.0117,True,0.9225727319717408,1.2076892852783203,0.7022314071655273,-4.448166437178426
Hypotheses6,10,always,Hypotheses,False,121,8,17,0.4705882352941176,0.000575,False,7.387813091278076,6.645044803619385,5.636178016662598,-7.461140517166924
Hypotheses6,11,a,Hypotheses,False,121,9,17,0.5294117647058824,0.0229,True,2.534431934356689,2.556424379348755,3.185746669769287,-3.776618368421943
Hypotheses6,12,good,Hypotheses,False,121,10,17,0.5882352941176471,0.00132,False,0.5357365608215332,0.6010125875473022,1.7774832248687744,-6.630123542383857
Hypotheses6,13,idea,Hypotheses,False,121,11,17,0.6470588235294118,0.000229,False,0.0809122249484062,0.2024180591106414,0.1038047447800636,-8.381788554410035
Hypotheses6,14,to,Hypotheses,False,121,12,17,0.7058823529411765,0.0269,True,0.1056463420391082,0.0872782245278358,0.0887826085090637,-3.6156289923743437
Hypotheses6,15,entertain,Hypotheses,False,121,13,17,0.7647058823529411,6.76e-06,False,8.243623733520508,8.821136474609375,7.625739574432373,-11.904487667909402
Hypotheses6,16,strongly,Hypotheses,False,121,14,17,0.8235294117647058,2.95e-05,False,9.715876579284668,11.34898567199707,9.727612495422363,-10.4311202946185
Hypotheses6,17,competing,Hypotheses,False,121,15,17,0.8823529411764706,1.66e-05,False,8.731618881225586,9.83599853515625,7.164337158203125,-11.006107862601777
Hypotheses6,18,rival,Hypotheses,False,121,16,17,0.9411764705882352,1.51e-05,False,6.525300025939941,7.541446685791016,9.736557960510254,-11.100815814143395
Hypotheses6,19,hypotheses,Hypotheses,False,121,17,17,1.0,1.58e-06,False,8.622487545013428,8.855272650718689,1.114981397986412,-13.3580857109254
Hypotheses6,20,.,Hypotheses,True,121,17,17,1.0,0.0,False,,,,
Hypotheses6,21,They,Hypotheses,False,122,0,32,0.0,0.00316,True,3.92697811126709,3.334907531738281,4.250283241271973,-5.757183251383316
Hypotheses6,22,argue,Hypotheses,False,122,1,32,0.03125,2.88e-05,False,3.008113384246826,4.776923179626465,3.479484796524048,-10.455135170822373
Hypotheses6,23,that,Hypotheses,False,122,2,32,0.0625,0.0102,True,0.1337813287973404,0.1341479122638702,0.1024761423468589,-4.585367558691911
Hypotheses6,24,it,Hypotheses,False,122,3,32,0.09375,0.00891,True,3.011321544647217,2.469688892364502,2.547520637512207,-4.720581037499419
Hypotheses6,25,is,Hypotheses,False,122,4,32,0.125,0.0117,True,0.3179828524589538,0.2787722051143646,0.283596009016037,-4.448166437178426
Hypotheses6,26,best,Hypotheses,False,122,5,32,0.15625,0.000692,False,3.335723161697388,3.077009677886963,2.994335412979126,-7.275924602346604
Hypotheses6,27,to,Hypotheses,False,122,6,32,0.1875,0.0269,True,0.401991605758667,0.2024554461240768,0.2201194614171981,-3.6156289923743437
Hypotheses6,28,consider,Hypotheses,False,122,7,32,0.21875,9.77e-05,False,4.089798450469971,4.7524733543396,4.726166248321533,-9.233608998915537
Hypotheses6,29,all,Hypotheses,False,122,8,32,0.25,0.00331,True,2.998485803604126,2.65625,3.0850305557250977,-5.710807089593166
Hypotheses6,30,possibilities,Hypotheses,False,122,9,32,0.28125,1.29e-05,False,2.7000601291656494,2.782503604888916,3.089477062225342,-11.258283246596648
Hypotheses6,31,with,Hypotheses,False,122,10,32,0.3125,0.00708,True,4.002355575561523,4.2683515548706055,4.302102088928223,-4.950481371276509
Hypotheses6,32,an,Hypotheses,False,122,11,32,0.34375,0.00339,True,3.1253840923309326,3.4171719551086426,3.4736127853393555,-5.686925357589778
Hypotheses6,33,open,Hypotheses,False,122,12,32,0.375,0.000302,False,0.5135172605514526,0.5180315971374512,0.963624894618988,-8.105083540589405
Hypotheses6,34,mind,Hypotheses,False,122,13,32,0.40625,0.000257,False,0.0092873685061931,0.0230282060801982,0.0713707953691482,-8.266434473069054
Hypotheses6,35,since,Hypotheses,False,122,14,32,0.4375,0.000562,False,7.917726039886475,5.946411609649658,5.754982948303223,-7.484008708070583
Hypotheses6,36,a,Hypotheses,False,122,15,32,0.46875,0.0229,True,3.922800064086914,4.083371162414551,3.726202964782715,-3.776618368421943
Hypotheses6,37,specific,Hypotheses,False,122,16,32,0.5,0.000107,False,6.561779022216797,6.871492385864258,6.792840957641602,-9.142681723502369
Hypotheses6,38,working,Hypotheses,False,122,17,32,0.53125,0.000282,False,9.10504150390625,10.412939071655272,9.087820053100586,-8.17360348702616
Hypotheses6,39,hypothesis,Hypotheses,False,122,18,32,0.5625,7.41e-06,False,0.1592170298099517,0.3053407669067383,0.0192688293755054,-11.812680118656278
Hypotheses6,40,may,Hypotheses,False,122,19,32,0.59375,0.000955,False,2.2038607597351074,2.220360279083252,1.987378716468811,-6.953799217483544
Hypotheses6,41,screen,Hypotheses,False,122,20,32,0.625,7.08e-05,False,14.079975128173828,13.245893478393556,13.099688529968262,-9.5556515572646
Hypotheses6,42,out,Hypotheses,False,122,21,32,0.65625,0.0024,True,0.6669034361839294,1.456918239593506,1.3993757963180542,-6.032286541628237
Hypotheses6,43,important,Hypotheses,False,122,22,32,0.6875,0.000275,False,7.085704803466797,6.939896583557129,6.693655014038086,-8.198739460297702
Hypotheses6,44,observations,Hypotheses,False,122,23,32,0.71875,1.05e-05,False,6.071354866027832,6.843997955322266,6.824713706970215,-11.464135300800796
Hypotheses6,45,that,Hypotheses,False,122,24,32,0.75,0.0102,True,2.4294300079345703,2.89072322845459,2.487950801849365,-4.585367558691911
Hypotheses6,46,are,Hypotheses,False,122,25,32,0.78125,0.0055,True,2.12717866897583,1.8487094640731807,1.8223248720169067,-5.2030071867437115
Hypotheses6,47,vital,Hypotheses,False,122,26,32,0.8125,2.4e-05,False,8.83449649810791,8.347789764404297,7.674125671386719,-10.637456727616328
Hypotheses6,48,to,Hypotheses,False,122,27,32,0.84375,0.0269,True,0.5773062109947205,0.5140870809555054,0.4866999983787536,-3.6156289923743437
Hypotheses6,49,our,Hypotheses,False,122,28,32,0.875,0.00138,True,3.416273355484009,3.271085739135742,3.502626419067383,-6.5856717798130235
Hypotheses6,50,understanding,Hypotheses,False,122,29,32,0.90625,6.61e-05,False,0.8293247222900391,0.8694722652435303,0.9061993956565856,-9.624341811106634
Hypotheses6,51,of,Hypotheses,False,122,30,32,0.9375,0.0251,True,0.221936896443367,0.8089911937713623,0.7475420832633972,-3.684887432844399
Hypotheses6,52,a,Hypotheses,False,122,31,32,0.96875,0.0229,True,3.649570941925049,2.9921505451202397,1.801271677017212,-3.776618368421943
Hypotheses6,53,phenomenon,Hypotheses,False,122,32,32,1.0,1.35e-05,False,3.9382107853889465,3.712905615568161,1.2073010206222534,-11.21282087251989
Hypotheses6,54,.,Hypotheses,True,122,32,32,1.0,0.0,False,,,,
Hypotheses6,55,By,Hypotheses,False,123,0,22,0.0,0.00457,True,5.860398769378662,6.465051651000977,5.890445709228516,-5.3882420740760235
Hypotheses6,56,way,Hypotheses,False,123,1,22,0.0454545454545454,0.00102,False,4.847073554992676,4.956792831420898,4.967322826385498,-6.887952651685957
Hypotheses6,57,of,Hypotheses,False,123,2,22,0.0909090909090909,0.0251,True,0.0008232779800891,0.0020730451215058,0.0015535202110186,-3.684887432844399
Hypotheses6,58,an,Hypotheses,False,123,3,22,0.1363636363636363,0.00339,True,4.758656024932861,4.369654655456543,4.197789192199707,-5.686925357589778
Hypotheses6,59,example,Hypotheses,False,123,4,22,0.1818181818181818,0.000186,False,0.1709215492010116,0.1161250248551368,0.334653228521347,-8.589763884251074
Hypotheses6,60,suppose,Hypotheses,False,123,5,22,0.2272727272727272,3.63e-05,False,11.469121932983398,11.308435440063477,8.893128395080566,-10.223692816693468
Hypotheses6,61,that,Hypotheses,False,123,6,22,0.2727272727272727,0.0102,True,0.7050638198852539,0.600499153137207,0.7976601123809814,-4.585367558691911
Hypotheses6,62,a,Hypotheses,False,123,7,22,0.3181818181818182,0.0229,True,2.0948519706726074,1.8129745721817017,1.7388678789138794,-3.776618368421943
Hypotheses6,63,student,Hypotheses,False,123,8,22,0.3636363636363636,0.000105,False,5.666529655456543,6.504053115844727,5.460841178894043,-9.161550207806751
Hypotheses6,64,and,Hypotheses,False,123,9,22,0.4090909090909091,0.0257,True,5.076406955718994,4.596170425415039,4.584293365478516,-3.661264287080963
Hypotheses6,65,his,Hypotheses,False,123,10,22,0.4545454545454545,0.00324,True,1.097506403923035,0.982240915298462,0.8453551530838013,-5.732181949177899
Hypotheses6,66,professor,Hypotheses,False,123,11,22,0.5,7.94e-05,False,3.531022310256958,4.112681865692139,4.588445663452148,-9.441012189711184
Hypotheses6,67,decide,Hypotheses,False,123,12,22,0.5454545454545454,6.03e-05,False,4.64102029800415,4.50604248046875,4.601331233978272,-9.716178454231134
Hypotheses6,68,to,Hypotheses,False,123,13,22,0.5909090909090909,0.0269,True,0.491934984922409,0.4107860326766968,0.4626467525959015,-3.6156289923743437
Hypotheses6,69,conduct,Hypotheses,False,123,14,22,0.6363636363636364,3.31e-05,False,3.9922122955322266,4.399102210998535,4.2143168449401855,-10.315977275581258
Hypotheses6,70,as,Hypotheses,False,123,15,22,0.6818181818181818,0.00589,True,8.903985023498535,9.455411911010742,9.235126495361328,-5.134499281318642
Hypotheses6,71,a,Hypotheses,False,123,16,22,0.7272727272727273,0.0229,True,1.4857405424118042,1.5259803533554075,2.1272125244140625,-3.776618368421943
Hypotheses6,72,team,Hypotheses,False,123,17,22,0.7727272727272727,0.000468,False,2.7289509773254395,1.02191424369812,2.21174955368042,-7.667042262046627
Hypotheses6,73,an,Hypotheses,False,123,18,22,0.8181818181818182,0.00339,True,2.7267284393310547,2.14216947555542,2.1421682834625244,-5.686925357589778
Hypotheses6,74,experiment,Hypotheses,False,123,19,22,0.8636363636363636,2.4e-05,False,0.3300918340682983,0.1940584480762481,0.2835314571857452,-10.637456727616328
Hypotheses6,75,on,Hypotheses,False,123,20,22,0.9090909090909092,0.00813,True,2.057370662689209,2.240520715713501,2.318556308746338,-4.812194355422418
Hypotheses6,76,verbal,Hypotheses,False,123,21,22,0.9545454545454546,8.13e-06,False,10.09450626373291,11.988208770751951,10.772933959960938,-11.719949634404555
Hypotheses6,77,learning,Hypotheses,False,123,22,22,1.0,8.32e-05,False,4.7865941524505615,5.202438950538635,5.124725699424744,-9.394263210137112
Hypotheses6,78,.,Hypotheses,True,123,22,22,1.0,0.0,False,,,,
Hypotheses6,79,Their,Hypotheses,False,124,0,20,0.0,0.00214,True,4.517768859863281,3.8954551219940186,4.025740623474121,-6.1469494499483766
Hypotheses6,80,particular,Hypotheses,False,124,1,20,0.05,0.0001,False,6.700434684753418,7.167553901672363,6.897349834442139,-9.210340371976182
Hypotheses6,81,interest,Hypotheses,False,124,2,20,0.1,0.000148,False,4.2861199378967285,5.869790077209473,5.04461669921875,-8.818298284200159
Hypotheses6,82,is,Hypotheses,False,124,3,20,0.15,0.0117,True,0.6110156774520874,0.6806814670562744,0.6823853850364685,-4.448166437178426
Hypotheses6,83,in,Hypotheses,False,124,4,20,0.2,0.0186,True,2.6983582973480225,3.160975933074951,3.346658706665039,-3.9845936982629815
Hypotheses6,84,the,Hypotheses,False,124,5,20,0.25,0.0537,True,1.6323318481445312,1.4636236429214478,1.667768478393555,-2.9243422774673182
Hypotheses6,85,effect,Hypotheses,False,124,6,20,0.3,0.000105,False,4.88104248046875,5.069718360900879,5.2978363037109375,-9.161550207806751
Hypotheses6,86,of,Hypotheses,False,124,7,20,0.35,0.0251,True,0.2755655944347381,0.2545498609542846,0.3587493896484375,-3.684887432844399
Hypotheses6,87,stress,Hypotheses,False,124,8,20,0.4,5.37e-05,False,9.888683557510376,11.80474853515625,11.763556003570557,-9.832097556449455
Hypotheses6,88,",",Hypotheses,True,124,8,20,0.4,0.0,False,,,,
Hypotheses6,89,in,Hypotheses,False,124,9,20,0.45,0.0186,True,4.587488174438477,4.190006732940674,3.8885207176208496,-3.9845936982629815
Hypotheses6,90,the,Hypotheses,False,124,10,20,0.5,0.0537,True,1.980531454086304,2.074219226837158,1.547440767288208,-2.9243422774673182
Hypotheses6,91,form,Hypotheses,False,124,11,20,0.55,0.000204,False,3.0217320919036865,3.7737879753112793,5.519443511962891,-8.497390564120058
Hypotheses6,92,of,Hypotheses,False,124,12,20,0.6,0.0251,True,0.0092224078252911,0.0365204960107803,0.0459797605872154,-3.684887432844399
Hypotheses6,93,loud,Hypotheses,False,124,13,20,0.65,3.39e-05,False,6.698328495025635,7.029109001159668,7.170926094055176,-10.29209554357787
Hypotheses6,94,noise,Hypotheses,False,124,14,20,0.7,3.55e-05,False,2.180328369140625,2.7279603481292725,3.006581544876098,-10.245977861482904
Hypotheses6,95,on,Hypotheses,False,124,15,20,0.75,0.00813,True,4.665097713470459,4.989146709442139,5.731250762939453,-4.812194355422418
Hypotheses6,96,the,Hypotheses,False,124,16,20,0.8,0.0537,True,1.122299313545227,0.7024773955345154,0.8596096634864807,-2.9243422774673182
Hypotheses6,97,learning,Hypotheses,False,124,17,20,0.85,8.32e-05,False,3.5470733642578125,3.8220839500427246,4.770263671875,-9.394263210137112
Hypotheses6,98,of,Hypotheses,False,124,18,20,0.9,0.0251,True,1.8786813020706177,4.151007652282715,3.67140531539917,-3.684887432844399
Hypotheses6,99,prose,Hypotheses,False,124,19,20,0.95,5.25e-06,False,9.53072738647461,11.359379768371582,11.00743579864502,-12.157282481360742
Hypotheses6,100,material,Hypotheses,False,124,20,20,1.0,8.91e-05,False,6.742979168891907,10.457310914993286,10.709394693374634,-9.32575122348751
Hypotheses6,101,.,Hypotheses,True,124,20,20,1.0,0.0,False,,,,
Hypotheses6,102,In,Hypotheses,False,125,0,36,0.0,0.0186,True,2.7476072311401367,2.987175464630127,3.083008289337158,-3.9845936982629815
Hypotheses6,103,order,Hypotheses,False,125,1,36,0.0277777777777777,0.000309,False,2.724879264831543,2.879368782043457,3.2952866554260254,-8.082169281066529
Hypotheses6,104,to,Hypotheses,False,125,2,36,0.0555555555555555,0.0269,True,0.0662109851837158,0.0525386296212673,0.080115258693695,-3.6156289923743437
Hypotheses6,105,divide,Hypotheses,False,125,3,36,0.0833333333333333,1.32e-05,False,9.95354175567627,9.55123233795166,8.863497734069824,-11.235293728371948
Hypotheses6,106,the,Hypotheses,False,125,4,36,0.1111111111111111,0.0537,True,0.7260628342628479,0.6851727366447449,0.7268477082252502,-2.9243422774673182
Hypotheses6,107,work,Hypotheses,False,125,5,36,0.1388888888888889,0.000912,False,3.5387933254241943,4.488492488861084,5.3017988204956055,-6.999870567889943
Hypotheses6,108,fairly,Hypotheses,False,125,6,36,0.1666666666666666,3.16e-05,False,9.625452995300291,9.348097801208496,8.91185474395752,-10.362353437371407
Hypotheses6,109,the,Hypotheses,False,125,7,36,0.1944444444444444,0.0537,True,4.03866720199585,3.5364208221435547,2.459117889404297,-2.9243422774673182
Hypotheses6,110,experimenters,Hypotheses,False,125,8,36,0.2222222222222222,2.24e-07,False,6.697916269302368,4.696611642837524,4.533481359481812,-15.311619785091372
Hypotheses6,111,flip,Hypotheses,False,125,9,36,0.25,1.58e-05,False,11.933372497558594,12.649040222167969,12.68279266357422,-11.055500617931353
Hypotheses6,112,a,Hypotheses,False,125,10,36,0.2777777777777778,0.0229,True,1.7639156579971311,2.0252432823181152,2.337707042694092,-3.776618368421943
Hypotheses6,113,coin,Hypotheses,False,125,11,36,0.3055555555555556,1.55e-05,False,1.50926411151886,0.6042817831039429,0.9427370429039,-11.074670534039074
Hypotheses6,114,to,Hypotheses,False,125,12,36,0.3333333333333333,0.0269,True,2.7967114448547363,2.823359489440918,2.831679582595825,-3.6156289923743437
Hypotheses6,115,determine,Hypotheses,False,125,13,36,0.3611111111111111,4.27e-05,False,1.5973104238510132,1.8105684518814087,2.2836081981658936,-10.061311637729695
Hypotheses6,116,which,Hypotheses,False,125,14,36,0.3888888888888889,0.002,True,1.252089023590088,1.4319884777069092,1.3856709003448486,-6.214608098422191
Hypotheses6,117,of,Hypotheses,False,125,15,36,0.4166666666666667,0.0251,True,2.1053919792175293,2.179240226745605,2.1194863319396973,-3.684887432844399
Hypotheses6,118,them,Hypotheses,False,125,16,36,0.4444444444444444,0.00155,True,2.6572906970977783,4.639557361602783,4.573522567749023,-6.469500348050982
Hypotheses6,119,will,Hypotheses,False,125,17,36,0.4722222222222222,0.00282,True,1.608753681182861,1.5691996812820437,1.4342739582061768,-5.871018394032115
Hypotheses6,120,run,Hypotheses,False,125,18,36,0.5,0.000309,False,6.52149772644043,6.839486122131348,7.169612884521484,-8.082169281066529
Hypotheses6,121,the,Hypotheses,False,125,19,36,0.5277777777777778,0.0537,True,1.0217143297195437,1.3173868656158447,1.1645805835723877,-2.9243422774673182
Hypotheses6,122,subjects,Hypotheses,False,125,20,36,0.5555555555555556,2.4e-05,False,10.910398483276367,12.848812103271484,11.81248950958252,-10.637456727616328
Hypotheses6,124,of,Hypotheses,False,125,21,36,0.5833333333333334,0.0251,True,6.39956521987915,4.329308986663818,5.19620418548584,-3.684887432844399
Hypotheses6,125,the,Hypotheses,False,125,22,36,0.6111111111111112,0.0537,True,0.3784677386283874,0.1951181441545486,0.2502220571041107,-2.9243422774673182
Hypotheses6,126,stress,Hypotheses,False,125,23,36,0.6388888888888888,5.37e-05,False,7.237393856048584,10.578964233398438,9.910638809204102,-9.832097556449455
Hypotheses6,127,condition,Hypotheses,False,125,24,36,0.6666666666666666,7.24e-05,False,5.660356044769287,9.74901008605957,9.4471435546875,-9.533304258572603
Hypotheses6,128,and,Hypotheses,False,125,25,36,0.6944444444444444,0.0257,True,1.9750094413757324,2.537050485610962,2.3744802474975586,-3.661264287080963
Hypotheses6,129,which,Hypotheses,False,125,26,36,0.7222222222222222,0.002,True,0.9063977599143982,0.3773468136787414,0.4200756549835205,-6.214608098422191
Hypotheses6,130,of,Hypotheses,False,125,27,36,0.75,0.0251,True,1.4917278289794922,1.6688320636749268,1.800335168838501,-3.684887432844399
Hypotheses6,131,them,Hypotheses,False,125,28,36,0.7777777777777778,0.00155,True,0.1718827784061432,0.2742027938365936,0.3046405911445617,-6.469500348050982
Hypotheses6,132,will,Hypotheses,False,125,29,36,0.8055555555555556,0.00282,True,0.0855339020490646,0.0639485344290733,0.0556742623448371,-5.871018394032115
Hypotheses6,133,run,Hypotheses,False,125,30,36,0.8333333333333334,0.000309,False,1.5935319662094116,1.396843433380127,0.8871493339538574,-8.082169281066529
Hypotheses6,134,the,Hypotheses,False,125,31,36,0.8611111111111112,0.0537,True,0.2306282371282577,0.1742525398731231,0.1538760513067245,-2.9243422774673182
Hypotheses6,135,subjects,Hypotheses,False,125,32,36,0.8888888888888888,2.4e-05,False,0.6128172278404236,3.3420217037200928,3.062850952148437,-10.637456727616328
Hypotheses6,137,of,Hypotheses,False,125,33,36,0.9166666666666666,0.0251,True,0.095257967710495,0.1064111143350601,0.2223358452320099,-3.684887432844399
Hypotheses6,138,the,Hypotheses,False,125,34,36,0.9444444444444444,0.0537,True,0.2754323780536651,0.1416636258363723,0.1804610043764114,-2.9243422774673182
Hypotheses6,139,no-stress,Hypotheses,False,125,35,36,0.9722222222222222,5.24e-05,False,8.370308175683022,11.102642446756365,11.701562106609344,-9.856603966637278
Hypotheses6,140,condition,Hypotheses,False,125,36,36,1.0,7.24e-05,False,0.2143062800168991,1.0856605172157288,0.7410413920879364,-9.533304258572603
Hypotheses6,141,.,Hypotheses,True,125,36,36,1.0,0.0,False,,,,
Hypotheses7,1,Suppose,Hypotheses,False,126,0,10,0.0,3.63e-05,False,11.06008505821228,8.091585263609886,7.870503425598144,-10.223692816693468
Hypotheses7,2,they,Hypotheses,False,126,1,10,0.1,0.00316,True,5.832599639892578,10.778590202331545,2.91317081451416,-5.757183251383316
Hypotheses7,3,find,Hypotheses,False,126,2,10,0.2,0.000575,False,5.6376953125,7.048605442047119,3.737546682357788,-7.461140517166924
Hypotheses7,4,that,Hypotheses,False,126,3,10,0.3,0.0102,True,2.5175743103027344,3.819458961486816,0.6249653697013855,-4.585367558691911
Hypotheses7,5,better,Hypotheses,False,126,4,10,0.4,0.000575,False,10.233656883239746,7.255924701690674,11.002942085266112,-7.461140517166924
Hypotheses7,6,learning,Hypotheses,False,126,5,10,0.5,8.32e-05,False,7.189004898071289,9.460749626159668,4.307518005371094,-9.394263210137112
Hypotheses7,7,occurred,Hypotheses,False,126,6,10,0.6,3.72e-05,False,7.4098219871521,10.244559288024902,6.605497360229492,-10.199201796685173
Hypotheses7,8,in,Hypotheses,False,126,7,10,0.7,0.0186,True,1.75335955619812,1.8683170080184937,1.6801631450653076,-3.9845936982629815
Hypotheses7,9,the,Hypotheses,False,126,8,10,0.8,0.0537,True,1.4300730228424072,1.196191430091858,0.6036431789398193,-2.9243422774673182
Hypotheses7,10,stress,Hypotheses,False,126,9,10,0.9,5.37e-05,False,10.794791221618652,10.05990505218506,2.332787275314331,-9.832097556449455
Hypotheses7,11,condition,Hypotheses,False,126,10,10,1.0,7.24e-05,False,7.381290793418884,9.228973507881165,1.817873015999794,-9.533304258572603
Hypotheses7,12,.,Hypotheses,True,126,10,10,1.0,0.0,False,,,,
Hypotheses7,13,Can,Hypotheses,False,127,0,7,0.0,0.00288,True,5.954873085021973,6.243771076202393,6.890634536743164,-5.8499649848342825
Hypotheses7,14,we,Hypotheses,False,127,1,7,0.1428571428571428,0.00347,True,2.513751268386841,2.6712684631347656,3.3428409099578857,-5.663600685023369
Hypotheses7,15,ascribe,Hypotheses,False,127,2,7,0.2857142857142857,5.62e-07,False,8.11318748141639,9.897508920170369,8.755120397079736,-14.39176398705272
Hypotheses7,16,the,Hypotheses,False,127,3,7,0.4285714285714285,0.0537,True,2.295348644256592,2.686498641967773,1.8389549255371092,-2.9243422774673182
Hypotheses7,17,effect,Hypotheses,False,127,4,7,0.5714285714285714,0.000105,False,4.998113632202148,5.665572166442871,3.2228708267211914,-9.161550207806751
Hypotheses7,18,to,Hypotheses,False,127,5,7,0.7142857142857143,0.0269,True,1.0135116577148438,0.7607645392417908,1.6792454719543457,-3.6156289923743437
Hypotheses7,19,experimental,Hypotheses,False,127,6,7,0.8571428571428571,1.91e-05,False,8.974596977233887,9.316154479980469,9.34585666656494,-10.86582222291169
Hypotheses7,20,stress,Hypotheses,False,127,7,7,1.0,5.37e-05,False,4.50662887096405,4.8538079261779785,4.750709295272827,-9.832097556449455
Hypotheses7,21,?,Hypotheses,True,127,7,7,1.0,0.0,False,,,,
Hypotheses7,22,Probably,Hypotheses,False,128,0,18,0.0,0.000234,False,6.099153518676758,6.9270339012146,4.710460186004639,-8.360189442606572
Hypotheses7,23,not,Hypotheses,False,128,1,18,0.0555555555555555,0.0049,True,0.247961014509201,0.5636473894119263,0.3101588785648346,-5.318520073865556
Hypotheses7,24,because,Hypotheses,False,128,2,18,0.1111111111111111,0.00107,True,4.938371181488037,4.023046016693115,3.885364294052124,-6.840096630508322
Hypotheses7,25,we,Hypotheses,False,128,3,18,0.1666666666666666,0.00347,True,2.5943503379821777,2.473182439804077,2.5216379165649414,-5.663600685023369
Hypotheses7,26,have,Hypotheses,False,128,4,18,0.2222222222222222,0.00513,True,2.3743720054626465,2.5810256004333496,2.227630376815796,-5.272649619799459
Hypotheses7,27,a,Hypotheses,False,128,5,18,0.2777777777777778,0.0229,True,3.186631202697754,2.587648868560791,2.986771821975708,-3.776618368421943
Hypotheses7,28,plausible,Hypotheses,False,128,6,18,0.3333333333333333,4.37e-06,False,7.109432220458984,9.95524787902832,7.967283248901367,-12.340747548856775
Hypotheses7,29,rival,Hypotheses,False,128,7,18,0.3888888888888889,1.51e-05,False,12.512989044189451,12.79031467437744,7.80034875869751,-11.100815814143395
Hypotheses7,30,hypothesis,Hypotheses,False,128,8,18,0.4444444444444444,7.41e-06,False,2.203882932662964,3.7549452781677246,0.1374885588884353,-11.812680118656278
Hypotheses7,31,to,Hypotheses,False,128,9,18,0.5,0.0269,True,2.47451114654541,3.488499402999878,3.502530097961426,-3.6156289923743437
Hypotheses7,32,the,Hypotheses,False,128,10,18,0.5555555555555556,0.0537,True,3.3070647716522217,1.3788666725158691,1.872758388519287,-2.9243422774673182
Hypotheses7,33,working,Hypotheses,False,128,11,18,0.6111111111111112,0.000282,False,7.558786392211914,8.927907943725586,3.7276782989501953,-8.17360348702616
Hypotheses7,34,hypothesis,Hypotheses,False,128,12,18,0.6666666666666666,7.41e-06,False,0.6751781702041626,1.631082534790039,0.0134168369695544,-11.812680118656278
Hypotheses7,35,of,Hypotheses,False,128,13,18,0.7222222222222222,0.0251,True,2.000155448913574,2.945332765579224,3.711256742477417,-3.684887432844399
Hypotheses7,36,',Hypotheses,True,128,13,18,0.7222222222222222,0.0,False,6.653756141662598,5.783323287963867,4.461484909057617,
Hypotheses7,37,result,Hypotheses,False,128,14,18,0.7777777777777778,0.000151,False,18.58514976501465,15.598206520080566,10.084632873535156,-8.79823072114935
Hypotheses7,38,is,Hypotheses,False,128,15,18,0.8333333333333334,0.0117,True,5.840838432312012,3.914441585540772,4.97098970413208,-4.448166437178426
Hypotheses7,39,due,Hypotheses,False,128,16,18,0.8888888888888888,0.000224,False,4.099699020385742,5.815229415893555,5.741154670715332,-8.403864506109235
Hypotheses7,40,to,Hypotheses,False,128,17,18,0.9444444444444444,0.0269,True,0.2456691116094589,0.1105988025665283,0.5987852215766907,-3.6156289923743437
Hypotheses7,41,stress,Hypotheses,False,128,18,18,1.0,5.37e-05,False,6.443649768829346,4.377273797988892,4.054885149002075,-9.832097556449455
Hypotheses7,42,.,Hypotheses,True,128,18,18,1.0,0.0,False,,,,
Hypotheses7,44,In,Hypotheses,False,129,0,14,0.0,0.0186,True,3.393186330795288,4.327998161315918,3.170741558074951,-3.9845936982629815
Hypotheses7,45,this,Hypotheses,False,129,1,14,0.0714285714285714,0.00661,True,2.2423911094665527,2.405336141586304,2.618183135986328,-5.019171625118542
Hypotheses7,46,example,Hypotheses,False,129,2,14,0.1428571428571428,0.000186,False,4.624757289886475,4.558333396911621,4.165746212005615,-8.589763884251074
Hypotheses7,47,the,Hypotheses,False,129,3,14,0.2142857142857142,0.0537,True,2.493553400039673,2.3760151863098145,1.2343409061431885,-2.9243422774673182
Hypotheses7,48,plausible,Hypotheses,False,129,4,14,0.2857142857142857,4.37e-06,False,8.808859825134277,9.797601699829102,10.869107246398926,-12.340747548856775
Hypotheses7,49,rival,Hypotheses,False,129,5,14,0.3571428571428571,1.51e-05,False,1.8190916776657104,2.072949171066284,0.4761807918548584,-11.100815814143395
Hypotheses7,50,hypothesis,Hypotheses,False,129,6,14,0.4285714285714285,7.41e-06,False,0.119501456618309,0.0312609747052192,0.0427637360990047,-11.812680118656278
Hypotheses7,51,of,Hypotheses,False,129,7,14,0.5,0.0251,True,4.405675411224365,2.724745273590088,2.539451837539673,-3.684887432844399
Hypotheses7,52,',Hypotheses,True,129,7,14,0.5,0.0,False,1.1913831233978271,1.9300765991210935,1.0191073417663574,
Hypotheses7,53,result,Hypotheses,False,129,8,14,0.5714285714285714,0.000151,False,2.099458932876587,2.6451148986816406,1.6718195676803589,-8.79823072114935
Hypotheses7,54,is,Hypotheses,False,129,9,14,0.6428571428571429,0.0117,True,0.0638562738895416,0.1485884040594101,0.1280694752931594,-4.448166437178426
Hypotheses7,55,due,Hypotheses,False,129,10,14,0.7142857142857143,0.000224,False,0.0462588854134082,0.2511102259159088,0.2650198936462402,-8.403864506109235
Hypotheses7,56,to,Hypotheses,False,129,11,14,0.7857142857142857,0.0269,True,0.0223337691277265,0.0107692256569862,0.0186958033591508,-3.6156289923743437
Hypotheses7,57,status,Hypotheses,False,129,12,14,0.8571428571428571,7.41e-05,False,9.696802139282228,12.853154182434082,11.811458587646484,-9.510095025662233
Hypotheses7,58,of,Hypotheses,False,129,13,14,0.9285714285714286,0.0251,True,3.282997369766236,2.0334200859069824,1.9910261631011963,-3.684887432844399
Hypotheses7,59,experimenter,Hypotheses,False,129,14,14,1.0,3.02e-07,False,8.920183420181274,12.366770029067991,9.740675330162048,-15.012838819571542
Hypotheses7,60,.,Hypotheses,True,129,14,14,1.0,0.0,False,,,,
Hypotheses7,62,That,Hypotheses,False,130,0,36,0.0,0.0102,True,4.849474906921387,5.281227111816406,5.116930961608887,-4.585367558691911
Hypotheses7,63,plausible,Hypotheses,False,130,1,36,0.0277777777777777,4.37e-06,False,10.500521659851074,9.697111129760742,9.83510971069336,-12.340747548856775
Hypotheses7,64,rival,Hypotheses,False,130,2,36,0.0555555555555555,1.51e-05,False,0.0342845954000949,0.3222860395908355,0.2097876220941543,-11.100815814143395
Hypotheses7,65,hypothesis,Hypotheses,False,130,3,36,0.0833333333333333,7.41e-06,False,0.13116355240345,0.0182458329945802,0.0247509703040123,-11.812680118656278
Hypotheses7,66,could,Hypotheses,False,130,4,36,0.1111111111111111,0.00115,False,4.1924729347229,4.756947040557861,4.402273178100586,-6.767993336606978
Hypotheses7,67,have,Hypotheses,False,130,5,36,0.1388888888888889,0.00513,True,3.0711052417755127,2.834198474884033,3.3195245265960693,-5.272649619799459
Hypotheses7,68,been,Hypotheses,False,130,6,36,0.1666666666666666,0.00186,True,0.7484838962554932,1.0082796812057495,1.1551460027694702,-6.287178791257027
Hypotheses7,69,fairly,Hypotheses,False,130,7,36,0.1944444444444444,3.16e-05,False,8.70545768737793,9.104405403137209,8.645557403564453,-10.362353437371407
Hypotheses7,70,well,Hypotheses,False,130,8,36,0.2222222222222222,0.00107,False,2.880116701126098,2.9967472553253174,3.8929250240325928,-6.840096630508322
Hypotheses7,71,ruled,Hypotheses,False,130,9,36,0.25,2e-05,False,6.186466217041016,8.0201997756958,8.040319442749023,-10.819778284410283
Hypotheses7,72,out,Hypotheses,False,130,10,36,0.2777777777777778,0.0024,True,0.0065538226626813,0.3349674344062805,0.1365637630224228,-6.032286541628237
Hypotheses7,73,in,Hypotheses,False,130,11,36,0.3055555555555556,0.0186,True,2.611438274383545,2.384584665298462,2.385988712310791,-3.9845936982629815
Hypotheses7,74,this,Hypotheses,False,130,12,36,0.3333333333333333,0.00661,True,2.4073052406311035,2.9643430709838867,3.5083627700805664,-5.019171625118542
Hypotheses7,75,experiment,Hypotheses,False,130,13,36,0.3611111111111111,2.4e-05,False,2.05762243270874,2.263465881347656,1.0251350402832031,-10.637456727616328
Hypotheses7,76,by,Hypotheses,False,130,14,36,0.3888888888888889,0.00457,True,3.303069591522217,3.725951910018921,3.4278318881988525,-5.3882420740760235
Hypotheses7,77,having,Hypotheses,False,130,15,36,0.4166666666666667,0.000389,True,5.672298908233643,5.203622817993164,4.65876579284668,-7.851931214345828
Hypotheses7,78,each,Hypotheses,False,130,16,36,0.4444444444444444,0.00049,True,8.350173950195312,7.443826675415039,7.039263248443604,-7.621105166859602
Hypotheses7,79,of,Hypotheses,False,130,17,36,0.4722222222222222,0.0251,True,2.2336411476135254,3.105987787246704,2.3629164695739746,-3.684887432844399
Hypotheses7,80,the,Hypotheses,False,130,18,36,0.5,0.0537,True,0.3527469336986542,0.267316997051239,0.1979082971811294,-2.9243422774673182
Hypotheses7,81,two,Hypotheses,False,130,19,36,0.5277777777777778,0.00126,False,2.5148026943206787,2.62659215927124,2.567599296569824,-6.676643558018751
Hypotheses7,82,experimenters,Hypotheses,False,130,20,36,0.5555555555555556,2.24e-07,False,4.227890655398369,5.374642714858055,3.8827837109565735,-15.311619785091372
Hypotheses7,83,contact,Hypotheses,False,130,21,36,0.5833333333333334,9.77e-05,False,8.684188842773438,8.760735511779785,8.764056205749512,-9.233608998915537
Hypotheses7,84,half,Hypotheses,False,130,22,36,0.6111111111111112,0.000257,False,9.959399223327637,10.370667457580566,10.635226249694824,-8.266434473069054
Hypotheses7,85,the,Hypotheses,False,130,23,36,0.6388888888888888,0.0537,True,1.7764370441436768,1.515629529953003,1.326624035835266,-2.9243422774673182
Hypotheses7,86,subjects,Hypotheses,False,130,24,36,0.6666666666666666,2.4e-05,False,3.247885704040528,4.184274196624756,0.5227866172790527,-10.637456727616328
Hypotheses7,88,of,Hypotheses,False,130,25,36,0.6944444444444444,0.0251,True,3.6744284629821777,3.695064067840576,1.1856943368911743,-3.684887432844399
Hypotheses7,89,the,Hypotheses,False,130,26,36,0.7222222222222222,0.0537,True,0.6880270838737488,0.3990129232406616,0.2899070978164673,-2.9243422774673182
Hypotheses7,90,stress,Hypotheses,False,130,27,36,0.75,5.37e-05,False,1.1823081970214844,3.566805362701416,0.3077148497104645,-9.832097556449455
Hypotheses7,91,condition,Hypotheses,False,130,28,36,0.7777777777777778,7.24e-05,False,0.0721892863512039,0.1002815291285514,0.0234799906611442,-9.533304258572603
Hypotheses7,92,and,Hypotheses,False,130,29,36,0.8055555555555556,0.0257,True,2.206620931625366,2.375483274459839,1.647888422012329,-3.661264287080963
Hypotheses7,93,half,Hypotheses,False,130,30,36,0.8333333333333334,0.000257,False,4.181102752685547,3.084237098693848,2.330331802368164,-8.266434473069054
Hypotheses7,94,the,Hypotheses,False,130,31,36,0.8611111111111112,0.0537,True,0.4347497820854187,0.4231707155704498,0.2942718863487243,-2.9243422774673182
Hypotheses7,95,subjects,Hypotheses,False,130,32,36,0.8888888888888888,2.4e-05,False,0.3802843689918518,0.1160975322127342,0.0859870836138725,-10.637456727616328
Hypotheses7,97,of,Hypotheses,False,130,33,36,0.9166666666666666,0.0251,True,0.0723777040839195,0.2837184369564056,0.0602551996707916,-3.684887432844399
Hypotheses7,98,the,Hypotheses,False,130,34,36,0.9444444444444444,0.0537,True,0.1339561939239502,0.182545781135559,0.0663438588380813,-2.9243422774673182
Hypotheses7,99,no-stress,Hypotheses,False,130,35,36,0.9722222222222222,5.24e-05,False,10.410741239786148,13.120494425296783,0.2277154847979545,-9.856603966637278
Hypotheses7,100,condition,Hypotheses,False,130,36,36,1.0,7.24e-05,False,0.5253371149301529,0.985369712114334,0.6675310614518821,-9.533304258572603
Hypotheses7,101,.,Hypotheses,True,130,36,36,1.0,0.0,False,,,,
Hypotheses7,102,Such,Hypotheses,False,131,0,19,0.0,0.000692,True,5.017951011657715,5.509419918060303,5.03027868270874,-7.275924602346604
Hypotheses7,103,a,Hypotheses,False,131,1,19,0.0526315789473684,0.0229,True,0.7982811331748962,1.0239923000335691,0.8853085041046143,-3.776618368421943
Hypotheses7,104,plan,Hypotheses,False,131,2,19,0.1052631578947368,0.000195,False,6.748562335968018,6.968804836273193,6.413236618041992,-8.542510999400527
Hypotheses7,105,would,Hypotheses,False,131,3,19,0.1578947368421052,0.00186,False,1.4728928804397583,1.6379709243774414,1.5357190370559692,-6.287178791257027
Hypotheses7,106,avoid,Hypotheses,False,131,4,19,0.2105263157894736,7.41e-05,False,7.337437629699707,6.862042427062988,6.423574447631836,-9.510095025662233
Hypotheses7,107,the,Hypotheses,False,131,5,19,0.2631578947368421,0.0537,True,1.0170375108718872,0.9905051589012146,0.9019150137901306,-2.9243422774673182
Hypotheses7,108,confounding,Hypotheses,False,131,6,19,0.3157894736842105,6.76e-07,False,5.494494438171387,6.16085958480835,6.035567283630371,-14.207072760903447
Hypotheses7,109,(,Hypotheses,True,131,6,19,0.3157894736842105,0.0,False,5.885127067565918,7.270442962646484,7.52491283416748,
Hypotheses7,110,intermixing,Hypotheses,False,131,7,19,0.3684210526315789,5.89e-08,False,21.49681580066681,17.88434563577175,12.939266551285982,-16.64742474628887
Hypotheses7,111,of,Hypotheses,False,131,8,19,0.4210526315789473,0.0251,True,4.022984027862549,3.1163318157196045,3.220325469970703,-3.684887432844399
Hypotheses7,112,the,Hypotheses,False,131,9,19,0.4736842105263157,0.0537,True,2.902117729187012,1.9049476385116575,1.651081919670105,-2.9243422774673182
Hypotheses7,113,effects,Hypotheses,False,131,10,19,0.5263157894736842,7.76e-05,False,4.814376831054688,5.127556324005127,4.131269454956055,-9.463943130775101
Hypotheses7,114,of,Hypotheses,False,131,11,19,0.5789473684210527,0.0251,True,0.4789396822452545,0.2922745645046234,0.3684464693069458,-3.684887432844399
Hypotheses7,115,stress,Hypotheses,False,131,12,19,0.631578947368421,5.37e-05,False,1.1552772521972656,0.8137221932411194,0.90855211019516,-9.832097556449455
Hypotheses7,116,and,Hypotheses,False,131,13,19,0.6842105263157895,0.0257,True,0.528306782245636,0.6483083963394165,0.5129426121711731,-3.661264287080963
Hypotheses7,117,the,Hypotheses,False,131,14,19,0.7368421052631579,0.0537,True,2.220383405685425,2.1856582164764404,2.377649545669556,-2.9243422774673182
Hypotheses7,118,effects,Hypotheses,False,131,15,19,0.7894736842105263,7.76e-05,False,2.2058699131011963,4.788138389587402,3.257333278656006,-9.463943130775101
Hypotheses7,119,of,Hypotheses,False,131,16,19,0.8421052631578947,0.0251,True,0.0016768217319622,0.0212406180799007,0.0315586775541305,-3.684887432844399
Hypotheses7,120,the,Hypotheses,False,131,17,19,0.8947368421052632,0.0537,True,3.2376608848571777,2.152264356613159,2.149015426635742,-2.9243422774673182
Hypotheses7,121,experimenter's,Hypotheses,False,131,18,19,0.9473684210526316,0.0,False,5.642391204833984,6.618142485618591,7.172265589237213,
Hypotheses7,124,status,Hypotheses,False,131,19,19,1.0,7.41e-05,False,8.259609937667847,9.180514335632324,10.16162633895874,-9.510095025662233
Hypotheses7,125,.,Hypotheses,True,131,19,19,1.0,0.0,False,,,,
Hypotheses7,126,The,Hypotheses,False,132,0,23,0.0,0.0537,True,2.580199718475342,2.9749467372894287,2.900383472442627,-2.9243422774673182
Hypotheses7,127,Concept,Hypotheses,False,132,1,23,0.0434782608695652,5.89e-05,False,13.459117889404297,12.791650772094728,12.462934494018556,-9.739669467306733
Hypotheses7,128,of,Hypotheses,False,132,2,23,0.0869565217391304,0.0251,True,0.3955865502357483,0.3981061577796936,0.379959374666214,-3.684887432844399
Hypotheses7,129,plausible,Hypotheses,False,132,3,23,0.1304347826086956,4.37e-06,False,13.41995620727539,9.424765586853027,7.558003902435303,-12.340747548856775
Hypotheses7,130,rival,Hypotheses,False,132,4,23,0.1739130434782608,1.51e-05,False,0.0535537116229534,0.1709484755992889,0.1007399410009384,-11.100815814143395
Hypotheses7,131,hypotheses,Hypotheses,False,132,5,23,0.217391304347826,1.58e-06,False,2.000571250915528,3.233909368515014,1.6146504878997805,-13.3580857109254
Hypotheses7,132,is,Hypotheses,False,132,6,23,0.2608695652173913,0.0117,True,1.670966863632202,1.235867261886597,1.079696774482727,-4.448166437178426
Hypotheses7,133,so,Hypotheses,False,132,7,23,0.3043478260869565,0.00331,True,5.6699981689453125,5.956432342529297,5.470085620880127,-5.710807089593166
Hypotheses7,134,important,Hypotheses,False,132,8,23,0.3478260869565217,0.000275,False,3.293155670166016,2.5925869941711426,1.8293932676315308,-8.198739460297702
Hypotheses7,135,that,Hypotheses,False,132,9,23,0.391304347826087,0.0102,True,0.7784477472305298,0.8527094721794128,0.638626754283905,-4.585367558691911
Hypotheses7,136,an,Hypotheses,False,132,10,23,0.4347826086956521,0.00339,True,5.487254619598389,5.220501899719238,5.091242790222168,-5.686925357589778
Hypotheses7,137,entire,Hypotheses,False,132,11,23,0.4782608695652174,0.000123,False,5.055161476135254,5.804873943328857,4.863568305969238,-9.003326202591856
Hypotheses7,138,book,Hypotheses,False,132,12,23,0.5217391304347826,0.000269,False,2.824270486831665,5.059550285339356,5.416339874267578,-8.220799178362435
Hypotheses7,139,has,Hypotheses,False,132,13,23,0.5652173913043478,0.00234,True,2.896395683288574,3.182348251342773,3.0641746520996094,-6.057604349612527
Hypotheses7,140,recently,Hypotheses,False,132,14,23,0.6086956521739131,0.000105,False,5.821333408355713,7.090953826904297,6.98856782913208,-9.161550207806751
Hypotheses7,141,been,Hypotheses,False,132,15,23,0.6521739130434783,0.00186,True,0.1593108624219894,0.1761724948883056,0.1402026861906051,-6.287178791257027
Hypotheses7,142,devoted,Hypotheses,False,132,16,23,0.6956521739130435,1.51e-05,False,1.899840235710144,5.271361827850342,5.364758491516113,-11.100815814143395
Hypotheses7,143,to,Hypotheses,False,132,17,23,0.7391304347826086,0.0269,True,0.0558440573513507,0.0662425607442855,0.041895292699337,-3.6156289923743437
Hypotheses7,144,giving,Hypotheses,False,132,18,23,0.782608695652174,0.000141,False,7.458434104919434,8.777616500854492,8.622293472290039,-8.866750667586105
Hypotheses7,145,practice,Hypotheses,False,132,19,23,0.8260869565217391,0.000115,False,10.507736206054688,9.797454833984377,8.757287979125977,-9.070578429601024
Hypotheses7,146,in,Hypotheses,False,132,20,23,0.8695652173913043,0.0186,True,2.3746135234832764,3.814048767089844,4.312012672424316,-3.9845936982629815
Hypotheses7,147,thinking,Hypotheses,False,132,21,23,0.9130434782608696,0.000174,False,7.6691694259643555,7.731256484985352,7.751127243041992,-8.656455258749745
Hypotheses7,148,them,Hypotheses,False,132,22,23,0.9565217391304348,0.00155,True,8.137222290039062,7.878342628479004,8.147871971130371,-6.469500348050982
Hypotheses7,149,up,Hypotheses,False,132,23,23,1.0,0.00245,True,3.554402232170105,3.800274848937988,3.246730208396912,-6.011667254425501
Hypotheses7,150,.,Hypotheses,True,132,23,23,1.0,0.0,False,,,,
Hypotheses7,153,or,Hypotheses,False,133,0,24,0.0,0.00347,True,10.726971626281738,10.357932090759276,10.423723220825195,-5.663600685023369
Hypotheses7,154,),Hypotheses,True,133,0,24,0.0,0.0,False,7.715764999389648,7.87596321105957,4.665963649749756,
Hypotheses8,1,Sometimes,Hypotheses,False,133,1,24,0.0416666666666666,0.000191,False,8.601394653320312,8.19465446472168,8.676324844360352,-8.563237129917644
Hypotheses8,2,we,Hypotheses,False,133,2,24,0.0833333333333333,0.00347,True,3.2454099655151367,4.398585319519043,2.570557117462158,-5.663600685023369
Hypotheses8,3,say,Hypotheses,False,133,3,24,0.125,0.000776,False,4.855873107910156,5.93722677230835,5.339749336242676,-7.1613580377810555
Hypotheses8,4,of,Hypotheses,False,133,4,24,0.1666666666666666,0.0251,True,6.571652412414551,8.583921432495117,5.926572322845459,-3.684887432844399
Hypotheses8,5,a,Hypotheses,False,133,5,24,0.2083333333333333,0.0229,True,3.0953776836395264,2.752273797988892,2.3733339309692383,-3.776618368421943
Hypotheses8,6,hypothesis,Hypotheses,False,133,6,24,0.25,7.41e-06,False,9.363901138305664,12.116642951965332,2.738274574279785,-11.812680118656278
Hypotheses8,7,that,Hypotheses,False,133,7,24,0.2916666666666667,0.0102,True,0.8900484442710876,1.230784296989441,0.98003751039505,-4.585367558691911
Hypotheses8,8,it,Hypotheses,False,133,8,24,0.3333333333333333,0.00891,True,3.081876754760742,3.178016185760498,2.0466885566711426,-4.720581037499419
Hypotheses8,9,is,Hypotheses,False,133,9,24,0.375,0.0117,True,1.0009832382202148,1.451835870742798,0.9520518183708192,-4.448166437178426
Hypotheses8,10,heuristic,Hypotheses,False,133,10,24,0.4166666666666667,5.25e-07,False,10.315361559391022,12.685119152069092,12.229876518249512,-14.459867574354787
Hypotheses8,11,which,Hypotheses,False,133,11,24,0.4583333333333333,0.002,True,6.098269939422607,6.685405254364014,6.149059295654297,-6.214608098422191
Hypotheses8,12,means,Hypotheses,False,133,12,24,0.5,0.000275,False,5.915884017944336,2.0344715118408203,4.633498191833496,-8.198739460297702
Hypotheses8,13,that,Hypotheses,False,133,13,24,0.5416666666666666,0.0102,True,0.6445068120956421,1.4099429845809937,0.9151854515075684,-4.585367558691911
Hypotheses8,14,it,Hypotheses,False,133,14,24,0.5833333333333334,0.00891,True,0.9837303757667542,1.0849599838256836,0.7219026684761047,-4.720581037499419
Hypotheses8,15,serves,Hypotheses,False,133,15,24,0.625,2.45e-05,False,6.556799411773682,8.967623710632324,6.9514994621276855,-10.616837440413592
Hypotheses8,16,to,Hypotheses,False,133,16,24,0.6666666666666666,0.0269,True,1.261449933052063,2.1344494819641118,0.8820486664772034,-3.6156289923743437
Hypotheses8,17,stimulate,Hypotheses,False,133,17,24,0.7083333333333334,4.68e-06,False,6.700636863708496,8.046090126037598,7.097586154937744,-12.272212448034718
Hypotheses8,18,interest,Hypotheses,False,133,18,24,0.75,0.000148,False,4.265768051147461,4.636116027832031,4.561610221862793,-8.818298284200159
Hypotheses8,19,as,Hypotheses,False,133,19,24,0.7916666666666666,0.00589,True,5.507256507873535,5.712108135223389,6.0889410972595215,-5.134499281318642
Hypotheses8,20,a,Hypotheses,False,133,20,24,0.8333333333333334,0.0229,True,1.6391010284423828,1.957197666168213,1.8580808639526367,-3.776618368421943
Hypotheses8,21,means,Hypotheses,False,133,21,24,0.875,0.000275,False,2.643543243408203,3.0764732360839844,2.487712144851685,-8.198739460297702
Hypotheses8,22,of,Hypotheses,False,133,22,24,0.9166666666666666,0.0251,True,0.5959193706512451,0.6136302947998047,0.6206880211830139,-3.684887432844399
Hypotheses8,23,furthering,Hypotheses,False,133,23,24,0.9583333333333334,1.07e-06,False,7.1285719871521,7.577576637268066,6.510204911231995,-13.747851909490459
Hypotheses8,24,investigation,Hypotheses,False,133,24,24,1.0,5.62e-05,False,8.11212694644928,7.526734232902527,7.828300356864929,-9.78659380106463
Hypotheses8,25,.,Hypotheses,True,133,24,24,1.0,0.0,False,,,,
Hypotheses8,26,Heuristic,Hypotheses,False,134,0,23,0.0,5.25e-07,False,5.261982470750809,5.69725988805294,7.840289324522018,-14.459867574354787
Hypotheses8,27,hypotheses,Hypotheses,False,134,1,23,0.0434782608695652,1.58e-06,False,7.497079372406006,9.495104312896729,6.677587032318115,-13.3580857109254
Hypotheses8,28,",",Hypotheses,True,134,1,23,0.0434782608695652,0.0,False,,,,
Hypotheses8,29,then,Hypotheses,False,134,2,23,0.0869565217391304,0.00117,True,2.943722009658813,5.857476234436035,5.138840675354004,-6.750751530172472
Hypotheses8,30,are,Hypotheses,False,134,3,23,0.1304347826086956,0.0055,True,6.990309715270996,3.5721302032470703,4.524135112762451,-5.2030071867437115
Hypotheses8,31,meant,Hypotheses,False,134,4,23,0.1739130434782608,8.71e-05,False,6.187093734741211,5.75914192199707,5.451799392700195,-9.348453674105818
Hypotheses8,32,to,Hypotheses,False,134,5,23,0.217391304347826,0.0269,True,0.2629239857196808,0.1757799983024597,0.1595831513404846,-3.6156289923743437
Hypotheses8,33,stimulate,Hypotheses,False,134,6,23,0.2608695652173913,4.68e-06,False,2.7280240058898926,2.7792811393737797,3.936053276062012,-12.272212448034718
Hypotheses8,34,investigation,Hypotheses,False,134,7,23,0.3043478260869565,5.62e-05,False,5.857448577880859,4.816049098968506,4.472482681274414,-9.78659380106463
Hypotheses8,35,by,Hypotheses,False,134,8,23,0.3478260869565217,0.00457,True,2.702824115753174,2.9267241954803467,3.139507532119751,-5.3882420740760235
Hypotheses8,36,pointing,Hypotheses,False,134,9,23,0.391304347826087,1.58e-05,False,5.942065715789795,5.145109176635742,5.588831901550293,-11.055500617931353
Hypotheses8,37,out,Hypotheses,False,134,10,23,0.4347826086956521,0.0024,True,0.6190856099128723,0.7351604700088501,0.6424135565757751,-6.032286541628237
Hypotheses8,38,interesting,Hypotheses,False,134,11,23,0.4782608695652174,0.0001,False,6.061050891876221,6.8607282638549805,5.662415027618408,-9.210340371976182
Hypotheses8,39,possibilities,Hypotheses,False,134,12,23,0.5217391304347826,1.29e-05,False,3.264817714691162,4.220507621765137,4.058494567871094,-11.258283246596648
Hypotheses8,40,on,Hypotheses,False,134,13,23,0.5652173913043478,0.00813,True,5.55452823638916,5.578726291656494,5.466821670532227,-4.812194355422418
Hypotheses8,41,a,Hypotheses,False,134,14,23,0.6086956521739131,0.0229,True,2.6497223377227783,3.404296636581421,3.3911728858947754,-3.776618368421943
Hypotheses8,42,model,Hypotheses,False,134,15,23,0.6521739130434783,0.000135,False,4.666632175445557,6.069202899932861,6.21894645690918,-8.910235779525845
Hypotheses8,43,of,Hypotheses,False,134,16,23,0.6956521739130435,0.0251,True,2.120479106903076,2.477636337280273,1.6537917852401731,-3.684887432844399
Hypotheses8,44,reality,Hypotheses,False,134,17,23,0.7391304347826086,7.76e-05,False,4.481478691101074,6.017465114593506,5.0251240730285645,-9.463943130775101
Hypotheses8,45,and,Hypotheses,False,134,18,23,0.782608695652174,0.0257,True,2.985171318054199,3.029094934463501,2.8409886360168457,-3.661264287080963
Hypotheses8,46,to,Hypotheses,False,134,19,23,0.8260869565217391,0.0269,True,3.4264614582061768,4.015507221221924,3.3707916736602783,-3.6156289923743437
Hypotheses8,47,elicit,Hypotheses,False,134,20,23,0.8695652173913043,1.26e-06,False,5.333054542541504,5.91505241394043,6.085064888000488,-13.584398837000888
Hypotheses8,48,further,Hypotheses,False,134,21,23,0.9130434782608696,0.000204,True,3.192193031311035,3.554292678833008,4.257641792297363,-8.497390564120058
Hypotheses8,49,empirical,Hypotheses,False,134,22,23,0.9565217391304348,4.17e-06,False,4.638935089111328,5.92014217376709,5.546478748321533,-12.387594522153565
Hypotheses8,50,research,Hypotheses,False,134,23,23,1.0,0.000245,False,3.662601113319397,4.022069036960602,3.3407179713249207,-8.314252347419547
Hypotheses8,51,.,Hypotheses,True,134,23,23,1.0,0.0,False,,,,
Hypotheses8,52,To,Hypotheses,False,135,0,36,0.0,0.0269,True,5.063450336456299,5.048184394836426,3.908605813980103,-3.6156289923743437
Hypotheses8,53,give,Hypotheses,False,135,1,36,0.0277777777777777,0.000513,False,4.999267101287842,5.140033721923828,4.287667274475098,-7.575234712793504
Hypotheses8,54,an,Hypotheses,False,135,2,36,0.0555555555555555,0.00339,True,0.9624595046043396,1.3453961610794067,2.3476152420043945,-5.686925357589778
Hypotheses8,55,example,Hypotheses,False,135,3,36,0.0833333333333333,0.000186,False,0.0584497898817062,0.082166664302349,0.0964877307415008,-8.589763884251074
Hypotheses8,56,social,Hypotheses,False,135,4,36,0.1111111111111111,0.000263,False,12.817553520202637,12.452933311462402,10.983837127685549,-8.24335652578651
Hypotheses8,57,psychologists,Hypotheses,False,135,5,36,0.1388888888888889,3.63e-06,False,3.697103261947632,5.155733108520508,2.7547430992126465,-12.526277909687515
Hypotheses8,58,have,Hypotheses,False,135,6,36,0.1666666666666666,0.00513,True,1.8655833005905151,2.7084577083587646,2.636238574981689,-5.272649619799459
Hypotheses8,59,recently,Hypotheses,False,135,7,36,0.1944444444444444,0.000105,False,3.964885473251343,4.911578178405762,4.005230903625488,-9.161550207806751
Hypotheses8,60,developed,Hypotheses,False,135,8,36,0.2222222222222222,8.91e-05,False,2.713862419128418,2.1953580379486084,2.037627696990967,-9.32575122348751
Hypotheses8,61,the,Hypotheses,False,135,9,36,0.25,0.0537,True,2.29768180847168,2.818951368331909,2.820765495300293,-2.9243422774673182
Hypotheses8,62,theory,Hypotheses,False,135,10,36,0.2777777777777778,7.59e-05,False,4.083222389221191,3.767745494842529,3.101790189743042,-9.48609387356269
Hypotheses8,63,that,Hypotheses,False,135,11,36,0.3055555555555556,0.0102,True,1.4334981441497805,1.6652051210403442,1.523045778274536,-4.585367558691911
Hypotheses8,64,gossip,Hypotheses,False,135,12,36,0.3333333333333333,7.59e-06,False,10.750533103942873,12.22657585144043,10.395379066467283,-11.788678966556736
Hypotheses8,65,can,Hypotheses,False,135,13,36,0.3611111111111111,0.00288,True,3.379753351211548,3.1967756748199463,3.0286898612976074,-5.8499649848342825
Hypotheses8,66,be,Hypotheses,False,135,14,36,0.3888888888888889,0.00617,True,1.2452044486999512,0.8452387452125549,0.7656077146530151,-5.088056441064841
Hypotheses8,67,better,Hypotheses,False,135,15,36,0.4166666666666667,0.000575,False,6.593080520629883,6.689677238464356,6.020744323730469,-7.461140517166924
Hypotheses8,68,understood,Hypotheses,False,135,16,36,0.4444444444444444,3.8e-05,False,1.81957483291626,1.2869964838027954,0.9419941902160645,-10.177924398237888
Hypotheses8,69,if,Hypotheses,False,135,17,36,0.4722222222222222,0.00295,True,4.877861976623535,3.680228710174561,3.0769896507263184,-5.825950108630408
Hypotheses8,70,it,Hypotheses,False,135,18,36,0.5,0.00891,True,0.8932698369026184,1.0679442882537842,1.287890076637268,-4.720581037499419
Hypotheses8,71,is,Hypotheses,False,135,19,36,0.5277777777777778,0.0117,True,0.5287903547286987,0.5698291063308716,0.5562196969985962,-4.448166437178426
Hypotheses8,72,thought,Hypotheses,False,135,20,36,0.5555555555555556,0.000389,False,5.7884931564331055,5.672443389892578,5.580905437469482,-7.851931214345828
Hypotheses8,73,of,Hypotheses,False,135,21,36,0.5833333333333334,0.0251,True,1.2717392444610596,1.828080415725708,1.903613805770874,-3.684887432844399
Hypotheses8,74,as,Hypotheses,False,135,22,36,0.6111111111111112,0.00589,True,0.3514156341552734,0.5479754209518433,0.5430113673210144,-5.134499281318642
Hypotheses8,75,a,Hypotheses,False,135,23,36,0.6388888888888888,0.0229,True,0.8521620035171509,0.8772718906402588,0.8714917898178101,-3.776618368421943
Hypotheses8,76,commodity,Hypotheses,False,135,24,36,0.6666666666666666,7.24e-06,False,9.501953125,7.166195869445801,7.111832618713379,-11.83588935156665
Hypotheses8,77,like,Hypotheses,False,135,25,36,0.6944444444444444,0.00257,False,5.5316972732543945,5.008782863616943,5.519041061401367,-5.9638493800750085
Hypotheses8,78,any,Hypotheses,False,135,26,36,0.7222222222222222,0.00117,True,4.950630187988281,5.9864654541015625,6.014368534088135,-6.750751530172472
Hypotheses8,79,commodity,Hypotheses,False,135,27,36,0.75,7.24e-06,False,3.247886180877685,3.3268399238586426,3.877622842788696,-11.83588935156665
Hypotheses8,80,that,Hypotheses,False,135,28,36,0.7777777777777778,0.0102,True,2.9272003173828125,2.7955384254455566,2.945642232894897,-4.585367558691911
Hypotheses8,81,is,Hypotheses,False,135,29,36,0.8055555555555556,0.0117,True,1.676424860954285,1.2028816938400269,1.34513521194458,-4.448166437178426
Hypotheses8,82,traded,Hypotheses,False,135,30,36,0.8333333333333334,1.41e-05,False,5.078010559082031,4.200087547302246,4.602792739868164,-11.169335760580152
Hypotheses8,83,bought,Hypotheses,False,135,31,36,0.8611111111111112,8.13e-05,False,12.934648513793944,12.673242568969728,13.195425987243652,-9.417364541410508
Hypotheses8,84,or,Hypotheses,False,135,32,36,0.8888888888888888,0.00347,True,2.6633667945861816,2.036406278610229,2.0093014240264893,-5.663600685023369
Hypotheses8,85,sold,Hypotheses,False,135,33,36,0.9166666666666666,9.33e-05,False,0.02662412263453,0.3146220743656158,0.302738219499588,-9.279690450110976
Hypotheses8,86,in,Hypotheses,False,135,34,36,0.9444444444444444,0.0186,True,2.785482883453369,2.5560755729675293,2.9095916748046875,-3.9845936982629815
Hypotheses8,87,the,Hypotheses,False,135,35,36,0.9722222222222222,0.0537,True,1.993784546852112,1.4059549570083618,1.467895269393921,-2.9243422774673182
Hypotheses8,88,marketplace,Hypotheses,False,135,36,36,1.0,6.61e-06,False,1.6772761046886444,2.675103574991226,2.281540110707283,-11.926926904100679
Hypotheses8,89,.,Hypotheses,True,135,36,36,1.0,0.0,False,,,,
Hypotheses9,1,A,Hypotheses,False,136,0,36,0.0,0.0229,True,3.940407276153565,4.374178886413574,3.6003739833831787,-3.776618368421943
Hypotheses9,2,specific,Hypotheses,False,136,1,36,0.0277777777777777,0.000107,False,9.351733207702637,9.111641883850098,7.245744705200195,-9.142681723502369
Hypotheses9,3,hypothesis,Hypotheses,False,136,2,36,0.0555555555555555,7.41e-06,False,11.99610424041748,13.489668130874634,8.518635511398315,-11.812680118656278
Hypotheses9,4,",",Hypotheses,True,136,2,36,0.0555555555555555,0.0,False,,,,
Hypotheses9,5,derived,Hypotheses,False,136,3,36,0.0833333333333333,1.95e-05,False,5.513830184936523,8.207109451293945,7.422269344329834,-10.845096092394574
Hypotheses9,6,from,Hypotheses,False,136,4,36,0.1111111111111111,0.00427,True,0.1289256513118744,0.1095199435949325,0.1331911236047744,-5.456141451741604
Hypotheses9,7,the,Hypotheses,False,136,5,36,0.1388888888888889,0.0537,True,1.561787486076355,1.6718076467514038,1.8476719856262207,-2.9243422774673182
Hypotheses9,8,heuristic,Hypotheses,False,136,6,36,0.1666666666666666,5.25e-07,False,11.048006653785706,10.316953241825104,8.462805192917585,-14.459867574354787
Hypotheses9,9,hypothesis,Hypotheses,False,136,7,36,0.1944444444444444,7.41e-06,False,3.0539417266845703,4.167653560638428,0.3858404457569122,-11.812680118656278
Hypotheses9,10,of,Hypotheses,False,136,8,36,0.2222222222222222,0.0251,True,1.5970542430877686,2.0533761978149414,2.0992441177368164,-3.684887432844399
Hypotheses9,11,gossip,Hypotheses,False,136,9,36,0.25,7.59e-06,False,11.932303428649902,12.579752922058104,1.1216530799865725,-11.788678966556736
Hypotheses9,12,as,Hypotheses,False,136,10,36,0.2777777777777778,0.00589,True,5.055689334869385,5.302417755126953,4.597777366638184,-5.134499281318642
Hypotheses9,13,a,Hypotheses,False,136,11,36,0.3055555555555556,0.0229,True,0.787712812423706,1.4053467512130735,0.7593554854393005,-3.776618368421943
Hypotheses9,14,commodity,Hypotheses,False,136,12,36,0.3333333333333333,7.24e-06,False,8.98252010345459,8.433351516723633,0.7454468011856079,-11.83588935156665
Hypotheses9,15,asserts,Hypotheses,False,136,13,36,0.3611111111111111,2.4e-06,False,11.845169067382812,12.26288890838623,12.70220184326172,-12.940041820610373
Hypotheses9,16,that,Hypotheses,False,136,14,36,0.3888888888888889,0.0102,True,0.0914773344993591,0.2349594980478286,0.1719201207160949,-4.585367558691911
Hypotheses9,17,the,Hypotheses,False,136,15,36,0.4166666666666667,0.0537,True,2.289310932159424,1.593398094177246,3.007110595703125,-2.9243422774673182
Hypotheses9,18,',Hypotheses,True,136,15,36,0.4166666666666667,0.0,False,5.2805023193359375,6.34176778793335,4.858374118804932,
Hypotheses9,19,consumption,Hypotheses,False,136,16,36,0.4444444444444444,2.24e-05,False,16.989593505859375,12.875761032104492,6.838972091674805,-10.70644959910328
Hypotheses9,20,',Hypotheses,True,136,16,36,0.4444444444444444,0.0,False,2.7356975078582764,3.514814138412476,2.978700637817383,
Hypotheses9,21,of,Hypotheses,False,136,17,36,0.4722222222222222,0.0251,True,0.3741296231746673,0.7800376415252686,0.3897539675235748,-3.684887432844399
Hypotheses9,22,gossip,Hypotheses,False,136,18,36,0.5,7.59e-06,False,1.6399576663970947,0.3779902160167694,0.0238202940672636,-11.788678966556736
Hypotheses9,23,is,Hypotheses,False,136,19,36,0.5277777777777778,0.0117,True,1.03158700466156,0.9458884596824646,0.8525135517120361,-4.448166437178426
Hypotheses9,24,like,Hypotheses,False,136,20,36,0.5555555555555556,0.00257,False,6.886527061462402,6.592526435852051,6.201615333557129,-5.9638493800750085
Hypotheses9,25,the,Hypotheses,False,136,21,36,0.5833333333333334,0.0537,True,0.9647677540779114,1.4738595485687256,1.7124181985855105,-2.9243422774673182
Hypotheses9,26,consumption,Hypotheses,False,136,22,36,0.6111111111111112,2.24e-05,False,1.0073496103286743,1.19627583026886,1.117513656616211,-10.70644959910328
Hypotheses9,27,of,Hypotheses,False,136,23,36,0.6388888888888888,0.0251,True,0.1006284803152084,1.0291080474853516,0.1400381326675415,-3.684887432844399
Hypotheses9,28,goods,Hypotheses,False,136,24,36,0.6666666666666666,3.98e-05,False,3.6415200233459473,6.51554012298584,6.091232776641846,-10.131643645673883
Hypotheses9,29,and,Hypotheses,False,136,25,36,0.6944444444444444,0.0257,True,1.220712661743164,3.045584201812744,2.2197470664978027,-3.661264287080963
Hypotheses9,30,services,Hypotheses,False,136,26,36,0.7222222222222222,0.000204,False,0.0755057781934738,0.1434779614210128,0.3041360676288605,-8.497390564120058
Hypotheses9,31,in,Hypotheses,False,136,27,36,0.75,0.0186,True,2.53735089302063,2.778313159942627,2.620656013488769,-3.9845936982629815
Hypotheses9,32,societies,Hypotheses,False,136,28,36,0.7777777777777778,1.2e-05,False,7.003349304199219,7.941469192504883,7.709317207336426,-11.330603908176274
Hypotheses9,33,where,Hypotheses,False,136,29,36,0.8055555555555556,0.001,True,1.7090319395065308,2.2135980129241943,2.057460308074951,-6.907755278982137
Hypotheses9,34,needs,Hypotheses,False,136,30,36,0.8333333333333334,0.000234,False,10.838973999023438,11.267823219299316,11.301949501037598,-8.360189442606572
Hypotheses9,35,have,Hypotheses,False,136,31,36,0.8611111111111112,0.00513,True,4.240772724151611,4.133807182312012,3.898723363876343,-5.272649619799459
Hypotheses9,36,been,Hypotheses,False,136,32,36,0.8888888888888888,0.00186,True,1.1144243478775024,0.7280545234680176,0.8701688051223755,-6.287178791257027
Hypotheses9,37,conditioned,Hypotheses,False,136,33,36,0.9166666666666666,4.37e-06,False,8.569795608520508,9.162161827087402,8.96894645690918,-12.340747548856775
Hypotheses9,38,by,Hypotheses,False,136,34,36,0.9444444444444444,0.00457,True,0.8831496834754944,1.4859718084335327,0.9958050847053528,-5.3882420740760235
Hypotheses9,39,competitive,Hypotheses,False,136,35,36,0.9722222222222222,3.72e-05,False,6.712002754211426,8.684326171875,8.315827369689941,-10.199201796685173
Hypotheses9,40,pressures,Hypotheses,False,136,36,36,1.0,8.13e-06,False,3.3796041011810303,3.768293857574463,2.5804885029792786,-11.719949634404555
Hypotheses9,41,.,Hypotheses,True,136,36,36,1.0,0.0,False,,,,
Hypotheses9,42,That,Hypotheses,False,137,0,20,0.0,0.0102,True,5.187726974487305,5.022152900695801,4.834184169769287,-4.585367558691911
Hypotheses9,43,is,Hypotheses,False,137,1,20,0.05,0.0117,True,0.9593125581741332,1.2921016812324524,1.500694900751114,-4.448166437178426
Hypotheses9,44,",",Hypotheses,True,137,1,20,0.05,0.0,False,,,,
Hypotheses9,45,when,Hypotheses,False,137,2,20,0.1,0.00234,True,4.30411434173584,3.349751234054565,3.809027194976807,-6.057604349612527
Hypotheses9,46,news,Hypotheses,False,137,3,20,0.15,0.000275,False,7.44101619720459,5.7853169441223145,5.9342427253723145,-8.198739460297702
Hypotheses9,47,is,Hypotheses,False,137,4,20,0.2,0.0117,True,1.392882227897644,1.9094650745391848,2.2762937545776367,-4.448166437178426
Hypotheses9,48,scarce,Hypotheses,False,137,5,20,0.25,4.07e-06,False,3.928468942642212,4.380674362182617,4.240467071533203,-12.41186755850977
Hypotheses9,49,the,Hypotheses,False,137,6,20,0.3,0.0537,True,4.660365104675293,4.318083763122559,2.643749952316284,-2.9243422774673182
Hypotheses9,50,gossipmonger,Hypotheses,False,137,7,20,0.35,0.0,False,11.843625485897064,12.848767936229706,10.584544837474825,
Hypotheses9,51,should,Hypotheses,False,137,8,20,0.4,0.000977,True,5.509407043457031,5.747064590454102,5.566774368286133,-6.931023905921491
Hypotheses9,52,be,Hypotheses,False,137,9,20,0.45,0.00617,True,1.9941539764404297,1.7800740003585815,2.232853651046753,-5.088056441064841
Hypotheses9,53,able,Hypotheses,False,137,10,20,0.5,0.000269,False,2.3179495334625244,2.59113883972168,2.5401973724365234,-8.220799178362435
Hypotheses9,54,to,Hypotheses,False,137,11,20,0.55,0.0269,True,0.0350142978131771,0.0098135164007544,0.0097062075510621,-3.6156289923743437
Hypotheses9,55,extract,Hypotheses,False,137,12,20,0.6,1.05e-05,False,5.209177970886231,5.501750946044922,6.121779441833496,-11.464135300800796
Hypotheses9,56,a,Hypotheses,False,137,13,20,0.65,0.0229,True,2.376143217086792,2.910820245742798,2.8177971839904785,-3.776618368421943
Hypotheses9,57,higher,Hypotheses,False,137,14,20,0.7,0.000151,False,3.638608932495117,4.261075973510742,4.318605422973633,-8.79823072114935
Hypotheses9,58,',Hypotheses,True,137,14,20,0.7,0.0,False,4.547068595886231,4.509208679199219,5.29974365234375,
Hypotheses9,59,price,Hypotheses,False,137,15,20,0.75,0.00017,False,1.1932106018066406,4.300722122192383,2.6689157485961914,-8.679712120914012
Hypotheses9,60,',Hypotheses,True,137,15,20,0.75,0.0,False,0.5204121470451355,2.407240867614746,3.6744227409362793,
Hypotheses9,61,for,Hypotheses,False,137,16,20,0.8,0.0102,True,2.399718761444092,2.741945743560791,2.308485507965088,-4.585367558691911
Hypotheses9,62,his,Hypotheses,False,137,17,20,0.85,0.00324,True,1.7177934646606443,2.235140323638916,1.7429274320602417,-5.732181949177899
Hypotheses9,63,or,Hypotheses,False,137,18,20,0.9,0.00347,True,2.6437816619873047,3.831889152526856,3.3510353565216064,-5.663600685023369
Hypotheses9,64,her,Hypotheses,False,137,19,20,0.95,0.002,True,0.0036342781968414,0.0073619033209979,0.00745420018211,-6.214608098422191
Hypotheses9,65,tales,Hypotheses,False,137,20,20,1.0,1.26e-05,False,11.206492066383362,9.710400640964508,9.531912803649902,-11.281813744006842
Hypotheses9,66,.,Hypotheses,True,137,20,20,1.0,0.0,False,,,,
Hypotheses9,67,On,Hypotheses,False,138,0,31,0.0,0.00813,True,5.0432233810424805,5.195202827453613,5.039594650268555,-4.812194355422418
Hypotheses9,68,the,Hypotheses,False,138,1,31,0.032258064516129,0.0537,True,0.1973331421613693,0.1552803218364715,0.1804255694150924,-2.9243422774673182
Hypotheses9,69,other,Hypotheses,False,138,2,31,0.064516129032258,0.00145,True,0.1265931576490402,0.2578047215938568,0.4246703088283539,-6.536191722549654
Hypotheses9,70,hand,Hypotheses,False,138,3,31,0.0967741935483871,0.000257,False,0.0057661863975226,0.0182213690131902,0.0302630178630352,-8.266434473069054
Hypotheses9,71,it,Hypotheses,False,138,4,31,0.1290322580645161,0.00891,True,5.5510077476501465,6.4115824699401855,4.572429180145264,-4.720581037499419
Hypotheses9,72,is,Hypotheses,False,138,5,31,0.1612903225806451,0.0117,True,0.5435590744018555,0.4265420436859131,0.3761944472789764,-4.448166437178426
Hypotheses9,73,hypothesized,Hypotheses,False,138,6,31,0.1935483870967742,1.05e-06,False,7.845026016235352,9.45228385925293,9.120942115783691,-13.766720393794841
Hypotheses9,74,that,Hypotheses,False,138,7,31,0.2258064516129032,0.0102,True,0.078822873532772,0.0471857525408268,0.0671504214406013,-4.585367558691911
Hypotheses9,75,a,Hypotheses,False,138,8,31,0.2580645161290322,0.0229,True,3.701997756958008,4.437958240509033,4.884969711303711,-3.776618368421943
Hypotheses9,76,community,Hypotheses,False,138,9,31,0.2903225806451613,0.000219,False,7.575514793395996,8.109001159667969,8.185057640075684,-8.426438828147774
Hypotheses9,77,deprived,Hypotheses,False,138,10,31,0.3225806451612903,4.9e-06,False,9.183667182922363,10.653942108154297,11.233511924743652,-12.226275352847694
Hypotheses9,78,of,Hypotheses,False,138,11,31,0.3548387096774194,0.0251,True,0.0285187978297472,0.0512970685958862,0.0378628335893154,-3.684887432844399
Hypotheses9,79,hard,Hypotheses,False,138,12,31,0.3870967741935484,0.000339,False,8.417179107666016,8.984619140625,7.812030792236328,-7.989510450583824
Hypotheses9,80,news,Hypotheses,False,138,13,31,0.4193548387096774,0.000275,False,5.474293947219849,4.893073081970215,8.095864295959473,-8.198739460297702
Hypotheses9,81,",",Hypotheses,True,138,13,31,0.4193548387096774,0.0,False,,,,
Hypotheses9,82,living,Hypotheses,False,138,14,31,0.4516129032258064,0.0002,False,7.571071147918701,9.11517333984375,8.945207595825195,-8.517193191416238
Hypotheses9,83,on,Hypotheses,False,138,15,31,0.4838709677419355,0.00813,True,2.783527374267578,2.378335952758789,2.3299214839935303,-4.812194355422418
Hypotheses9,84,gossip,Hypotheses,False,138,16,31,0.5161290322580645,7.59e-06,False,3.971307039260864,4.698453426361084,5.588240623474121,-11.788678966556736
Hypotheses9,85,should,Hypotheses,False,138,17,31,0.5483870967741935,0.000977,True,8.466419219970703,6.906430244445801,6.113913059234619,-6.931023905921491
Hypotheses9,86,become,Hypotheses,False,138,18,31,0.5806451612903226,0.000251,False,3.304767370223999,4.971419334411621,4.657459259033203,-8.29005761883249
Hypotheses9,87,increasingly,Hypotheses,False,138,19,31,0.6129032258064516,2.4e-05,False,3.418562412261963,5.031651496887207,5.089298248291016,-10.637456727616328
Hypotheses9,88,skeptical,Hypotheses,False,138,20,31,0.6451612903225806,4.79e-06,False,7.210342884063721,5.709663391113281,5.9150896072387695,-12.24898014654145
Hypotheses9,89,and,Hypotheses,False,138,21,31,0.6774193548387096,0.0257,True,2.1946468353271484,2.4442195892333984,2.6081323623657227,-3.661264287080963
Hypotheses9,90,suspicious,Hypotheses,False,138,22,31,0.7096774193548387,1.23e-05,False,4.9680891036987305,4.895959377288818,5.295875549316406,-11.305911295585902
Hypotheses9,91,of,Hypotheses,False,138,23,31,0.7419354838709677,0.0251,True,0.3968425989151001,0.2857202887535095,0.3048663139343261,-3.684887432844399
Hypotheses9,92,all,Hypotheses,False,138,24,31,0.7741935483870968,0.00331,True,3.782466411590576,5.088181495666504,4.724451065063477,-5.710807089593166
Hypotheses9,93,news,Hypotheses,False,138,25,31,0.8064516129032258,0.000275,False,1.9165210723876955,1.1451151371002195,1.476914644241333,-8.198739460297702
Hypotheses9,94,sources,Hypotheses,False,138,26,31,0.8387096774193549,6.92e-05,False,2.494684934616089,2.1483702659606934,1.504851222038269,-9.57850969534065
Hypotheses9,95,and,Hypotheses,False,138,27,31,0.8709677419354839,0.0257,True,2.246187210083008,2.331153154373169,2.4192795753479004,-3.661264287080963
Hypotheses9,96,extremely,Hypotheses,False,138,28,31,0.9032258064516128,6.17e-05,False,10.699491500854492,9.680253028869627,9.550569534301758,-9.693226627052931
Hypotheses9,97,unbelieving,Hypotheses,False,138,29,31,0.935483870967742,1.66e-07,False,13.835662797093391,12.955828428268433,12.657445341348648,-15.611278048589869
Hypotheses9,98,of,Hypotheses,False,138,30,31,0.967741935483871,0.0251,True,0.9064321517944336,0.4453597068786621,0.4314446747303009,-3.684887432844399
Hypotheses9,99,anything,Hypotheses,False,138,31,31,1.0,0.000355,False,10.132322788238524,10.251714706420898,11.16046905517578,-7.943392768488859
Hypotheses9,100,.,Hypotheses,True,138,31,31,1.0,0.0,False,,,,
Validity0,1,Suppose,Validity,False,139,0,23,0.0,3.63e-05,False,11.06008505821228,8.091585263609886,8.091585263609886,-10.223692816693468
Validity0,2,that,Validity,False,139,1,23,0.0434782608695652,0.0102,True,1.979816198348999,9.742795944213867,9.742795944213867,-4.585367558691911
Validity0,3,we,Validity,False,139,2,23,0.0869565217391304,0.00347,True,2.569777488708496,5.866298198699951,5.866298198699951,-5.663600685023369
Validity0,4,have,Validity,False,139,3,23,0.1304347826086956,0.00513,True,2.437948226928711,2.587702751159668,2.587702751159668,-5.272649619799459
Validity0,5,strong,Validity,False,139,4,23,0.1739130434782608,0.000166,False,9.488798141479492,7.967818260192871,7.967818260192871,-8.703522769607732
Validity0,6,evidence,Validity,False,139,5,23,0.217391304347826,0.000138,False,3.055492162704468,2.8014636039733887,2.8014636039733887,-8.88825687280707
Validity0,7,(a),Validity,False,139,6,23,0.2608695652173913,0.0229,False,10.14641374349594,12.054542779922484,12.054542779922484,-3.776618368421943
Validity0,8,that,Validity,False,139,7,23,0.3043478260869565,0.0102,True,0.1038073226809501,0.3516206443309784,0.3516206443309784,-4.585367558691911
Validity0,9,there,Validity,False,139,8,23,0.3478260869565217,0.00204,True,3.268623352050781,3.678103446960449,3.678102493286133,-6.194805471126012
Validity0,10,is,Validity,False,139,9,23,0.391304347826087,0.0117,True,0.5845579504966736,0.602141261100769,0.6021416783332825,-4.448166437178426
Validity0,11,a,Validity,False,139,10,23,0.4347826086956521,0.0229,True,1.1249995231628418,0.885450541973114,0.8854511380195618,-3.776618368421943
Validity0,12,relationship,Validity,False,139,11,23,0.4782608695652174,0.000141,False,4.027947425842285,4.644169807434082,4.644169807434082,-8.866750667586105
Validity0,13,between,Validity,False,139,12,23,0.5217391304347826,0.000589,True,0.0343182310461998,0.1197518110275268,0.1197521314024925,-7.437084374312687
Validity0,14,two,Validity,False,139,13,23,0.5652173913043478,0.00126,False,6.830742835998535,4.707117080688477,4.707118034362793,-6.676643558018751
Validity0,15,variables,Validity,False,139,14,23,0.6086956521739131,9.33e-06,False,4.7602468729019165,7.050051927566528,7.050051689147949,-11.582275543105021
Validity0,16,",",Validity,True,139,14,23,0.6086956521739131,0.0,False,,,,
Validity0,17,and,Validity,False,139,15,23,0.6521739130434783,0.0257,True,1.984296798706055,2.19957971572876,2.1995794773101807,-3.661264287080963
Validity0,18,(b),Validity,False,139,16,23,0.6956521739130435,0.000224,False,0.3997459483798593,0.992402812000364,0.992402111645788,-8.403864506109235
Validity0,19,that,Validity,False,139,17,23,0.7391304347826086,0.0102,True,0.1134499162435531,0.2116867303848266,0.211686909198761,-4.585367558691911
Validity0,20,it,Validity,False,139,18,23,0.782608695652174,0.00891,True,4.159777641296387,3.450221538543701,3.450221538543701,-4.720581037499419
Validity0,21,is,Validity,False,139,19,23,0.8260869565217391,0.0117,True,0.4927719235420227,0.6535452008247375,0.6535462141036987,-4.448166437178426
Validity0,22,a,Validity,False,139,20,23,0.8695652173913043,0.0229,True,2.919529914855957,2.4737565517425537,2.4737541675567627,-3.776618368421943
Validity0,23,plausibly,Validity,False,139,21,23,0.9130434782608696,4.17e-07,False,10.56643444299698,11.527208089828491,11.527207612991331,-14.69017961514761
Validity0,24,causal,Validity,False,139,22,23,0.9565217391304348,2.14e-06,False,4.167550563812256,4.487546920776367,4.487548351287842,-13.054704728930513
Validity0,25,relationship,Validity,False,139,23,23,1.0,0.000141,False,1.156423807144165,1.690917581319809,1.6909136474132538,-8.866750667586105
Validity0,26,.,Validity,True,139,23,23,1.0,0.0,False,,,,
Validity0,27,The,Validity,False,140,0,49,0.0,0.0537,True,3.0214641094207764,3.767587661743164,3.767588138580322,-2.9243422774673182
Validity0,28,next,Validity,False,140,1,49,0.0204081632653061,0.000501,False,6.482944011688232,6.465306282043457,6.465307235717773,-7.598904456879409
Validity0,29,question,Validity,False,140,2,49,0.0408163265306122,0.000224,False,1.168230414390564,1.5157538652420044,1.515753984451294,-8.403864506109235
Validity0,30,to,Validity,False,140,3,49,0.0612244897959183,0.0269,True,3.937757015228272,4.1831583976745605,4.1831560134887695,-3.6156289923743437
Validity0,31,ask,Validity,False,140,4,49,0.0816326530612244,0.000219,False,0.8090820908546448,0.1303011178970337,0.1303014308214187,-8.426438828147774
Validity0,32,is,Validity,False,140,5,49,0.1020408163265306,0.0117,True,1.8370713591575625,1.8624844551086424,1.8624829649925232,-4.448166437178426
Validity0,33,:,Validity,True,140,5,49,0.1020408163265306,0.0,False,,,,
Validity0,34,Given,Validity,False,140,6,49,0.1224489795918367,0.000257,False,5.846691131591797,7.646834373474121,7.646833419799805,-8.266434473069054
Validity0,35,the,Validity,False,140,7,49,0.1428571428571428,0.0537,True,1.6882810592651367,1.70646870136261,1.7064683437347412,-2.9243422774673182
Validity0,36,plausibly,Validity,False,140,8,49,0.1632653061224489,4.17e-07,False,9.040871143341064,8.237695455551147,8.237701892852783,-14.69017961514761
Validity0,37,causal,Validity,False,140,9,49,0.1836734693877551,2.14e-06,False,0.0616661645472049,0.1967347264289856,0.1967348307371139,-13.054704728930513
Validity0,38,relationship,Validity,False,140,10,49,0.2040816326530612,0.000141,False,0.3356973230838775,0.2719485163688659,0.2719478011131286,-8.866750667586105
Validity0,39,between,Validity,False,140,11,49,0.2244897959183673,0.000589,True,0.9669902324676514,0.8410646319389343,0.8410639762878418,-7.437084374312687
Validity0,40,X,Validity,False,140,12,49,0.2448979591836734,0.000158,False,6.574409484863281,8.605118751525879,8.605120658874512,-8.752915524937308
Validity0,41,and,Validity,False,140,13,49,0.2653061224489796,0.0257,True,0.2977920174598694,0.5091192722320557,0.5091179013252258,-3.661264287080963
Validity0,42,Y,Validity,False,140,14,49,0.2857142857142857,0.000107,True,0.1986539661884308,0.2218839973211288,0.2218839973211288,-9.142681723502369
Validity0,43,what,Validity,False,140,15,49,0.3061224489795918,0.0024,True,9.828288078308104,8.329314231872559,8.329310417175293,-6.032286541628237
Validity0,44,are,Validity,False,140,16,49,0.3265306122448979,0.0055,True,2.6684389114379883,2.110537528991699,2.110537528991699,-5.2030071867437115
Validity0,45,the,Validity,False,140,17,49,0.3469387755102041,0.0537,True,0.3043681383132934,0.3088135421276092,0.3088131844997406,-2.9243422774673182
Validity0,46,cause,Validity,False,140,18,49,0.3673469387755102,0.000224,False,8.735816955566406,7.233291625976562,7.233292579650879,-8.403864506109235
Validity0,47,and,Validity,False,140,19,49,0.3877551020408163,0.0257,True,1.7625975608825684,0.5860370397567749,0.5860377550125122,-3.661264287080963
Validity0,48,effect,Validity,False,140,20,49,0.4081632653061224,0.000105,False,0.2803794741630554,0.1889784932136535,0.1889782845973968,-9.161550207806751
Validity0,49,constructs,Validity,False,140,21,49,0.4285714285714285,1.86e-06,False,8.680532455444336,10.400487899780272,10.400483131408691,-13.194934070239164
Validity0,50,(,Validity,True,140,21,49,0.4285714285714285,0.0,False,4.123348712921143,2.696427345275879,2.6964263916015625,
Validity0,51,intervening,Validity,False,140,22,49,0.4489795918367347,2.14e-06,False,18.16111946105957,13.27924633026123,13.279247283935549,-13.054704728930513
Validity0,52,variables,Validity,False,140,23,49,0.4693877551020408,9.33e-06,False,1.709107756614685,0.8928365707397461,0.8928369879722595,-11.582275543105021
Validity0,53,),Validity,True,140,23,49,0.4693877551020408,0.0,False,1.33504056930542,4.270380020141602,4.270381450653076,
Validity0,54,involved,Validity,False,140,24,49,0.4897959183673469,0.000126,False,5.660561561584473,5.905693531036377,5.905693054199219,-8.979228651012797
Validity0,55,in,Validity,False,140,25,49,0.5102040816326531,0.0186,True,0.3284855782985687,0.3768208622932434,0.3768206834793091,-3.9845936982629815
Validity0,56,the,Validity,False,140,26,49,0.5306122448979592,0.0537,True,1.4075376987457275,1.1171197891235352,1.1171215772628784,-2.9243422774673182
Validity0,57,relationship,Validity,False,140,27,49,0.5510204081632653,0.000141,False,2.91076397895813,2.0083470344543457,2.008345127105713,-8.866750667586105
Validity0,58,This,Validity,False,140,28,49,0.5714285714285714,0.00661,True,13.323235511779783,14.568312644958496,14.568315505981444,-5.019171625118542
Validity0,59,leads,Validity,False,140,29,49,0.5918367346938775,4.47e-05,False,5.943635940551758,4.123849391937256,4.123850345611572,-10.015537056344751
Validity0,60,to,Validity,False,140,30,49,0.6122448979591837,0.0269,True,0.5450750589370728,0.3403191864490509,0.3403198719024658,-3.6156289923743437
Validity0,61,a,Validity,False,140,31,49,0.6326530612244898,0.0229,True,1.620602250099182,1.2674189805984497,1.2674188613891602,-3.776618368421943
Validity0,62,type,Validity,False,140,32,49,0.6530612244897959,0.000186,False,6.35637092590332,7.529094696044922,7.529093742370605,-8.589763884251074
Validity0,63,of,Validity,False,140,33,49,0.673469387755102,0.0251,True,0.0634033530950546,0.2644856572151184,0.2644854485988617,-3.684887432844399
Validity0,64,validity,Validity,False,140,34,49,0.6938775510204082,5.01e-06,False,9.459430694580078,8.069221496582031,8.069223403930664,-12.2040746428675
Validity0,65,which,Validity,False,140,35,49,0.7142857142857143,0.002,True,5.972507476806641,4.49576473236084,4.495766639709473,-6.214608098422191
Validity0,66,is,Validity,False,140,36,49,0.7346938775510204,0.0117,True,1.2297546863555908,1.1171716451644895,1.117171049118042,-4.448166437178426
Validity0,67,concerned,Validity,False,140,37,49,0.7551020408163265,5.62e-05,False,7.544704437255859,7.83705997467041,7.837058067321777,-9.78659380106463
Validity0,68,with,Validity,False,140,38,49,0.7755102040816326,0.00708,True,0.1231419667601585,0.2264657765626907,0.226465493440628,-4.950481371276509
Validity0,69,the,Validity,False,140,39,49,0.7959183673469388,0.0537,True,1.280121088027954,0.7980571389198303,0.7980567216873169,-2.9243422774673182
Validity0,70,psychological,Validity,False,140,40,49,0.8163265306122449,1.86e-05,False,7.720110893249512,7.976537704467773,7.976537704467773,-10.892348977245119
Validity0,71,qualities,Validity,False,140,41,49,0.8367346938775511,1.15e-05,False,6.361019134521484,6.753549575805664,6.753548622131348,-11.37316352259507
Validity0,72,contributing,Validity,False,140,42,49,0.8571428571428571,1.2e-05,False,11.913623809814451,10.40132999420166,10.401331901550291,-11.330603908176274
Validity0,73,to,Validity,False,140,43,49,0.8775510204081632,0.0269,True,0.0466871000826358,0.0809950083494186,0.0809946805238723,-3.6156289923743437
Validity0,74,the,Validity,False,140,44,49,0.8979591836734694,0.0537,True,0.6677173972129822,0.7623034715652466,0.7623024582862854,-2.9243422774673182
Validity0,75,relationship,Validity,False,140,45,49,0.9183673469387756,0.000141,False,1.568896770477295,1.0330140590667725,1.0330145359039309,-8.866750667586105
Validity0,76,between,Validity,False,140,46,49,0.9387755102040816,0.000589,True,1.3599371910095217,1.077717900276184,1.077717900276184,-7.437084374312687
Validity0,77,X,Validity,False,140,47,49,0.9591836734693876,0.000158,False,0.8529494404792786,1.2192224264144895,1.2192203998565674,-8.752915524937308
Validity0,78,and,Validity,False,140,48,49,0.979591836734694,0.0257,True,0.0273095574229955,0.0439040176570415,0.0439037904143333,-3.661264287080963
Validity0,79,Y,Validity,False,140,49,49,1.0,0.000107,True,0.4690612070262432,0.8764950959011912,0.8764941422268748,-9.142681723502369
Validity0,80,.,Validity,True,140,49,49,1.0,0.0,False,,,,
Validity0,81,This,Validity,False,141,0,5,0.0,0.00661,True,2.7033851146698,2.9719104766845703,2.971912384033203,-5.019171625118542
Validity0,82,is,Validity,False,141,1,5,0.2,0.0117,True,1.4089787006378174,1.1698769330978394,1.169877052307129,-4.448166437178426
Validity0,83,known,Validity,False,141,2,5,0.4,0.000245,False,4.077821731567383,4.851775646209717,4.851777076721191,-8.314252347419547
Validity0,84,as,Validity,False,141,3,5,0.6,0.00589,True,0.0726462304592132,0.1216539144515991,0.1216538101434707,-5.134499281318642
Validity0,85,construct,Validity,False,141,4,5,0.8,9.55e-06,False,7.73892879486084,7.331066131591797,7.33106517791748,-11.558969403471636
Validity0,86,validity,Validity,False,141,5,5,1.0,5.01e-06,False,0.8195721376687288,3.0971782207489014,3.097173750400543,-12.2040746428675
Validity0,87,.,Validity,True,141,5,5,1.0,0.0,False,,,,
Validity0,88,Some,Validity,False,142,0,11,0.0,0.00158,True,5.513198852539063,6.053338050842285,6.053337574005127,-6.450330431943262
Validity0,89,researchers,Validity,False,142,1,11,0.0909090909090909,2.45e-05,False,3.533422946929932,5.330103874206543,5.330101490020752,-10.616837440413592
Validity0,90,have,Validity,False,142,2,11,0.1818181818181818,0.00513,True,0.712733805179596,0.989186465740204,0.9891875386238098,-5.272649619799459
Validity0,91,attempted,Validity,False,142,3,11,0.2727272727272727,2.63e-05,False,3.4304988384246826,3.4054388999938965,3.405438184738159,-10.545941618780555
Validity0,92,to,Validity,False,142,4,11,0.3636363636363636,0.0269,True,0.0441198498010635,0.021188449114561,0.0211883317679166,-3.6156289923743437
Validity0,93,formalize,Validity,False,142,5,11,0.4545454545454545,2.95e-07,False,7.107156381011009,9.140910036861897,9.1409105733037,-15.036290480606592
Validity0,94,this,Validity,False,142,6,11,0.5454545454545454,0.00661,True,0.656742513179779,0.8438085317611694,0.8438079357147217,-5.019171625118542
Validity0,95,process,Validity,False,142,7,11,0.6363636363636364,0.000182,False,4.807804584503174,4.994477272033691,4.994476318359375,-8.611503870887478
Validity0,96,on,Validity,False,142,8,11,0.7272727272727273,0.00813,True,5.723891735076904,6.013075828552246,6.0130767822265625,-4.812194355422418
Validity0,97,a,Validity,False,142,9,11,0.8181818181818182,0.0229,True,1.6594901084899902,2.07875394821167,2.078753471374512,-3.776618368421943
Validity0,98,statistical,Validity,False,142,10,11,0.9090909090909092,1.38e-05,False,5.556790351867676,5.780970096588135,5.780970096588135,-11.190841965801114
Validity0,99,basis,Validity,False,142,11,11,1.0,6.46e-05,False,2.3681477904319763,1.9537972807884216,1.9537952542304995,-9.647296147175718
Validity0,100,.,Validity,True,142,11,11,1.0,0.0,False,,,,
Validity0,101,They,Validity,False,143,0,42,0.0,0.00316,True,3.422002077102661,3.090515613555908,3.090515613555908,-5.757183251383316
Validity0,102,argue,Validity,False,143,1,42,0.0238095238095238,2.88e-05,False,3.4785964488983154,4.211326122283936,4.211326122283936,-10.455135170822373
Validity0,103,that,Validity,False,143,2,42,0.0476190476190476,0.0102,True,0.0694837197661399,0.0646430626511573,0.0646429508924484,-4.585367558691911
Validity0,104,assessing,Validity,False,143,3,42,0.0714285714285714,5.5e-06,False,8.738561630249023,9.316569328308104,9.316569328308104,-12.110762465725848
Validity0,105,construct,Validity,False,143,4,42,0.0952380952380952,9.55e-06,False,2.503030776977539,4.414856433868408,4.414855003356934,-11.558969403471636
Validity0,106,validity,Validity,False,143,5,42,0.119047619047619,5.01e-06,False,0.0053900391794741,0.0029185104649513,0.0029185104649513,-12.2040746428675
Validity0,107,ideally,Validity,False,143,6,42,0.1428571428571428,5.62e-06,False,12.969204902648926,12.67364501953125,12.67364501953125,-12.089178894058675
Validity0,108,depends,Validity,False,143,7,42,0.1666666666666666,3.39e-05,False,3.933154582977295,3.857842445373535,3.857842206954956,-10.29209554357787
Validity0,109,on,Validity,False,143,8,42,0.1904761904761904,0.00813,True,0.1713654696941375,0.1969341784715652,0.1969338804483413,-4.812194355422418
Validity0,110,two,Validity,False,143,9,42,0.2142857142857142,0.00126,False,3.921464920043945,3.6558470726013184,3.6558470726013184,-6.676643558018751
Validity0,111,processes,Validity,False,143,10,42,0.238095238095238,2.88e-05,False,6.104991674423218,8.233374118804932,8.233373045921326,-10.455135170822373
Validity0,112,:,Validity,True,143,10,42,0.238095238095238,0.0,False,,,,
Validity0,113,(a),Validity,False,143,11,42,0.2619047619047619,0.0229,False,2.8203465682454407,2.749603751581162,2.7496033939532936,-3.776618368421943
Validity0,114,the,Validity,False,143,12,42,0.2857142857142857,0.0537,True,1.351447343826294,1.089208722114563,1.0892071723937988,-2.9243422774673182
Validity0,115,testing,Validity,False,143,13,42,0.3095238095238095,4.68e-05,False,8.129435539245605,6.8016357421875,6.801635265350342,-9.969627355040673
Validity0,116,for,Validity,False,143,14,42,0.3333333333333333,0.0102,True,6.407299041748047,5.6927008628845215,5.692705154418945,-4.585367558691911
Validity0,117,a,Validity,False,143,15,42,0.3571428571428571,0.0229,True,3.291800022125244,3.1814627647399902,3.181467056274414,-3.776618368421943
Validity0,118,',Validity,True,143,15,42,0.3571428571428571,0.0,False,5.461735725402832,7.250321865081787,7.250323295593262,
Validity0,119,convergence,Validity,False,143,16,42,0.3809523809523809,2.88e-06,False,15.247353553771973,13.15886688232422,13.15886688232422,-12.75772026381642
Validity0,120,',Validity,True,143,16,42,0.3809523809523809,0.0,False,2.6366772651672363,3.1856610774993896,3.185661792755127,
Validity0,121,across,Validity,False,143,17,42,0.4047619047619047,0.000178,False,6.955233573913574,6.743411064147949,6.743408203125,-8.633727007672189
Validity0,122,different,Validity,False,143,18,42,0.4285714285714285,0.000389,False,3.1626176834106445,3.533200740814209,3.533200263977051,-7.851931214345828
Validity0,123,measures,Validity,False,143,19,42,0.4523809523809524,4.68e-05,False,4.018872261047363,6.325838088989258,6.325840950012207,-9.969627355040673
Validity0,124,or,Validity,False,143,20,42,0.4761904761904761,0.00347,True,5.383549690246582,4.519441604614258,4.519442558288574,-5.663600685023369
Validity0,125,manipulations,Validity,False,143,21,42,0.5,6.76e-07,False,8.736009243875742,9.116385854780674,9.116387657821178,-14.207072760903447
Validity0,126,of,Validity,False,143,22,42,0.5238095238095238,0.0251,True,1.1344549655914309,2.681972980499268,2.6819722652435303,-3.684887432844399
Validity0,127,the,Validity,False,143,23,42,0.5476190476190477,0.0537,True,1.4520796537399292,1.3851337432861328,1.3851318359375,-2.9243422774673182
Validity0,128,same,Validity,False,143,24,42,0.5714285714285714,0.000631,True,1.9034819602966309,2.255077838897705,2.2550783157348637,-7.368204695423061
Validity0,129,behavior,Validity,False,143,25,42,0.5952380952380952,4.9e-05,False,7.49729585647583,6.609582901000977,6.60958194732666,-9.923690259853647
Validity0,130,and,Validity,False,143,26,42,0.6190476190476191,0.0257,True,2.8833470344543457,2.970086574554444,2.970086574554444,-3.661264287080963
Validity0,131,(b),Validity,False,143,27,42,0.6428571428571429,0.000224,False,0.4791827384615317,0.6556277339113876,0.655627912725322,-8.403864506109235
Validity0,132,the,Validity,False,143,28,42,0.6666666666666666,0.0537,True,0.4227253198623657,0.2649321854114532,0.2649320960044861,-2.9243422774673182
Validity0,133,testing,Validity,False,143,29,42,0.6904761904761905,4.68e-05,False,2.8517370223999023,1.7364239692687988,1.736422419548035,-9.969627355040673
Validity0,134,for,Validity,False,143,30,42,0.7142857142857143,0.0102,True,0.6021865606307983,0.3788408637046814,0.378839910030365,-4.585367558691911
Validity0,135,a,Validity,False,143,31,42,0.7380952380952381,0.0229,True,0.9206149578094482,0.6653851270675659,0.665385901927948,-3.776618368421943
Validity0,136,',Validity,True,143,31,42,0.7380952380952381,0.0,False,0.3757170736789703,0.2434340119361877,0.2434335350990295,
Validity0,137,divergence,Validity,False,143,32,42,0.7619047619047619,1.48e-06,False,4.930326461791992,5.985556125640869,5.985555171966553,-13.42346847018825
Validity0,138,',Validity,True,143,32,42,0.7619047619047619,0.0,False,0.275439977645874,0.1996340304613113,0.1996333450078964,
Validity0,139,between,Validity,False,143,33,42,0.7857142857142857,0.000589,True,3.624827146530152,2.9854562282562256,2.985459089279175,-7.437084374312687
Validity0,140,measures,Validity,False,143,34,42,0.8095238095238095,4.68e-05,False,2.151995897293091,3.5169482231140137,3.516951322555542,-9.969627355040673
Validity0,141,or,Validity,False,143,35,42,0.8333333333333334,0.00347,True,1.6353719234466553,1.0033434629440308,1.0033435821533203,-5.663600685023369
Validity0,142,manipulations,Validity,False,143,36,42,0.8571428571428571,6.76e-07,False,0.1984182186424732,0.0489133668597787,0.048913482343778,-14.207072760903447
Validity0,143,of,Validity,False,143,37,42,0.8809523809523809,0.0251,True,0.8389430642127991,0.3545127809047699,0.3545124530792236,-3.684887432844399
Validity0,144,related,Validity,False,143,38,42,0.9047619047619048,0.000126,False,7.669607639312744,9.236474990844728,9.236473083496094,-8.979228651012797
Validity0,145,but,Validity,False,143,39,42,0.9285714285714286,0.00427,True,7.380796909332275,8.673945426940918,8.67394733428955,-5.456141451741604
Validity0,146,conceptually,Validity,False,143,40,42,0.9523809523809524,8.32e-07,False,11.763539211126044,13.966784060001372,13.966783553361893,-13.999433396125202
Validity0,147,distinct,Validity,False,143,41,42,0.9761904761904762,1.95e-05,False,2.01550817489624,3.004615545272827,3.0046167373657227,-10.845096092394574
Validity0,148,behaviors,Validity,False,143,42,42,1.0,7.76e-06,False,2.0949907302856445,2.079191029071808,2.079189717769623,-11.766528223769146
Validity0,149,.,Validity,True,143,42,42,1.0,0.0,False,,,,
Validity0,151,the,Validity,False,144,0,0,,0.0537,True,21.106091499328613,20.205278396606445,20.20527935028076,-2.9243422774673182
Validity0,152,?,Validity,True,144,0,0,,0.0,False,,,,
Validity1,1,Suppose,Validity,False,145,0,23,0.0,3.63e-05,False,11.06008505821228,8.091585263609886,8.952131271362305,-10.223692816693468
Validity1,2,we,Validity,False,145,1,23,0.0434782608695652,0.00347,True,2.1517674922943115,10.6683988571167,2.4140114784240723,-5.663600685023369
Validity1,3,were,Validity,False,145,2,23,0.0869565217391304,0.00219,True,2.371281147003174,3.885741233825684,4.380729675292969,-6.123853735153728
Validity1,4,developing,Validity,False,145,3,23,0.1304347826086956,4.57e-05,False,7.669885635375977,8.824925422668457,8.220495223999023,-9.993412260064115
Validity1,5,a,Validity,False,145,4,23,0.1739130434782608,0.0229,True,0.6929010152816772,0.8380410075187683,0.4607830345630646,-3.776618368421943
Validity1,6,new,Validity,False,145,5,23,0.217391304347826,0.00178,False,2.80362606048584,2.3514063358306885,3.6064534187316895,-6.331141914678144
Validity1,7,test,Validity,False,145,6,23,0.2608695652173913,0.000155,False,7.445610046386719,7.232500553131103,3.24734115600586,-8.772085441045027
Validity1,8,of,Validity,False,145,7,23,0.3043478260869565,0.0251,True,3.1975951194763184,5.858631134033203,3.586256980895996,-3.684887432844399
Validity1,9,sensitivity,Validity,False,145,8,23,0.3478260869565217,8.91e-06,False,8.052776336669922,8.55940055847168,9.255887031555176,-11.628336316481557
Validity1,10,to,Validity,False,145,9,23,0.391304347826087,0.0269,True,1.0215295553207395,2.549809455871582,1.4937974214553833,-3.6156289923743437
Validity1,11,nonverbal,Validity,False,145,10,23,0.4347826086956521,4.57e-07,False,9.93225908279419,11.928443908691406,8.652813911437988,-14.598582446052207
Validity1,12,cues,Validity,False,145,11,23,0.4782608695652174,3.39e-06,False,0.5477139353752136,1.0683377981185913,0.8863896131515503,-12.594680636571915
Validity1,13,that,Validity,False,145,12,23,0.5217391304347826,0.0102,True,3.2445101737976074,3.222593307495117,3.78239107131958,-4.585367558691911
Validity1,14,assessed,Validity,False,145,13,23,0.5652173913043478,7.94e-06,False,6.955873012542725,10.195080757141112,7.899776458740234,-11.74359728270523
Validity1,15,people's,Validity,False,145,14,23,0.6086956521739131,4.79e-05,False,6.327509313821793,6.4131598472595215,7.644211947917938,-9.946395053547404
Validity1,18,ability,Validity,False,145,15,23,0.6521739130434783,9.12e-05,False,2.5116958618164062,2.1876461505889893,2.7601606845855717,-9.302455660883988
Validity1,19,to,Validity,False,145,16,23,0.6956521739130435,0.0269,True,0.0388776622712612,0.0261752679944038,0.0341131761670112,-3.6156289923743437
Validity1,20,read,Validity,False,145,17,23,0.7391304347826086,0.000347,False,3.480292558670044,4.6126389503479,4.938924789428711,-7.966185778017415
Validity1,21,other,Validity,False,145,18,23,0.782608695652174,0.00145,True,4.508563041687012,5.1468658447265625,5.102271556854248,-6.536191722549654
Validity1,22,people's,Validity,False,145,19,23,0.8260869565217391,4.79e-05,False,0.7056367285549641,0.5651785433292389,0.7811339795589447,-9.946395053547404
Validity1,25,emotions,Validity,False,145,20,23,0.8695652173913043,2.34e-05,False,2.882896423339844,3.523035049438477,3.696469306945801,-10.662774535600619
Validity1,26,from,Validity,False,145,21,23,0.9130434782608696,0.00427,True,5.867201805114746,5.966196060180664,4.899283409118652,-5.456141451741604
Validity1,27,still,Validity,False,145,22,23,0.9565217391304348,0.000832,False,9.784661293029783,10.62940502166748,11.114952087402344,-7.091678117143066
Validity1,28,photographs,Validity,False,145,23,23,1.0,2.19e-05,False,3.678177058696747,3.9325494170188895,3.9548051357269287,-10.729023921141819
Validity1,29,.,Validity,True,145,23,23,1.0,0.0,False,,,,
Validity1,30,We,Validity,False,146,0,14,0.0,0.00347,True,2.0343518257141118,1.9793645143508911,1.8569912910461424,-5.663600685023369
Validity1,31,would,Validity,False,146,1,14,0.0714285714285714,0.00186,False,1.405727505683899,5.302163124084473,1.7403324842453003,-6.287178791257027
Validity1,32,want,Validity,False,146,2,14,0.1428571428571428,0.0011,False,3.166175127029419,5.227135181427002,4.705101013183594,-6.812445099177812
Validity1,33,that,Validity,False,146,3,14,0.2142857142857142,0.0102,True,4.859521865844727,5.657459735870361,6.4963555335998535,-4.585367558691911
Validity1,34,test,Validity,False,146,4,14,0.2857142857142857,0.000155,False,1.2631181478500366,2.133975028991699,1.1100791692733765,-8.772085441045027
Validity1,35,to,Validity,False,146,5,14,0.3571428571428571,0.0269,True,0.1580767333507537,0.1273728311061859,0.1500891596078872,-3.6156289923743437
Validity1,36,correlate,Validity,False,146,6,14,0.4285714285714285,1.58e-06,False,5.8757100105285645,5.167819976806641,4.744573593139648,-13.3580857109254
Validity1,37,with,Validity,False,146,7,14,0.5,0.00708,True,0.6713916659355164,0.6436373591423035,0.6987383961677551,-4.950481371276509
Validity1,38,other,Validity,False,146,8,14,0.5714285714285714,0.00145,True,3.675103187561035,3.868130207061768,4.07050895690918,-6.536191722549654
Validity1,39,tests,Validity,False,146,9,14,0.6428571428571429,4.68e-05,False,1.814141631126404,3.704427719116211,3.277007579803467,-9.969627355040673
Validity1,40,of,Validity,False,146,10,14,0.7142857142857143,0.0251,True,0.7528989911079407,0.6828508973121643,0.7958061099052429,-3.684887432844399
Validity1,41,sensitivity,Validity,False,146,11,14,0.7857142857142857,8.91e-06,False,1.6803878545761108,1.0913364887237549,1.144458889961243,-11.628336316481557
Validity1,42,to,Validity,False,146,12,14,0.8571428571428571,0.0269,True,2.010101318359375,0.4736133217811584,0.8467047214508057,-3.6156289923743437
Validity1,43,nonverbal,Validity,False,146,13,14,0.9285714285714286,4.57e-07,False,2.1663744335528463,1.779361467808485,1.205711031332612,-14.598582446052207
Validity1,44,cues,Validity,False,146,14,14,1.0,3.39e-06,False,1.6323777437210083,1.0575121957808733,0.8611677531152964,-12.594680636571915
Validity1,45,.,Validity,True,146,14,14,1.0,0.0,False,,,,
Validity1,46,If,Validity,False,147,0,9,0.0,0.00295,True,3.4125211238861084,3.740877628326416,3.1744391918182373,-5.825950108630408
Validity1,47,it,Validity,False,147,1,9,0.1111111111111111,0.00891,True,3.781873464584351,2.5827293395996094,3.240241765975952,-4.720581037499419
Validity1,48,did,Validity,False,147,2,9,0.2222222222222222,0.000912,True,0.9472501277923584,1.733700156211853,2.248683452606201,-6.999870567889943
Validity1,49,correlate,Validity,False,147,3,9,0.3333333333333333,1.58e-06,False,3.975855588912964,5.627848148345947,4.632961273193359,-13.3580857109254
Validity1,50,we,Validity,False,147,4,9,0.4444444444444444,0.00347,True,5.917549133300781,3.7827537059783936,3.09304141998291,-5.663600685023369
Validity1,51,would,Validity,False,147,5,9,0.5555555555555556,0.00186,False,0.5490424036979675,0.5434800982475281,0.3101962804794311,-6.287178791257027
Validity1,52,have,Validity,False,147,6,9,0.6666666666666666,0.00513,True,2.6490273475646973,2.1423680782318115,2.5280723571777344,-5.272649619799459
Validity1,53,achieved,Validity,False,147,7,9,0.7777777777777778,3.09e-05,False,6.234188079833984,6.88292407989502,6.580623149871826,-10.384754374060574
Validity1,54,convergent,Validity,False,147,8,9,0.8888888888888888,6.31e-07,False,9.448957294225693,13.084172293543816,8.851960122585297,-14.275959974405199
Validity1,55,validity,Validity,False,147,9,9,1.0,5.01e-06,False,4.072516918182373,8.506443977355957,4.584743499755859,-12.2040746428675
Validity1,56,.,Validity,True,147,9,9,1.0,0.0,False,,,,
Validity1,57,However,Validity,False,148,0,16,0.0,0.00038,False,2.989096641540528,3.4379630088806152,2.3641672134399414,-7.875339305243843
Validity1,58,we,Validity,False,148,1,16,0.0625,0.00347,True,4.55522346496582,3.705600500106812,3.480095624923706,-5.663600685023369
Validity1,59,would,Validity,False,148,2,16,0.125,0.00186,False,1.950448036193848,3.054255962371826,1.7958248853683472,-6.287178791257027
Validity1,60,not,Validity,False,148,3,16,0.1875,0.0049,True,1.158969521522522,1.6228537559509275,1.7641034126281738,-5.318520073865556
Validity1,61,want,Validity,False,148,4,16,0.25,0.0011,False,2.550344467163086,4.243149757385254,1.9948856830596924,-6.812445099177812
Validity1,62,our,Validity,False,148,5,16,0.3125,0.00138,True,3.298262119293213,3.4700939655303955,3.6428701877594,-6.5856717798130235
Validity1,63,new,Validity,False,148,6,16,0.375,0.00178,False,4.6727166175842285,4.084122657775879,3.7261266708374015,-6.331141914678144
Validity1,64,test,Validity,False,148,7,16,0.4375,0.000155,False,0.2704727053642273,0.1479105353355407,0.0569884479045867,-8.772085441045027
Validity1,65,to,Validity,False,148,8,16,0.5,0.0269,True,0.1693345159292221,0.1235630512237548,0.2596682012081146,-3.6156289923743437
Validity1,66,correlate,Validity,False,148,9,16,0.5625,1.58e-06,False,1.3612775802612305,1.6692564487457275,1.868748426437378,-13.3580857109254
Validity1,67,very,Validity,False,148,10,16,0.625,0.001,True,7.08974552154541,7.827027797698975,8.576536178588867,-6.907755278982137
Validity1,68,highly,Validity,False,148,11,16,0.6875,7.76e-05,False,3.4315414428710938,5.320784091949463,5.100298881530762,-9.463943130775101
Validity1,69,with,Validity,False,148,12,16,0.75,0.00708,True,0.043449155986309,0.1494196057319641,0.1572075635194778,-4.950481371276509
Validity1,70,a,Validity,False,148,13,16,0.8125,0.0229,True,3.652848243713379,2.963334083557129,2.965130090713501,-3.776618368421943
Validity1,71,standard,Validity,False,148,14,16,0.875,0.000107,False,4.524726867675781,4.757343292236328,4.56038236618042,-9.142681723502369
Validity1,72,IQ,Validity,False,148,15,16,0.9375,4.9e-06,False,4.4834513664245605,8.717086791992188,7.894209861755371,-12.226275352847694
Validity1,73,tests,Validity,False,148,16,16,1.0,4.68e-05,False,8.343716859817505,7.87411493062973,7.909238576889038,-9.969627355040673
Validity1,74,.,Validity,True,148,16,16,1.0,0.0,False,,,,
Validity1,75,If,Validity,False,149,0,19,0.0,0.00295,True,3.2295939922332764,3.5816798210144043,2.986011266708374,-5.825950108630408
Validity1,76,it,Validity,False,149,1,19,0.0526315789473684,0.00891,True,1.7257548570632937,1.379586696624756,1.4987114667892456,-4.720581037499419
Validity1,77,did,Validity,False,149,2,19,0.1052631578947368,0.000912,True,0.3484834432601928,0.43062624335289,0.5298708081245422,-6.999870567889943
Validity1,78,correlate,Validity,False,149,3,19,0.1578947368421052,1.58e-06,False,0.1833131313323974,0.7310137748718262,0.8210405707359314,-13.3580857109254
Validity1,79,highly,Validity,False,149,4,19,0.2105263157894736,7.76e-05,False,3.4472367763519287,5.002820014953613,4.808094024658203,-9.463943130775101
Validity1,80,it,Validity,False,149,5,19,0.2631578947368421,0.00891,True,2.0130786895751958,3.128227472305298,4.219722270965576,-4.720581037499419
Validity1,81,could,Validity,False,149,6,19,0.3157894736842105,0.00115,False,3.5188093185424805,4.099009990692139,3.82184624671936,-6.767993336606978
Validity1,82,be,Validity,False,149,7,19,0.3684210526315789,0.00617,True,1.251885175704956,1.5166207551956177,1.5094397068023682,-5.088056441064841
Validity1,83,argued,Validity,False,149,8,19,0.4210526315789473,2.29e-05,False,4.366729259490967,4.122495174407959,3.2241039276123047,-10.68437364740408
Validity1,84,that,Validity,False,149,9,19,0.4736842105263157,0.0102,True,0.092763140797615,0.131291314959526,0.0560720935463905,-4.585367558691911
Validity1,85,what,Validity,False,149,10,19,0.5263157894736842,0.0024,True,6.239510536193848,5.601982116699219,5.994241237640381,-6.032286541628237
Validity1,86,we,Validity,False,149,11,19,0.5789473684210527,0.00347,True,0.557274580001831,0.4850772619247436,0.5618436932563782,-5.663600685023369
Validity1,87,had,Validity,False,149,12,19,0.631578947368421,0.00214,True,3.2888946533203125,4.101970672607422,4.381327152252197,-6.1469494499483766
Validity1,88,developed,Validity,False,149,13,19,0.6842105263157895,8.91e-05,False,3.069455623626709,3.5694642066955566,3.253946542739868,-9.32575122348751
Validity1,89,was,Validity,False,149,14,19,0.7368421052631579,0.00661,True,0.8054006099700928,1.0851513147354126,1.1741304397583008,-5.019171625118542
Validity1,90,simply,Validity,False,149,15,19,0.7894736842105263,0.00012,False,5.053878307342529,4.627151012420654,4.619600296020508,-9.028018815182229
Validity1,91,a,Validity,False,149,16,19,0.8421052631578947,0.0229,True,1.0999668836593628,1.10615873336792,0.7542329430580139,-3.776618368421943
Validity1,92,measure,Validity,False,149,17,19,0.8947368421052632,4.47e-05,False,4.912055969238281,4.532166957855225,4.572884559631348,-10.015537056344751
Validity1,93,of,Validity,False,149,18,19,0.9473684210526316,0.0251,True,0.1456276178359985,0.1923140883445739,0.3335364758968353,-3.684887432844399
Validity1,94,intelligence,Validity,False,149,19,19,1.0,5.01e-05,False,3.891502141952514,5.51507443189621,6.160431265830994,-9.901489549873455
Validity1,95,.,Validity,True,149,19,19,1.0,0.0,False,,,,
Validity1,96,That,Validity,False,150,0,7,0.0,0.0102,True,4.232919216156006,4.111997604370117,5.207239151000977,-4.585367558691911
Validity1,97,result,Validity,False,150,1,7,0.1428571428571428,0.000151,False,8.199457168579102,8.180827140808105,7.804892539978027,-8.79823072114935
Validity1,98,would,Validity,False,150,2,7,0.2857142857142857,0.00186,False,1.2887201309204102,1.614174723625183,1.3937593698501587,-6.287178791257027
Validity1,99,argue,Validity,False,150,3,7,0.4285714285714285,2.88e-05,False,6.749139308929443,7.583978176116943,7.316846370697021,-10.455135170822373
Validity1,100,for,Validity,False,150,4,7,0.5714285714285714,0.0102,True,1.7058285474777222,2.159630537033081,2.021056652069092,-4.585367558691911
Validity1,101,poor,Validity,False,150,5,7,0.7142857142857143,0.000123,False,8.687193870544434,8.121386528015137,9.435389518737791,-9.003326202591856
Validity1,102,discriminant,Validity,False,150,6,7,0.8571428571428571,1.62e-07,False,11.04460620880127,10.35645341873169,11.087602138519289,-15.635669501714027
Validity1,103,validity,Validity,False,150,7,7,1.0,5.01e-06,False,1.45798859000206,3.2139408588409424,3.363532781600952,-12.2040746428675
Validity1,104,.,Validity,True,150,7,7,1.0,0.0,False,,,,
Validity1,105,We,Validity,False,151,0,41,0.0,0.00347,True,3.105164051055908,2.62405014038086,2.6178202629089355,-5.663600685023369
Validity1,106,want,Validity,False,151,1,41,0.024390243902439,0.0011,False,5.560111045837402,4.479580402374268,4.878134727478027,-6.812445099177812
Validity1,107,our,Validity,False,151,2,41,0.048780487804878,0.00138,True,1.962014079093933,2.531485080718994,2.767007350921631,-6.5856717798130235
Validity1,108,measures,Validity,False,151,3,41,0.073170731707317,4.68e-05,False,9.521352767944336,10.36408805847168,9.80057144165039,-9.969627355040673
Validity1,109,to,Validity,False,151,4,41,0.0975609756097561,0.0269,True,0.7559531331062317,0.8379580974578857,0.5396174192428589,-3.6156289923743437
Validity1,110,correlate,Validity,False,151,5,41,0.1219512195121951,1.58e-06,False,0.6855453252792358,1.205894947052002,1.4966387748718262,-13.3580857109254
Validity1,111,highly,Validity,False,151,6,41,0.1463414634146341,7.76e-05,False,2.5084214210510254,2.3767495155334477,2.184044361114502,-9.463943130775101
Validity1,112,with,Validity,False,151,7,41,0.1707317073170731,0.00708,True,0.6168230772018433,0.6695509552955627,0.6447606086730957,-4.950481371276509
Validity1,113,the,Validity,False,151,8,41,0.1951219512195122,0.0537,True,2.581032514572144,2.048544883728028,1.9717522859573364,-2.9243422774673182
Validity1,114,measures,Validity,False,151,9,41,0.2195121951219512,4.68e-05,False,4.824944496154785,4.946994781494141,4.239527702331543,-9.969627355040673
Validity1,115,that,Validity,False,151,10,41,0.2439024390243902,0.0102,True,2.3288354873657227,1.88008975982666,1.875920653343201,-4.585367558691911
Validity1,116,our,Validity,False,151,11,41,0.2682926829268293,0.00138,True,3.828117847442627,4.527670383453369,4.331094741821289,-6.5856717798130235
Validity1,117,theory,Validity,False,151,12,41,0.2926829268292683,7.59e-05,False,6.1792426109313965,8.14515209197998,8.077582359313965,-9.48609387356269
Validity1,118,says,Validity,False,151,13,41,0.3170731707317073,0.000309,False,4.321414947509766,4.859319686889648,4.6927571296691895,-8.082169281066529
Validity1,119,they,Validity,False,151,14,41,0.3414634146341463,0.00316,True,2.241889953613281,2.634467840194702,2.1727824211120605,-5.757183251383316
Validity1,120,should,Validity,False,151,15,41,0.3658536585365853,0.000977,True,2.107827425003052,1.114925742149353,1.1288572549819946,-6.931023905921491
Validity1,121,correlate,Validity,False,151,16,41,0.3902439024390244,1.58e-06,False,0.6620448231697083,1.131478190422058,1.1697031259536743,-13.3580857109254
Validity1,122,highly,Validity,False,151,17,41,0.4146341463414634,7.76e-05,False,2.77090072631836,2.803710460662842,3.4846887588500977,-9.463943130775101
Validity1,123,with,Validity,False,151,18,41,0.4390243902439024,0.00708,True,0.3743342161178589,0.587752103805542,0.5665302276611328,-4.950481371276509
Validity1,124,(,Validity,True,151,18,41,0.4390243902439024,0.0,False,3.299448251724243,4.850284576416016,3.519472599029541,
Validity1,125,validity,Validity,False,151,19,41,0.4634146341463415,5.01e-06,False,17.596049547195435,19.37372589111328,19.457094192504883,-12.2040746428675
Validity1,126,",",Validity,True,151,19,41,0.4634146341463415,0.0,False,,,,
Validity1,127,but,Validity,False,151,20,41,0.4878048780487805,0.00427,True,5.196297645568848,6.3815765380859375,5.569114685058594,-5.456141451741604
Validity1,128,we,Validity,False,151,21,41,0.5121951219512195,0.00347,True,3.5884175300598145,4.822193145751953,3.946009159088135,-5.663600685023369
Validity1,129,want,Validity,False,151,22,41,0.5365853658536586,0.0011,False,2.524280548095703,3.771371126174927,3.710426092147827,-6.812445099177812
Validity1,130,them,Validity,False,151,23,41,0.5609756097560976,0.00155,True,1.8305083513259888,2.667379379272461,2.669841289520264,-6.469500348050982
Validity1,131,to,Validity,False,151,24,41,0.5853658536585366,0.0269,True,0.1252564340829849,0.1572670638561248,0.1725571304559707,-3.6156289923743437
Validity1,132,correlate,Validity,False,151,25,41,0.6097560975609756,1.58e-06,False,0.6549527049064636,1.3085050582885742,1.0964750051498413,-13.3580857109254
Validity1,133,much,Validity,False,151,26,41,0.6341463414634146,0.001,False,5.235359191894531,4.803835868835449,5.085034370422363,-6.907755278982137
Validity1,134,less,Validity,False,151,27,41,0.6585365853658537,0.000309,False,1.6730928421020508,2.188560009002685,2.1614019870758057,-8.082169281066529
Validity1,135,with,Validity,False,151,28,41,0.6829268292682927,0.00708,True,4.068809986114502,4.271536350250244,4.1512627601623535,-4.950481371276509
Validity1,136,the,Validity,False,151,29,41,0.7073170731707317,0.0537,True,2.149965763092041,2.286665439605713,1.967154860496521,-2.9243422774673182
Validity1,137,measures,Validity,False,151,30,41,0.7317073170731707,4.68e-05,False,1.2916836738586426,1.0007280111312866,0.6978244781494141,-9.969627355040673
Validity1,138,our,Validity,False,151,31,41,0.7560975609756098,0.00138,True,5.319531440734863,4.382818222045898,4.741294860839844,-6.5856717798130235
Validity1,139,theory,Validity,False,151,32,41,0.7804878048780488,7.59e-05,False,0.1840100586414337,0.1177807077765464,0.0956953912973404,-9.48609387356269
Validity1,140,says,Validity,False,151,33,41,0.8048780487804879,0.000309,False,0.2459303438663482,0.3710409998893738,0.3476566672325134,-8.082169281066529
Validity1,141,they,Validity,False,151,34,41,0.8292682926829268,0.00316,True,0.1774039566516876,0.2084932178258896,0.1232330277562141,-5.757183251383316
Validity1,142,should,Validity,False,151,35,41,0.8536585365853658,0.000977,True,0.0407941453158855,0.0312957540154457,0.0275839697569608,-6.931023905921491
Validity1,143,not,Validity,False,151,36,41,0.8780487804878049,0.0049,True,5.321669101715088,5.09424352645874,4.632638454437256,-5.318520073865556
Validity1,144,correlate,Validity,False,151,37,41,0.902439024390244,1.58e-06,False,0.1474242955446243,0.4470585882663727,0.6265262365341187,-13.3580857109254
Validity1,145,so,Validity,False,151,38,41,0.926829268292683,0.00331,True,4.207909107208252,4.707759380340576,5.074789524078369,-5.710807089593166
Validity1,146,highly,Validity,False,151,39,41,0.951219512195122,7.76e-05,False,2.778233528137207,2.479979515075684,2.7635204792022705,-9.463943130775101
Validity1,147,with,Validity,False,151,40,41,0.975609756097561,0.00708,True,0.9352397918701172,2.0043320655822754,2.362411499023437,-4.950481371276509
Validity1,148,(,Validity,True,151,40,41,0.975609756097561,0.0,False,5.008234977722168,3.111610412597656,2.1857776641845703,
Validity1,149,validity,Validity,False,151,41,41,1.0,5.01e-06,False,6.728643596172333,4.454521477222443,5.328342080116272,-12.2040746428675
Validity1,150,.,Validity,True,151,41,41,1.0,0.0,False,,,,
Validity1,154,convergent,Validity,False,152,0,29,0.0,6.31e-07,False,10.421474985778332,11.356515284627676,12.12831998616457,-14.275959974405199
Validity1,155,),Validity,True,152,0,29,0.0,0.0,False,5.95215368270874,8.179683685302734,6.739041328430176,
Validity1,156,discriminant,Validity,False,152,1,29,0.0344827586206896,1.62e-07,False,10.274489000439644,8.532627940177917,10.10207337141037,-15.635669501714027
Validity1,157,),Validity,True,152,1,29,0.0344827586206896,0.0,False,6.800607204437256,3.648435354232788,13.009361267089844,
Validity2,1,We,Validity,False,152,2,29,0.0689655172413793,0.00347,True,4.95807695388794,5.225590705871582,4.540748596191406,-5.663600685023369
Validity2,2,can,Validity,False,152,3,29,0.1034482758620689,0.00288,True,3.8774526119232178,3.7447433471679688,3.5834836959838867,-5.8499649848342825
Validity2,3,now,Validity,False,152,4,29,0.1379310344827586,0.00151,True,3.044271945953369,4.263335227966309,3.9077963829040527,-6.495645628155304
Validity2,4,see,Validity,False,152,5,29,0.1724137931034483,0.00126,False,3.264725923538208,3.6953532695770255,3.970945835113525,-6.676643558018751
Validity2,5,how,Validity,False,152,6,29,0.2068965517241379,0.00174,True,2.216451644897461,2.789721965789795,2.9637742042541504,-6.3538701657556995
Validity2,6,these,Validity,False,152,7,29,0.2413793103448276,0.0011,True,4.806267738342285,4.951231002807617,3.5177574157714844,-6.812445099177812
Validity2,7,ideas,Validity,False,152,8,29,0.2758620689655172,6.92e-05,False,5.677756309509277,7.056021690368652,7.360065460205078,-9.57850969534065
Validity2,8,about,Validity,False,152,9,29,0.3103448275862069,0.00251,True,5.299972534179688,4.419074058532715,4.032317161560059,-5.987472525838444
Validity2,9,construct,Validity,False,152,10,29,0.3448275862068966,9.55e-06,False,11.112751007080078,12.03380298614502,2.6717967987060547,-11.558969403471636
Validity2,10,validity,Validity,False,152,11,29,0.3793103448275862,5.01e-06,False,7.560471534729004,6.961437702178955,0.0027179701719433,-12.2040746428675
Validity2,11,would,Validity,False,152,12,29,0.4137931034482758,0.00186,False,5.842210292816162,4.639445781707764,5.221735000610352,-6.287178791257027
Validity2,12,be,Validity,False,152,13,29,0.4482758620689655,0.00617,True,2.4427990913391118,1.885842442512512,1.3453054428100586,-5.088056441064841
Validity2,13,applied,Validity,False,152,14,29,0.4827586206896552,4.68e-05,False,1.2900145053863523,2.0218913555145264,0.9521284103393556,-9.969627355040673
Validity2,14,in,Validity,False,152,15,29,0.5172413793103449,0.0186,True,1.9168208837509155,2.035336971282959,1.9645419120788572,-3.9845936982629815
Validity2,15,an,Validity,False,152,16,29,0.5517241379310345,0.00339,True,4.19643497467041,4.250724792480469,4.044413089752197,-5.686925357589778
Validity2,16,actual,Validity,False,152,17,29,0.5862068965517241,7.08e-05,False,3.724130392074585,3.000553607940674,5.147517204284668,-9.5556515572646
Validity2,17,situation,Validity,False,152,18,29,0.6206896551724138,0.000123,False,3.1529133319854736,4.062191009521484,4.226674556732178,-9.003326202591856
Validity2,18,to,Validity,False,152,19,29,0.6551724137931034,0.0269,True,4.93335485458374,5.316986560821533,4.958817481994629,-3.6156289923743437
Validity2,19,assess,Validity,False,152,20,29,0.6896551724137931,1.17e-05,False,6.517459869384766,7.743434906005859,2.77694034576416,-11.355921716160564
Validity2,20,the,Validity,False,152,21,29,0.7241379310344828,0.0537,True,1.332966685295105,1.3536922931671145,1.3173165321350098,-2.9243422774673182
Validity2,21,validity,Validity,False,152,22,29,0.7586206896551724,5.01e-06,False,1.9349124431610107,0.8710152506828308,0.8438132405281067,-12.2040746428675
Validity2,22,of,Validity,False,152,23,29,0.7931034482758621,0.0251,True,0.0373294204473495,0.054777018725872,0.0512454248964786,-3.684887432844399
Validity2,23,a,Validity,False,152,24,29,0.8275862068965517,0.0229,True,2.104975461959839,1.6311414241790771,1.2179211378097534,-3.776618368421943
Validity2,24,particular,Validity,False,152,25,29,0.8620689655172413,0.0001,False,3.4945645332336426,3.611914873123169,3.7298450469970703,-9.210340371976182
Validity2,25,construct,Validity,False,152,26,29,0.896551724137931,9.55e-06,False,4.050683975219727,4.249007225036621,4.074110507965088,-11.558969403471636
Validity2,26,the,Validity,False,152,27,29,0.9310344827586208,0.0537,True,8.050357818603516,8.74553108215332,8.992247581481934,-2.9243422774673182
Validity2,27,social,Validity,False,152,28,29,0.9655172413793104,0.000263,False,6.607209205627441,6.761571884155273,5.8459882736206055,-8.24335652578651
Validity2,28,attitude,Validity,False,152,29,29,1.0,3.8e-05,False,13.180202960968018,13.046588897705078,11.089393973350523,-10.177924398237888
Validity2,29,.,Validity,True,152,29,29,1.0,0.0,False,,,,
Validity2,30,Although,Validity,False,153,0,31,0.0,0.0002,False,6.0814619064331055,7.2954421043396,6.054669380187988,-8.517193191416238
Validity2,31,researchers,Validity,False,153,1,31,0.032258064516129,2.45e-05,False,7.777379989624023,7.155671119689941,7.58422327041626,-10.616837440413592
Validity2,32,continue,Validity,False,153,2,31,0.064516129032258,0.00012,False,5.605782985687256,5.634296417236328,5.670623779296875,-9.028018815182229
Validity2,33,to,Validity,False,153,3,31,0.0967741935483871,0.0269,True,0.0356225743889808,0.0176511388272047,0.0161524750292301,-3.6156289923743437
Validity2,34,debate,Validity,False,153,4,31,0.1290322580645161,4.37e-05,False,3.520822763442993,3.916306257247925,3.861342430114746,-10.03816245586273
Validity2,35,the,Validity,False,153,5,31,0.1612903225806451,0.0537,True,1.1394994258880615,1.3316203355789185,1.540356993675232,-2.9243422774673182
Validity2,36,nature,Validity,False,153,6,31,0.1935483870967742,9.55e-05,False,4.350656509399414,5.226840019226074,4.64543342590332,-9.25638431047759
Validity2,37,of,Validity,False,153,7,31,0.2258064516129032,0.0251,True,0.1781680732965469,0.2703988552093506,0.1619598865509033,-3.684887432844399
Validity2,38,social,Validity,False,153,8,31,0.2580645161290322,0.000263,False,4.017257213592529,3.0462372303009038,4.713873863220215,-8.24335652578651
Validity2,39,attitudes,Validity,False,153,9,31,0.2903225806451613,1.02e-05,False,1.6069778203964231,1.918640911579132,1.1683256328105929,-11.493122837674049
Validity2,40,",",Validity,True,153,9,31,0.2903225806451613,0.0,False,,,,
Validity2,41,one,Validity,False,153,10,31,0.3225806451612903,0.00295,False,3.660966634750366,3.538520574569702,2.853236198425293,-5.825950108630408
Validity2,42,view,Validity,False,153,11,31,0.3548387096774194,0.000155,False,5.9888105392456055,6.386646270751953,6.3786702156066895,-8.772085441045027
Validity2,43,that,Validity,False,153,12,31,0.3870967741935484,0.0102,True,3.805810689926148,2.3613319396972656,3.0582642555236816,-4.585367558691911
Validity2,44,is,Validity,False,153,13,31,0.4193548387096774,0.0117,True,1.6038516759872437,1.807154655456543,1.8687338829040527,-4.448166437178426
Validity2,45,widely,Validity,False,153,14,31,0.4516129032258064,3.47e-05,False,2.647190809249878,3.1065540313720703,3.262579202651977,-10.26877087101146
Validity2,46,accepted,Validity,False,153,15,31,0.4838709677419355,4.68e-05,False,0.9591870307922364,0.8182345032691956,0.88714599609375,-9.969627355040673
Validity2,47,is,Validity,False,153,16,31,0.5161290322580645,0.0117,True,0.536721408367157,0.465633362531662,0.4317497909069061,-4.448166437178426
Validity2,48,that,Validity,False,153,17,31,0.5483870967741935,0.0102,True,0.1038107648491859,0.1362236589193344,0.0778430625796318,-4.585367558691911
Validity2,49,an,Validity,False,153,18,31,0.5806451612903226,0.00339,True,5.5763983726501465,5.3212080001831055,5.418290615081787,-5.686925357589778
Validity2,50,attitude,Validity,False,153,19,31,0.6129032258064516,3.8e-05,False,3.028407573699951,2.1070356369018555,3.340489387512207,-10.177924398237888
Validity2,51,is,Validity,False,153,20,31,0.6451612903225806,0.0117,True,1.338642954826355,1.90045702457428,1.4410679340362549,-4.448166437178426
Validity2,52,composed,Validity,False,153,21,31,0.6774193548387096,1.86e-05,False,6.721871376037598,6.4304375648498535,6.690510272979736,-10.892348977245119
Validity2,53,of,Validity,False,153,22,31,0.7096774193548387,0.0251,True,0.1129582226276397,0.0503729879856109,0.0630703270435333,-3.684887432844399
Validity2,54,three,Validity,False,153,23,31,0.7419354838709677,0.000603,False,3.2625505924224854,3.694657802581787,3.489671230316162,-7.413593361237089
Validity2,55,components,Validity,False,153,24,31,0.7741935483870968,2.75e-05,False,2.774137318134308,2.5288901329040527,2.4921730756759644,-10.501324553291749
Validity2,56,:,Validity,True,153,24,31,0.7741935483870968,0.0,False,,,,
Validity2,57,the,Validity,False,153,25,31,0.8064516129032258,0.0537,True,2.3758537769317627,2.2563717365264893,2.4154698848724365,-2.9243422774673182
Validity2,58,cognitive,Validity,False,153,26,31,0.8387096774193549,1.29e-05,False,5.845993518829346,5.998752593994141,5.431614875793457,-11.258283246596648
Validity2,59,the,Validity,False,153,27,31,0.8709677419354839,0.0537,True,8.880993843078613,8.316740989685059,8.162522315979004,-2.9243422774673182
Validity2,60,affective,Validity,False,153,28,31,0.9032258064516128,1e-06,False,4.610584020614624,11.908864855766296,10.185166239738464,-13.815510557964274
Validity2,61,and,Validity,False,153,29,31,0.935483870967742,0.0257,True,1.554829239845276,2.5183026790618896,2.539770603179932,-3.661264287080963
Validity2,62,the,Validity,False,153,30,31,0.967741935483871,0.0537,True,0.5375929474830627,0.2796454727649688,0.4886048138141632,-2.9243422774673182
Validity2,63,behavioral,Validity,False,153,31,31,1.0,7.24e-06,False,6.980119347572327,5.217682361602783,5.516672849655151,-11.83588935156665
Validity2,64,.,Validity,True,153,31,31,1.0,0.0,False,,,,
Validity2,65,The,Validity,False,154,0,16,0.0,0.0537,True,1.8141002655029297,1.3861033916473389,1.218287467956543,-2.9243422774673182
Validity2,66,',Validity,True,154,0,16,0.0,0.0,False,7.354701042175293,9.763483047485352,7.159209728240967,
Validity2,67,cognitive,Validity,False,154,1,16,0.0625,1.29e-05,False,9.513350486755373,4.2838006019592285,1.8310984373092647,-11.258283246596648
Validity2,68,component,Validity,False,154,2,16,0.125,2.09e-05,False,3.759950637817383,7.040986061096191,7.36985969543457,-10.77576139899351
Validity2,69,',Validity,True,154,2,16,0.125,0.0,False,2.8469667434692383,4.266545295715332,3.592169523239136,
Validity2,70,refers,Validity,False,154,3,16,0.1875,1.78e-05,False,3.084365129470825,3.57521390914917,3.7694594860076895,-10.936312100666235
Validity2,71,to,Validity,False,154,4,16,0.25,0.0269,True,0.0700746104121208,0.0251495502889156,0.0200435686856508,-3.6156289923743437
Validity2,72,a,Validity,False,154,5,16,0.3125,0.0229,True,2.979642152786255,2.698239803314209,3.0337576866149902,-3.776618368421943
Validity2,73,person's,Validity,False,154,6,16,0.375,1.1e-05,False,3.6421120017766953,3.384989231824875,2.99946703016758,-11.417615285165903
Validity2,76,beliefs,Validity,False,154,7,16,0.4375,1.78e-05,False,7.009951591491699,6.7506877183914185,7.661665678024292,-10.936312100666235
Validity2,77,",",Validity,True,154,7,16,0.4375,0.0,False,,,,
Validity2,78,ideas,Validity,False,154,8,16,0.5,6.92e-05,False,4.939958542585373,6.45098814368248,6.975800454616547,-9.57850969534065
Validity2,79,",",Validity,True,154,8,16,0.5,0.0,False,,,,
Validity2,80,and,Validity,False,154,9,16,0.5625,0.0257,True,0.9679402709007264,0.8936893343925476,1.0190532207489014,-3.661264287080963
Validity2,81,the,Validity,False,154,10,16,0.625,0.0537,True,5.39676570892334,5.106074333190918,5.0119829177856445,-2.9243422774673182
Validity2,82,way,Validity,False,154,11,16,0.6875,0.00102,False,3.2532191276550293,2.9499309062957764,3.72424578666687,-6.887952651685957
Validity2,83,he,Validity,False,154,12,16,0.75,0.0049,True,4.757563591003418,3.530216932296753,3.349847316741944,-5.318520073865556
Validity2,84,or,Validity,False,154,13,16,0.8125,0.00347,True,0.3502770662307739,0.6992928981781006,0.6200293898582458,-5.663600685023369
Validity2,85,she,Validity,False,154,14,16,0.875,0.00182,True,0.0007173825288191,0.0067747896537184,0.0078967520967125,-6.3089187778934335
Validity2,86,sees,Validity,False,154,15,16,0.9375,3.89e-05,False,3.4420714378356934,2.9252309799194336,3.136991262435913,-10.154516307339874
Validity2,87,things,Validity,False,154,16,16,1.0,0.00055,False,2.085430681705475,2.158335894346237,2.517901450395584,-7.505592279737757
Validity2,88,.,Validity,True,154,16,16,1.0,0.0,False,,,,
Validity2,89,The,Validity,False,155,0,18,0.0,0.0537,True,1.213248610496521,0.503983736038208,0.6566662192344666,-2.9243422774673182
Validity2,90,',Validity,True,155,0,18,0.0,0.0,False,0.5466893911361694,0.3438352644443512,0.3096115589141845,
Validity2,91,affective,Validity,False,155,1,18,0.0555555555555555,1e-06,False,3.8815392270335,7.491457764990628,7.410591387189925,-13.815510557964274
Validity2,92,component,Validity,False,155,2,18,0.1111111111111111,2.09e-05,False,0.0308489892631769,0.0433928817510604,0.0648935660719871,-10.77576139899351
Validity2,93,',Validity,True,155,2,18,0.1111111111111111,0.0,False,0.0712766647338867,0.0774796158075332,0.1162560954689979,
Validity2,94,refers,Validity,False,155,3,18,0.1666666666666666,1.78e-05,False,0.2132479697465896,0.124229185283184,0.1301361918449401,-10.936312100666235
Validity2,95,to,Validity,False,155,4,18,0.2222222222222222,0.0269,True,0.0089013194665312,0.0056470627896487,0.0073769316077232,-3.6156289923743437
Validity2,96,the,Validity,False,155,5,18,0.2777777777777778,0.0537,True,1.1311771869659424,0.8515704274177551,0.8064737319946289,-2.9243422774673182
Validity2,97,way,Validity,False,155,6,18,0.3333333333333333,0.00102,False,1.5262123346328735,2.1144118309021,2.2999107837677,-6.887952651685957
Validity2,98,a,Validity,False,155,7,18,0.3888888888888889,0.0229,True,3.260205745697021,2.8081142902374268,2.5291881561279297,-3.776618368421943
Validity2,99,person,Validity,False,155,8,18,0.4444444444444444,0.000355,False,0.2816880345344543,0.1185080930590629,0.0881619602441787,-7.943392768488859
Validity2,100,evaluates,Validity,False,155,9,18,0.5,9.33e-07,False,5.668205261230469,7.549191474914551,7.872021198272705,-13.884860636099067
Validity2,101,things,Validity,False,155,10,18,0.5555555555555556,0.00055,False,2.259566307067871,1.997052550315857,2.096860408782959,-7.505592279737757
Validity2,102,and,Validity,False,155,11,18,0.6111111111111112,0.0257,True,1.8327476978302,1.7834243774414062,1.8823068141937256,-3.661264287080963
Validity2,103,how,Validity,False,155,12,18,0.6666666666666666,0.00174,True,2.1714746952056885,2.144798517227173,2.456052780151367,-6.3538701657556995
Validity2,104,he,Validity,False,155,13,18,0.7222222222222222,0.0049,True,1.0634684562683103,0.6897884607315063,0.572705864906311,-5.318520073865556
Validity2,105,or,Validity,False,155,14,18,0.7777777777777778,0.00347,True,0.0190094355493783,0.0839403271675109,0.0988546162843704,-5.663600685023369
Validity2,106,she,Validity,False,155,15,18,0.8333333333333334,0.00182,True,0.0011457790387794,0.0069733341224491,0.0064559942111372,-6.3089187778934335
Validity2,107,feels,Validity,False,155,16,18,0.8888888888888888,7.94e-05,False,2.4668333530426025,3.1241250038146973,3.496467351913452,-9.441012189711184
Validity2,108,about,Validity,False,155,17,18,0.9444444444444444,0.00251,True,0.4788816571235657,0.4434305429458618,0.4338299334049225,-5.987472525838444
Validity2,109,them,Validity,False,155,18,18,1.0,0.00155,True,1.44149811565876,1.144057184457779,1.6143856942653656,-6.469500348050982
Validity2,110,.,Validity,True,155,18,18,1.0,0.0,False,,,,
Validity2,111,The,Validity,False,156,0,16,0.0,0.0537,True,1.328927516937256,0.4325719475746155,0.6652886867523193,-2.9243422774673182
Validity2,112,',Validity,True,156,0,16,0.0,0.0,False,1.113535761833191,1.0213521718978882,1.1486024856567385,
Validity2,113,behavioral,Validity,False,156,1,16,0.0625,7.24e-06,False,0.2006657123565673,0.0255934055894613,0.0421311035752296,-11.83588935156665
Validity2,114,component,Validity,False,156,2,16,0.125,2.09e-05,False,0.0117462892085313,0.0054211034439504,0.0088325524702668,-10.77576139899351
Validity2,115,',Validity,True,156,2,16,0.125,0.0,False,0.1464937180280685,0.0170788262039423,0.053451333194971,
Validity2,116,refers,Validity,False,156,3,16,0.1875,1.78e-05,False,0.1947582364082336,0.0333061441779136,0.0757511481642723,-10.936312100666235
Validity2,117,to,Validity,False,156,4,16,0.25,0.0269,True,0.006786985322833,0.0051660384051501,0.0072938580997288,-3.6156289923743437
Validity2,118,whether,Validity,False,156,5,16,0.3125,0.000209,False,5.492271423339844,5.017829418182373,4.576240062713623,-8.473176305999463
Validity2,119,the,Validity,False,156,6,16,0.375,0.0537,True,1.8413690328598025,2.0101776123046875,2.076953411102295,-2.9243422774673182
Validity2,120,person,Validity,False,156,7,16,0.4375,0.000355,False,0.8388749361038208,1.3397417068481443,1.0655800104141235,-7.943392768488859
Validity2,121,is,Validity,False,156,8,16,0.5,0.0117,True,1.4706348180770874,2.0834217071533203,2.2803080081939697,-4.448166437178426
Validity2,122,inclined,Validity,False,156,9,16,0.5625,7.41e-06,False,4.926580429077148,5.539484977722168,5.602954387664795,-11.812680118656278
Validity2,123,to,Validity,False,156,10,16,0.625,0.0269,True,0.3681865036487579,0.3423437178134918,0.2465034872293472,-3.6156289923743437
Validity2,124,act,Validity,False,156,11,16,0.6875,0.0002,False,2.6164376735687256,3.17208194732666,3.529461145401001,-8.517193191416238
Validity2,125,upon,Validity,False,156,12,16,0.75,0.000132,False,4.2207536697387695,4.060648918151856,4.379367351531982,-8.932708635377903
Validity2,126,his,Validity,False,156,13,16,0.8125,0.00324,True,3.502345085144043,2.2220447063446045,2.3095622062683105,-5.732181949177899
Validity2,127,or,Validity,False,156,14,16,0.875,0.00347,True,0.0444853566586971,0.0975150913000106,0.1326611340045929,-5.663600685023369
Validity2,128,her,Validity,False,156,15,16,0.9375,0.002,True,0.0029555945657193,0.0091103101149201,0.0097889630123972,-6.214608098422191
Validity2,129,beliefs,Validity,False,156,16,16,1.0,1.78e-05,False,3.3480653762817383,3.0216238498687744,3.4569817781448364,-10.936312100666235
Validity2,130,.,Validity,True,156,16,16,1.0,0.0,False,,,,
Validity3,1,The,Validity,False,157,0,29,0.0,0.0537,True,3.276172399520874,3.508734703063965,0.8148062825202942,-2.9243422774673182
Validity3,2,most,Validity,False,157,1,29,0.0344827586206896,0.001,True,5.344015121459961,4.967254638671875,5.118712425231934,-6.907755278982137
Validity3,3,compelling,Validity,False,157,2,29,0.0689655172413793,9.55e-06,False,5.518745422363281,6.847856998443604,6.779073238372803,-11.558969403471636
Validity3,4,evidence,Validity,False,157,3,29,0.1034482758620689,0.000138,False,3.07471776008606,3.885454416275024,1.6824082136154177,-8.88825687280707
Validity3,5,for,Validity,False,157,4,29,0.1379310344827586,0.0102,True,1.521758794784546,1.8222827911376955,1.117545485496521,-4.585367558691911
Validity3,6,this,Validity,False,157,5,29,0.1724137931034483,0.00661,True,2.587077617645264,3.257688522338867,1.7869408130645752,-5.019171625118542
Validity3,7,multidimensional,Validity,False,157,6,29,0.2068965517241379,6.17e-07,False,11.757368043065073,13.294721826910973,12.202958073467016,-14.298396813041023
Validity3,8,construct,Validity,False,157,7,29,0.2413793103448276,9.55e-06,False,5.656074523925781,6.639010906219482,2.8981029987335205,-11.558969403471636
Validity3,9,derives,Validity,False,157,8,29,0.2758620689655172,2.63e-06,False,5.864218711853027,9.61627960205078,11.31138801574707,-12.848526711774602
Validity3,10,from,Validity,False,157,9,29,0.3103448275862069,0.00427,True,0.0501446686685085,0.0949506685137748,0.0388958938419818,-5.456141451741604
Validity3,11,a,Validity,False,157,10,29,0.3448275862068966,0.0229,True,2.40290641784668,2.158689022064209,2.202378273010254,-3.776618368421943
Validity3,12,study,Validity,False,157,11,29,0.3793103448275862,0.000182,False,2.724447727203369,2.857435941696167,1.595838189125061,-8.611503870887478
Validity3,13,in,Validity,False,157,12,29,0.4137931034482758,0.0186,True,2.401034116744995,2.8142426013946533,2.5042495727539062,-3.9845936982629815
Validity3,14,which,Validity,False,157,13,29,0.4482758620689655,0.002,True,0.8901531100273132,1.9600636959075928,1.1565957069396973,-6.214608098422191
Validity3,15,the,Validity,False,157,14,29,0.4827586206896552,0.0537,True,2.595075845718384,1.869258403778076,2.421786308288574,-2.9243422774673182
Validity3,16,researcher,Validity,False,157,15,29,0.5172413793103449,8.32e-06,False,7.235355854034424,8.234253883361816,4.978848934173584,-11.696848303131157
Validity3,17,constructed,Validity,False,157,16,29,0.5517241379310345,1.95e-05,False,7.402348041534424,6.438929080963135,6.507476329803467,-10.845096092394574
Validity3,18,a,Validity,False,157,17,29,0.5862068965517241,0.0229,True,0.6602420806884766,0.5797128081321716,0.5771082639694214,-3.776618368421943
Validity3,19,number,Validity,False,157,18,29,0.6206896551724138,0.000417,False,6.0739593505859375,5.72969913482666,5.064587593078613,-7.782424336165473
Validity3,20,of,Validity,False,157,19,29,0.6551724137931034,0.0251,True,0.0330217629671096,0.0565443448722362,0.0338071286678314,-3.684887432844399
Validity3,21,different,Validity,False,157,20,29,0.6896551724137931,0.000389,False,3.7748420238494873,3.9019293785095215,3.004876613616944,-7.851931214345828
Validity3,22,scales,Validity,False,157,21,29,0.7241379310344828,9.55e-06,False,5.104945182800293,5.374453544616699,6.506082534790039,-11.558969403471636
Validity3,23,to,Validity,False,157,22,29,0.7586206896551724,0.0269,True,3.011199951171875,2.915376663208008,2.4285035133361816,-3.6156289923743437
Validity3,24,measure,Validity,False,157,23,29,0.7931034482758621,4.47e-05,False,1.3822617530822754,2.2158329486846924,1.1341496706008911,-10.015537056344751
Validity3,25,',Validity,True,157,23,29,0.7931034482758621,0.0,False,7.297466278076172,7.481215000152588,4.460298538208008,
Validity3,26,attitude,Validity,False,157,24,29,0.8275862068965517,3.8e-05,False,16.578598022460938,16.007715225219727,7.438591957092285,-10.177924398237888
Validity3,27,toward,Validity,False,157,25,29,0.8620689655172413,5.25e-05,False,4.595741271972656,5.117717742919922,6.093491554260254,-9.854697388366697
Validity3,28,the,Validity,False,157,26,29,0.896551724137931,0.0537,True,2.2999072074890137,1.8273837566375728,2.684735059738159,-2.9243422774673182
Validity3,29,use,Validity,False,157,27,29,0.9310344827586208,0.000646,False,7.074179172515869,7.42182731628418,6.416297435760498,-7.344711054181673
Validity3,30,of,Validity,False,157,28,29,0.9655172413793104,0.0251,True,0.0435167253017425,0.0269870311021804,0.0315966792404651,-3.684887432844399
Validity3,31,contraceptives,Validity,False,157,29,29,1.0,1.05e-06,False,5.687845230102539,6.578574180603027,6.598016738891602,-13.766720393794841
Validity3,32,',Validity,True,157,29,29,1.0,0.0,False,2.072113513946533,5.153599262237549,4.51972246170044,
Validity3,33,.,Validity,True,157,29,29,1.0,0.0,False,,,,
Validity3,34,To,Validity,False,158,0,34,0.0,0.0269,True,4.9834065437316895,4.770366668701172,4.863284587860107,-3.6156289923743437
Validity3,35,tap,Validity,False,158,1,34,0.0294117647058823,1.91e-05,False,10.436240196228027,9.431764602661133,10.318263053894045,-10.86582222291169
Validity3,36,the,Validity,False,158,2,34,0.0588235294117647,0.0537,True,1.870935320854187,3.6863393783569336,3.7435953617095943,-2.9243422774673182
Validity3,37,cognitive,Validity,False,158,3,34,0.088235294117647,1.29e-05,False,5.538483142852783,7.437358856201172,4.51407527923584,-11.258283246596648
Validity3,38,component,Validity,False,158,4,34,0.1176470588235294,2.09e-05,False,5.329598426818848,7.238548278808594,0.736499547958374,-10.77576139899351
Validity3,39,they,Validity,False,158,5,34,0.1470588235294117,0.00316,True,7.382976531982422,7.989006042480469,5.916653156280518,-5.757183251383316
Validity3,40,included,Validity,False,158,6,34,0.1764705882352941,0.000107,False,5.188859939575195,5.2146711349487305,5.699372291564941,-9.142681723502369
Validity3,41,positive,Validity,False,158,7,34,0.2058823529411764,9.77e-05,False,6.738155364990234,8.300274848937988,8.519052505493164,-9.233608998915537
Validity3,42,and,Validity,False,158,8,34,0.2352941176470588,0.0257,True,1.414784550666809,1.232398271560669,1.4735456705093384,-3.661264287080963
Validity3,43,negative,Validity,False,158,9,34,0.2647058823529412,6.17e-05,False,0.0567956455051898,0.0111195407807827,0.0090148579329252,-9.693226627052931
Validity3,44,statements,Validity,False,158,10,34,0.2941176470588235,3.24e-05,False,6.562254428863525,6.986024975776672,7.109627723693848,-10.33735213516599
Validity3,45,",",Validity,True,158,10,34,0.2941176470588235,0.0,False,,,,
Validity3,46,such,Validity,False,158,11,34,0.3235294117647059,0.000692,True,2.522504568099976,5.248782157897949,4.255967617034912,-7.275924602346604
Validity3,47,as,Validity,False,158,12,34,0.3529411764705882,0.00589,True,2.2131118695251644,2.844707310199737,2.3786019012331963,-5.134499281318642
Validity3,48,:,Validity,True,158,12,34,0.3529411764705882,0.0,False,0.4109116196632385,0.8622763752937317,1.1904397010803225,
Validity3,49,',Validity,True,158,12,34,0.3529411764705882,0.0,False,,,,
Validity3,50,Birth,Validity,False,158,13,34,0.3823529411764705,5.89e-05,False,9.20450496673584,10.130992889404297,10.376273155212402,-9.739669467306733
Validity3,51,control,Validity,False,158,14,34,0.4117647058823529,0.000251,False,0.0555238388478755,1.1803395748138428,1.696458101272583,-8.29005761883249
Validity3,52,will,Validity,False,158,15,34,0.4411764705882353,0.00282,True,3.994063854217529,3.9396872520446777,4.354870796203613,-5.871018394032115
Validity3,53,help,Validity,False,158,16,34,0.4705882352941176,0.000562,False,2.044792652130127,3.185086727142334,3.1195874214172363,-7.484008708070583
Validity3,54,me,Validity,False,158,17,34,0.5,0.00302,True,2.1826589107513428,1.795376896858215,1.4761285781860352,-5.802498447595359
Validity3,55,postpone,Validity,False,158,18,34,0.5294117647058824,3.02e-06,False,9.309139251708984,8.995009422302246,9.500317573547363,-12.710253726577497
Validity3,56,childbirth,Validity,False,158,19,34,0.5588235294117647,2.63e-06,False,2.8525891304016118,5.574874877929688,5.861228466033936,-12.848526711774602
Validity3,57,as,Validity,False,158,20,34,0.5882352941176471,0.00589,True,4.9761738777160645,4.67167854309082,5.0182390213012695,-5.134499281318642
Validity3,58,long,Validity,False,158,21,34,0.6176470588235294,0.000646,False,2.444167375564575,2.1414685249328613,2.0295588970184326,-7.344711054181673
Validity3,59,as,Validity,False,158,22,34,0.6470588235294118,0.00589,True,0.0016745605971664,0.0046094353310763,0.0054762349463999,-5.134499281318642
Validity3,60,I,Validity,False,158,23,34,0.6764705882352942,0.0123,True,0.9116337895393372,0.9029428362846376,1.0021984577178955,-4.398156016603766
Validity3,61,want,Validity,False,158,24,34,0.7058823529411765,0.0011,False,4.0126824378967285,2.843157291412353,3.751169681549072,-6.812445099177812
Validity3,62,',Validity,True,158,24,34,0.7058823529411765,0.0,False,5.4988298416137695,2.8960018157958984,3.825549840927124,
Validity3,63,and,Validity,False,158,25,34,0.7352941176470589,0.0257,True,1.5762319564819336,2.60475492477417,2.506300687789917,-3.661264287080963
Validity3,64,',Validity,True,158,25,34,0.7352941176470589,0.0,False,0.1690087914466858,0.2403705418109893,0.453178346157074,
Validity3,65,I,Validity,False,158,26,34,0.7647058823529411,0.0123,True,1.475555419921875,1.3473694324493408,1.4646577835083008,-4.398156016603766
Validity3,66,believe,Validity,False,158,27,34,0.7941176470588235,0.000324,False,5.009953498840332,4.206439971923828,3.618986606597901,-8.034767042171945
Validity3,67,that,Validity,False,158,28,34,0.8235294117647058,0.0102,True,1.2796313762664795,1.7172249555587769,1.3034465312957764,-4.585367558691911
Validity3,68,birth,Validity,False,158,29,34,0.8529411764705882,5.89e-05,False,2.2613794803619385,2.7152352333068848,3.779394388198853,-9.739669467306733
Validity3,69,control,Validity,False,158,30,34,0.8823529411764706,0.000251,False,0.0094384169206023,0.0079338885843753,0.0148034449666738,-8.29005761883249
Validity3,70,causes,Validity,False,158,31,34,0.9117647058823528,4.27e-05,False,4.354583740234375,6.294150352478027,5.611703395843506,-10.061311637729695
Validity3,71,many,Validity,False,158,32,34,0.9411764705882352,0.000813,False,6.161750793457031,5.732080459594727,5.476509094238281,-7.1147794484164635
Validity3,72,birth,Validity,False,158,33,34,0.9705882352941176,5.89e-05,False,3.981979131698608,3.843058824539185,5.065997123718262,-9.739669467306733
Validity3,73,defects,Validity,False,158,34,34,1.0,5.89e-06,False,0.0872021839022636,0.3650209009647369,0.3570282161235809,-12.042254560300778
Validity3,74,',Validity,True,158,34,34,1.0,0.0,False,3.364445209503174,3.273813247680664,3.5340704917907715,
Validity3,75,.,Validity,True,158,34,34,1.0,0.0,False,,,,
Validity3,76,For,Validity,False,159,0,28,0.0,0.0102,True,4.387986183166504,4.623310565948486,4.682626247406006,-4.585367558691911
Validity3,77,the,Validity,False,159,1,28,0.0357142857142857,0.0537,True,1.8724889755249023,1.5573145151138306,1.492938756942749,-2.9243422774673182
Validity3,78,affective,Validity,False,159,2,28,0.0714285714285714,1e-06,False,10.346827864646912,9.748873859643936,6.5920691676437855,-13.815510557964274
Validity3,79,component,Validity,False,159,3,28,0.1071428571428571,2.09e-05,False,0.7807378172874451,0.6492051482200623,0.0986075103282928,-10.77576139899351
Validity3,80,they,Validity,False,159,4,28,0.1428571428571428,0.00316,True,1.0031801462173462,0.3667711019515991,0.7499855160713196,-5.757183251383316
Validity3,81,included,Validity,False,159,5,28,0.1785714285714285,0.000107,False,0.8560430407524109,0.2911198735237121,0.4053749740123749,-9.142681723502369
Validity3,82,statements,Validity,False,159,6,28,0.2142857142857142,3.24e-05,False,3.8697991371154794,5.125851154327393,3.972642421722412,-10.33735213516599
Validity3,83,such,Validity,False,159,7,28,0.25,0.000692,True,0.3767101168632507,0.6038948893547058,0.9523676037788392,-7.275924602346604
Validity3,84,as,Validity,False,159,8,28,0.2857142857142857,0.00589,True,0.6033096737228334,0.5857929438352585,0.5712772458791733,-5.134499281318642
Validity3,85,:,Validity,True,159,8,28,0.2857142857142857,0.0,False,0.1152184978127479,0.0497610345482826,0.070577397942543,
Validity3,86,',Validity,True,159,8,28,0.2857142857142857,0.0,False,,,,
Validity3,87,I,Validity,False,159,9,28,0.3214285714285714,0.0123,True,0.8494822978973389,1.0837438106536863,0.9957547783851624,-4.398156016603766
Validity3,88,am,Validity,False,159,10,28,0.3571428571428571,0.000603,True,2.0637333393096924,2.072911500930786,1.908955216407776,-7.413593361237089
Validity3,89,happy,Validity,False,159,11,28,0.3928571428571428,0.000224,False,3.645207166671753,3.655992984771729,3.690908908843994,-8.403864506109235
Validity3,90,to,Validity,False,159,12,28,0.4285714285714285,0.0269,True,1.7896190881729126,1.636532187461853,1.6138734817504885,-3.6156289923743437
Validity3,91,learn,Validity,False,159,13,28,0.4642857142857143,0.000148,False,5.137885093688965,5.828752517700195,5.267233371734619,-8.818298284200159
Validity3,92,about,Validity,False,159,14,28,0.5,0.00251,True,2.1531167030334477,2.970756769180298,3.5498921871185303,-5.987472525838444
Validity3,93,the,Validity,False,159,15,28,0.5357142857142857,0.0537,True,2.170910596847534,1.9587011337280276,1.9644131660461424,-2.9243422774673182
Validity3,94,benefits,Validity,False,159,16,28,0.5714285714285714,6.92e-05,False,1.4209942817687988,1.8735660314559937,2.70184326171875,-9.57850969534065
Validity3,95,of,Validity,False,159,17,28,0.6071428571428571,0.0251,True,0.1023979187011718,0.1240389198064804,0.1199493408203125,-3.684887432844399
Validity3,96,birth,Validity,False,159,18,28,0.6428571428571429,5.89e-05,False,0.5561128258705139,1.462437629699707,2.1527199745178223,-9.739669467306733
Validity3,97,control,Validity,False,159,19,28,0.6785714285714286,0.000251,False,0.0052926898933947,0.0072123166173696,0.0088961208239197,-8.29005761883249
Validity3,98,',Validity,True,159,19,28,0.6785714285714286,0.0,False,1.876981258392334,0.8500246405601501,1.4716798067092896,
Validity3,99,and,Validity,False,159,20,28,0.7142857142857143,0.0257,True,0.3743533790111542,0.1426126509904861,0.2107428312301635,-3.661264287080963
Validity3,100,',Validity,True,159,20,28,0.7142857142857143,0.0,False,0.0820968300104141,0.1132064908742904,0.1182650551199913,
Validity3,101,The,Validity,False,159,21,28,0.75,0.0537,True,4.443799018859863,5.09537935256958,5.0773749351501465,-2.9243422774673182
Validity3,102,very,Validity,False,159,22,28,0.7857142857142857,0.001,True,7.268614768981934,7.503558158874512,7.463338851928711,-6.907755278982137
Validity3,103,thought,Validity,False,159,23,28,0.8214285714285714,0.000389,False,4.224224090576172,4.333916187286377,4.31110429763794,-7.851931214345828
Validity3,104,of,Validity,False,159,24,28,0.8571428571428571,0.0251,True,0.2829391956329345,0.8140475749969482,0.878159761428833,-3.684887432844399
Validity3,105,birth,Validity,False,159,25,28,0.8928571428571429,5.89e-05,False,2.025653839111328,2.442862272262573,3.2292122840881348,-9.739669467306733
Validity3,106,control,Validity,False,159,26,28,0.9285714285714286,0.000251,False,0.0176157671958208,0.0071417759172618,0.0073937345296144,-8.29005761883249
Validity3,107,disgusts,Validity,False,159,27,28,0.9642857142857144,4.79e-07,False,11.003092974424362,10.695438276976349,10.159710258245468,-14.551565239535496
Validity3,108,me,Validity,False,159,28,28,1.0,0.00302,True,0.0897335708141326,0.0195714086294174,0.0249481871724128,-5.802498447595359
Validity3,109,',Validity,True,159,28,28,1.0,0.0,False,2.8847415447235107,1.7377963066101074,1.940302848815918,
Validity3,110,.,Validity,True,159,28,28,1.0,0.0,False,,,,
Validity3,111,For,Validity,False,160,0,31,0.0,0.0102,True,2.070723295211792,1.6408098936080933,2.440946102142334,-4.585367558691911
Validity3,112,the,Validity,False,160,1,31,0.032258064516129,0.0537,True,0.2020692378282547,0.0308623984456062,0.0112938871607184,-2.9243422774673182
Validity3,113,behavioral,Validity,False,160,2,31,0.064516129032258,7.24e-06,False,6.636557579040527,6.764741897583008,0.1144471392035484,-11.83588935156665
Validity3,114,component,Validity,False,160,3,31,0.0967741935483871,2.09e-05,False,0.0874533280730247,0.0161693654954433,0.002436171285808,-10.77576139899351
Validity3,115,they,Validity,False,160,4,31,0.1290322580645161,0.00316,True,0.1311891674995422,0.0803370550274849,0.0818746536970138,-5.757183251383316
Validity3,116,used,Validity,False,160,5,31,0.1612903225806451,0.000631,False,4.22671365737915,7.735027313232422,7.266939163208008,-7.368204695423061
Validity3,117,statements,Validity,False,160,6,31,0.1935483870967742,3.24e-05,False,4.692691802978516,1.4320398569107056,1.2841196060180664,-10.33735213516599
Validity3,118,such,Validity,False,160,7,31,0.2258064516129032,0.000692,True,0.0719165354967117,0.0696403980255127,0.125667467713356,-7.275924602346604
Validity3,119,as,Validity,False,160,8,31,0.2580645161290322,0.00589,True,0.2594553712988272,0.2815372943878174,0.390508808195591,-5.134499281318642
Validity3,120,:,Validity,True,160,8,31,0.2580645161290322,0.0,False,0.0771872252225875,0.0170238632708787,0.0267321858555078,
Validity3,121,',Validity,True,160,8,31,0.2580645161290322,0.0,False,,,,
Validity3,122,I,Validity,False,160,9,31,0.2903225806451613,0.0123,True,0.5815386772155762,0.6253383159637451,0.6302129030227661,-4.398156016603766
Validity3,123,would,Validity,False,160,10,31,0.3225806451612903,0.00186,False,3.6887922286987305,4.147482872009277,4.216672420501709,-6.287178791257027
Validity3,124,volunteer,Validity,False,160,11,31,0.3548387096774194,1.91e-05,False,9.279361724853516,9.096492767333984,8.886637687683105,-10.86582222291169
Validity3,125,to,Validity,False,160,12,31,0.3870967741935484,0.0269,True,0.7710387706756592,0.5656916499137878,0.4872111678123474,-3.6156289923743437
Validity3,126,speak,Validity,False,160,13,31,0.4193548387096774,0.000107,False,5.930515289306641,7.241305351257324,6.51956033706665,-9.142681723502369
Validity3,127,about,Validity,False,160,14,31,0.4516129032258064,0.00251,True,2.536259174346924,3.7533726692199703,4.186715126037598,-5.987472525838444
Validity3,128,the,Validity,False,160,15,31,0.4838709677419355,0.0537,True,1.7690485715866089,2.0368239879608154,1.718079924583435,-2.9243422774673182
Validity3,129,merits,Validity,False,160,16,31,0.5161290322580645,4.68e-06,False,5.753808975219727,5.986188411712647,5.516626358032227,-12.272212448034718
Validity3,130,of,Validity,False,160,17,31,0.5483870967741935,0.0251,True,0.2171420305967331,0.1915963441133499,0.1538305729627609,-3.684887432844399
Validity3,131,birth,Validity,False,160,18,31,0.5806451612903226,5.89e-05,False,0.4382132291793823,0.3259977400302887,0.8584161400794983,-9.739669467306733
Validity3,132,control,Validity,False,160,19,31,0.6129032258064516,0.000251,False,0.0022498075850307,0.0048572877421975,0.0057430737651884,-8.29005761883249
Validity3,133,',Validity,True,160,19,31,0.6129032258064516,0.0,False,1.3993951082229614,0.3167444169521332,0.6498099565505981,
Validity3,134,and,Validity,False,160,20,31,0.6451612903225806,0.0257,True,0.113302506506443,0.075654000043869,0.1135440915822982,-3.661264287080963
Validity3,135,',Validity,True,160,20,31,0.6451612903225806,0.0,False,0.0350480265915393,0.0619997717440128,0.0423572622239589,
Validity3,136,I,Validity,False,160,21,31,0.6774193548387096,0.0123,True,0.6077250838279724,0.6774914264678955,0.3758592009544372,-4.398156016603766
Validity3,137,would,Validity,False,160,22,31,0.7096774193548387,0.00186,False,1.3594995737075806,1.7662779092788696,1.95271098613739,-6.287178791257027
Validity3,138,walk,Validity,False,160,23,31,0.7419354838709677,0.00012,False,8.17385482788086,7.68187141418457,7.556998252868652,-9.028018815182229
Validity3,139,a,Validity,False,160,24,31,0.7741935483870968,0.0229,True,4.08252477645874,3.466269493103028,3.398050308227539,-3.776618368421943
Validity3,140,mile,Validity,False,160,25,31,0.8064516129032258,3.89e-05,False,2.6156115531921387,1.0778937339782717,0.8028625249862671,-10.154516307339874
Validity3,141,to,Validity,False,160,26,31,0.8387096774193549,0.0269,True,2.4671905040740967,1.5107018947601318,1.682182550430298,-3.6156289923743437
Validity3,142,get,Validity,False,160,27,31,0.8709677419354839,0.00191,False,1.6404224634170532,1.905166506767273,1.4914703369140625,-6.260652036923599
Validity3,143,my,Validity,False,160,28,31,0.9032258064516128,0.00372,True,2.9596009254455566,2.8813741207122803,2.4782938957214355,-5.5940316106970815
Validity3,144,birth,Validity,False,160,29,31,0.935483870967742,5.89e-05,False,2.7697083950042725,3.4076039791107178,3.506171226501465,-9.739669467306733
Validity3,145,control,Validity,False,160,30,31,0.967741935483871,0.000251,False,0.0534785687923431,0.3006281852722168,0.4089954197406769,-8.29005761883249
Validity3,146,supplies,Validity,False,160,31,31,1.0,3.02e-05,False,9.708361625671388,7.943364143371582,7.932146072387695,-10.40766863358345
Validity3,147,',Validity,True,160,31,31,1.0,0.0,False,3.3780975341796875,1.5824905633926392,1.926354169845581,
Validity3,148,.,Validity,True,160,31,31,1.0,0.0,False,,,,
Validity4,1,They,Validity,False,161,0,28,0.0,0.00316,True,6.51154375076294,5.468108177185059,2.723879814147949,-5.757183251383316
Validity4,2,then,Validity,False,161,1,28,0.0357142857142857,0.00117,True,7.423066139221191,9.40217399597168,2.136003017425537,-6.750751530172472
Validity4,3,administered,Validity,False,161,2,28,0.0714285714285714,9.12e-06,False,9.14262580871582,11.33254623413086,9.151655197143556,-11.605040753878034
Validity4,4,all,Validity,False,161,3,28,0.1071428571428571,0.00331,True,6.332711219787598,4.393141746520996,6.233882904052734,-5.710807089593166
Validity4,5,the,Validity,False,161,4,28,0.1428571428571428,0.0537,True,1.214293360710144,1.0070401430130005,1.8317270278930664,-2.9243422774673182
Validity4,6,scales,Validity,False,161,5,28,0.1785714285714285,9.55e-06,False,9.731992721557615,10.77317237854004,1.954734683036804,-11.558969403471636
Validity4,7,to,Validity,False,161,6,28,0.2142857142857142,0.0269,True,1.7884666919708252,2.388286590576172,1.7591460943222046,-3.6156289923743437
Validity4,8,a,Validity,False,161,7,28,0.25,0.0229,True,2.7642548084259038,2.818516731262207,3.3626275062561035,-3.776618368421943
Validity4,9,randomly,Validity,False,161,8,28,0.2857142857142857,9.33e-06,False,6.06648588180542,7.775374412536621,4.67542839050293,-11.582275543105021
Validity4,10,selected,Validity,False,161,9,28,0.3214285714285714,4.79e-05,False,0.2992120087146759,0.7042527198791504,0.4527820646762848,-9.946395053547404
Validity4,11,sample,Validity,False,161,10,28,0.3571428571428571,3.39e-05,False,2.2761011123657227,4.700693607330322,1.377046823501587,-10.29209554357787
Validity4,12,of,Validity,False,161,11,28,0.3928571428571428,0.0251,True,0.2133738398551941,0.6065335869789124,0.2999890148639679,-3.684887432844399
Validity4,13,nearly,Validity,False,161,12,28,0.4285714285714285,0.0001,False,6.105075836181641,7.295946598052978,7.029608726501465,-9.210340371976182
Validity4,14,500,Validity,False,161,13,28,0.4642857142857143,1.42e-06,False,3.17633056640625,3.3606958389282227,2.74312686920166,-13.464853686351105
Validity4,15,black,Validity,False,161,14,28,0.5,0.000288,False,6.095217704772949,6.344185829162598,8.707566261291504,-8.152550077828328
Validity4,16,low-income,Validity,False,161,15,28,0.5357142857142857,6.5e-05,False,9.202666968107224,12.828153491020204,11.022045969963074,-9.641123288068638
Validity4,17,married,Validity,False,161,16,28,0.5714285714285714,0.000107,False,8.641352653503418,7.086464405059815,7.203016757965088,-9.142681723502369
Validity4,18,women,Validity,False,161,17,28,0.6071428571428571,0.000372,False,2.005251407623291,2.221071243286133,1.7945222854614258,-7.8966167036911274
Validity4,19,who,Validity,False,161,18,28,0.6428571428571429,0.00219,True,2.367682456970215,2.53020453453064,2.215751886367798,-6.123853735153728
Validity4,20,were,Validity,False,161,19,28,0.6785714285714286,0.00219,True,1.3906800746917725,1.3594197034835815,1.5474542379379272,-6.123853735153728
Validity4,21,residents,Validity,False,161,20,28,0.7142857142857143,4.37e-05,False,7.909498691558838,8.761510848999023,9.448090553283691,-10.03816245586273
Validity4,22,of,Validity,False,161,21,28,0.75,0.0251,True,0.1891973465681076,0.1308163702487945,0.1313266456127166,-3.684887432844399
Validity4,23,a,Validity,False,161,22,28,0.7857142857142857,0.0229,True,2.949405670166016,1.9768840074539185,1.9754704236984253,-3.776618368421943
Validity4,24,public,Validity,False,161,23,28,0.8214285714285714,0.000372,False,4.775679588317871,4.581843376159668,4.446419715881348,-7.8966167036911274
Validity4,25,housing,Validity,False,161,24,28,0.8571428571428571,5.89e-05,False,1.0207974910736084,0.4987500011920929,0.930563986301422,-9.739669467306733
Validity4,26,project,Validity,False,161,25,28,0.8928571428571429,0.000166,False,0.5893608331680298,2.185658693313598,1.632093906402588,-8.703522769607732
Validity4,28,in,Validity,False,161,26,28,0.9285714285714286,0.0186,True,0.8633565902709961,0.6616782546043396,0.7476027607917786,-3.9845936982629815
Validity4,29,North,Validity,False,161,27,28,0.9642857142857144,0.000219,False,4.471903800964356,4.724231243133545,4.779648303985596,-8.426438828147774
Validity4,30,Carolina,Validity,False,161,28,28,1.0,3.31e-05,False,1.313180148601532,1.3679827749729156,1.0031570196151731,-10.315977275581258
Validity4,31,.,Validity,True,161,28,28,1.0,0.0,False,,,,
Validity4,32,They,Validity,False,162,0,11,0.0,0.00316,True,2.606545925140381,2.6415698528289795,1.6850260496139526,-5.757183251383316
Validity4,33,also,Validity,False,162,1,11,0.0909090909090909,0.00155,False,2.7285962104797363,3.0650739669799805,3.6410083770751953,-6.469500348050982
Validity4,34,asked,Validity,False,162,2,11,0.1818181818181818,0.0002,False,3.262360095977783,4.3637895584106445,2.987349271774292,-8.517193191416238
Validity4,35,each,Validity,False,162,3,11,0.2727272727272727,0.00049,True,3.4145514965057373,3.4839138984680176,3.856454372406006,-7.621105166859602
Validity4,36,woman,Validity,False,162,4,11,0.3636363636363636,0.000224,False,0.6377955675125122,0.7745440602302551,1.9697283506393437,-8.403864506109235
Validity4,37,about,Validity,False,162,5,11,0.4545454545454545,0.00251,True,2.133237361907959,3.875698566436768,3.0670242309570312,-5.987472525838444
Validity4,38,her,Validity,False,162,6,11,0.5454545454545454,0.002,True,0.8273085355758667,0.6254410147666931,0.8850698471069336,-6.214608098422191
Validity4,39,use,Validity,False,162,7,11,0.6363636363636364,0.000646,False,4.866726875305176,5.728487014770508,4.498973846435547,-7.344711054181673
Validity4,40,of,Validity,False,162,8,11,0.7272727272727273,0.0251,True,0.0137128448113799,0.0144546525552868,0.0145219769328832,-3.684887432844399
Validity4,41,birth,Validity,False,162,9,11,0.8181818181818182,5.89e-05,False,5.246685981750488,4.756916999816895,0.7206676006317139,-9.739669467306733
Validity4,42,control,Validity,False,162,10,11,0.9090909090909092,0.000251,False,0.0081768985837697,0.0216285828500986,0.0059721595607697,-8.29005761883249
Validity4,43,devices,Validity,False,162,11,11,1.0,3.89e-05,False,9.350019097328186,9.317281603813171,9.851388096809387,-10.154516307339874
Validity4,44,.,Validity,True,162,11,11,1.0,0.0,False,,,,
Validity4,45,The,Validity,False,163,0,22,0.0,0.0537,True,1.8468921184539795,2.419369697570801,1.489919900894165,-2.9243422774673182
Validity4,46,results,Validity,False,163,1,22,0.0454545454545454,0.00017,False,1.361885905265808,2.8343660831451416,1.969802498817444,-8.679712120914012
Validity4,47,of,Validity,False,163,2,22,0.0909090909090909,0.0251,True,3.1395153999328613,1.5627299547195437,1.5475980043411257,-3.684887432844399
Validity4,48,this,Validity,False,163,3,22,0.1363636363636363,0.00661,True,1.9778581857681277,1.917039155960083,0.8451741337776184,-5.019171625118542
Validity4,49,study,Validity,False,163,4,22,0.1818181818181818,0.000182,False,0.6692780256271362,1.855717897415161,0.7602713108062744,-8.611503870887478
Validity4,50,yielded,Validity,False,163,5,22,0.2272727272727272,3.24e-06,False,7.566358089447021,7.858982563018799,7.698938369750977,-12.639937228160036
Validity4,51,strong,Validity,False,163,6,22,0.2727272727272727,0.000166,False,5.780982971191406,5.8092942237854,4.018183708190918,-8.703522769607732
Validity4,52,evidence,Validity,False,163,7,22,0.3181818181818182,0.000138,False,1.2162731885910034,0.764891505241394,0.4698169231414795,-8.88825687280707
Validity4,53,of,Validity,False,163,8,22,0.3636363636363636,0.0251,True,1.725191593170166,1.8484998941421509,2.1679491996765137,-3.684887432844399
Validity4,54,discriminant,Validity,False,163,9,22,0.4090909090909091,1.62e-07,False,15.841057300567629,14.96069622039795,8.051765233278275,-15.635669501714027
Validity4,55,validity,Validity,False,163,10,22,0.4545454545454545,5.01e-06,False,3.2652978897094727,7.372464656829834,0.0281899403780698,-12.2040746428675
Validity4,56,among,Validity,False,163,11,22,0.5,0.000204,False,4.547266960144043,3.758923053741455,5.188848495483398,-8.497390564120058
Validity4,57,the,Validity,False,163,12,22,0.5454545454545454,0.0537,True,2.061971426010132,1.903051733970642,1.8654868602752688,-2.9243422774673182
Validity4,58,cognitive,Validity,False,163,13,22,0.5909090909090909,1.29e-05,False,8.493583679199219,10.429458618164062,8.5284423828125,-11.258283246596648
Validity4,59,affective,Validity,False,163,14,22,0.6363636363636364,1e-06,False,9.128445237874985,11.529806315898895,8.231379345059395,-13.815510557964274
Validity4,60,and,Validity,False,163,15,22,0.6818181818181818,0.0257,True,3.358463764190674,3.2060670852661133,1.1545312404632568,-3.661264287080963
Validity4,61,behavioral,Validity,False,163,16,22,0.7272727272727273,7.24e-06,False,2.79129695892334,2.954373836517334,0.2173026353120803,-11.83588935156665
Validity4,62,dimensions,Validity,False,163,17,22,0.7727272727272727,1.12e-05,False,4.265307426452637,6.258619785308838,4.537267684936523,-11.399596779663225
Validity4,63,as,Validity,False,163,18,22,0.8181818181818182,0.00589,True,6.432659149169922,6.160520076751709,5.101578712463379,-5.134499281318642
Validity4,64,well,Validity,False,163,19,22,0.8636363636363636,0.00107,False,0.483228862285614,0.6753773093223572,0.5049051642417908,-6.840096630508322
Validity4,65,as,Validity,False,163,20,22,0.9090909090909092,0.00589,True,0.0460852943360805,0.0657639279961586,0.0792298838496208,-5.134499281318642
Validity4,66,convergent,Validity,False,163,21,22,0.9545454545454546,6.31e-07,False,9.11158972978592,11.533705353736876,8.235556306317449,-14.275959974405199
Validity4,67,validity,Validity,False,163,22,22,1.0,5.01e-06,False,4.242880463600159,7.874423503875732,1.8700547199696305,-12.2040746428675
Validity4,68,.,Validity,True,163,22,22,1.0,0.0,False,,,,
Validity4,69,This,Validity,False,164,0,26,0.0,0.00661,True,3.366399049758911,3.797189474105835,2.7904131412506104,-5.019171625118542
Validity4,70,indicates,Validity,False,164,1,26,0.0384615384615384,1.74e-05,False,4.739628314971924,5.312064170837402,5.096024513244629,-10.959040351743791
Validity4,71,(a),Validity,False,164,2,26,0.0769230769230769,0.0229,False,11.16996844485402,9.758522182703018,8.751482291612774,-3.776618368421943
Validity4,72,that,Validity,False,164,3,26,0.1153846153846153,0.0102,True,0.2458445876836776,0.1838945150375366,0.1970753371715545,-4.585367558691911
Validity4,73,the,Validity,False,164,4,26,0.1538461538461538,0.0537,True,1.6079777479171753,1.6105471849441528,1.4015343189239502,-2.9243422774673182
Validity4,74,scales,Validity,False,164,5,26,0.1923076923076923,9.55e-06,False,6.382005214691162,7.558515071868896,7.881216049194336,-11.558969403471636
Validity4,75,were,Validity,False,164,6,26,0.2307692307692307,0.00219,True,2.177096128463745,1.9737149477005005,2.5558156967163086,-6.123853735153728
Validity4,76,indeed,Validity,False,164,7,26,0.2692307692307692,6.17e-05,False,5.976576805114746,4.5491943359375,3.90328049659729,-9.693226627052931
Validity4,77,measuring,Validity,False,164,8,26,0.3076923076923077,1.17e-05,False,6.633031845092773,7.895658493041992,5.433950424194336,-11.355921716160564
Validity4,78,three,Validity,False,164,9,26,0.3461538461538461,0.000603,False,7.8539228439331055,7.3213701248168945,7.192217826843262,-7.413593361237089
Validity4,79,different,Validity,False,164,10,26,0.3846153846153846,0.000389,False,2.83160400390625,1.7040871381759644,1.1876041889190674,-7.851931214345828
Validity4,80,dimensions,Validity,False,164,11,26,0.4230769230769231,1.12e-05,False,4.5119922161102295,3.302091717720032,4.21732234954834,-11.399596779663225
Validity4,81,",",Validity,True,164,11,26,0.4230769230769231,0.0,False,,,,
Validity4,82,and,Validity,False,164,12,26,0.4615384615384615,0.0257,True,1.8271290063858032,1.41311514377594,1.3569241762161257,-3.661264287080963
Validity4,83,(b),Validity,False,164,13,26,0.5,0.000224,False,0.221725212642923,0.126502183265984,0.1068950152839534,-8.403864506109235
Validity4,84,that,Validity,False,164,14,26,0.5384615384615384,0.0102,True,0.0852862149477005,0.0286992881447076,0.0509348325431346,-4.585367558691911
Validity4,85,these,Validity,False,164,15,26,0.5769230769230769,0.0011,True,3.2823853492736816,3.308173418045044,3.864201545715332,-6.812445099177812
Validity4,86,three,Validity,False,164,16,26,0.6153846153846154,0.000603,False,2.835108995437622,1.919499397277832,1.7505658864974976,-7.413593361237089
Validity4,87,dimensions,Validity,False,164,17,26,0.6538461538461539,1.12e-05,False,4.501877009868622,4.747045278549194,4.872409246861935,-11.399596779663225
Validity4,88,",",Validity,True,164,17,26,0.6538461538461539,0.0,False,,,,
Validity4,89,or,Validity,False,164,18,26,0.6923076923076923,0.00347,True,4.810042381286621,4.216850280761719,4.173007965087891,-5.663600685023369
Validity4,90,components,Validity,False,164,19,26,0.7307692307692307,2.75e-05,False,7.240511775016785,7.765801250934601,6.112528145313263,-10.501324553291749
Validity4,91,",",Validity,True,164,19,26,0.7307692307692307,0.0,False,,,,
Validity4,92,were,Validity,False,164,20,26,0.7692307692307693,0.00219,True,1.6911600828170776,1.250597596168518,1.3606038093566897,-6.123853735153728
Validity4,93,part,Validity,False,164,21,26,0.8076923076923077,0.000603,False,6.277159214019775,6.918291091918945,6.98416805267334,-7.413593361237089
Validity4,94,of,Validity,False,164,22,26,0.8461538461538461,0.0251,True,0.0186859760433435,0.029841249808669,0.0473050326108932,-3.684887432844399
Validity4,95,the,Validity,False,164,23,26,0.8846153846153846,0.0537,True,1.0203309059143066,1.4286994934082031,1.7014589309692385,-2.9243422774673182
Validity4,96,same,Validity,False,164,24,26,0.9230769230769232,0.000631,True,1.4705032110214231,0.7874263525009155,0.9669399857521056,-7.368204695423061
Validity4,97,general,Validity,False,164,25,26,0.9615384615384616,0.000295,False,3.0019421577453613,4.510083198547363,4.992161273956299,-8.128535201624453
Validity4,98,construct,Validity,False,164,26,26,1.0,9.55e-06,False,5.185500741004944,6.552104592323303,6.848520755767822,-11.558969403471636
Validity4,99,.,Validity,True,164,26,26,1.0,0.0,False,,,,
Validity5,1,Once,Validity,False,165,0,30,0.0,0.000339,True,7.587219715118408,8.030355453491211,6.3440446853637695,-7.989510450583824
Validity5,2,we,Validity,False,165,1,30,0.0333333333333333,0.00347,True,4.173975467681885,4.444023609161377,1.8268179893493648,-5.663600685023369
Validity5,3,have,Validity,False,165,2,30,0.0666666666666666,0.00513,True,2.291855812072754,2.7894129753112797,1.4517135620117188,-5.272649619799459
Validity5,4,been,Validity,False,165,3,30,0.1,0.00186,True,4.433042526245117,5.510068893432617,3.559995651245117,-6.287178791257027
Validity5,5,successful,Validity,False,165,4,30,0.1333333333333333,8.71e-05,False,5.214308738708496,5.3997063636779785,6.053244590759277,-9.348453674105818
Validity5,6,in,Validity,False,165,5,30,0.1666666666666666,0.0186,True,0.6342032551765442,1.1828471422195437,0.3015982806682586,-3.9845936982629815
Validity5,7,establishing,Validity,False,165,6,30,0.2,1.29e-05,False,4.267985820770264,5.4932861328125,4.345759868621826,-11.258283246596648
Validity5,8,the,Validity,False,165,7,30,0.2333333333333333,0.0537,True,1.999502182006836,2.1248342990875244,1.471364140510559,-2.9243422774673182
Validity5,9,validity,Validity,False,165,8,30,0.2666666666666666,5.01e-06,False,6.215120315551758,9.048942565917969,2.463662624359131,-12.2040746428675
Validity5,10,of,Validity,False,165,9,30,0.3,0.0251,True,0.0607732720673084,0.0826491490006446,0.0597297884523868,-3.684887432844399
Validity5,11,our,Validity,False,165,10,30,0.3333333333333333,0.00138,True,2.215141534805298,2.1483078002929688,2.26043438911438,-6.5856717798130235
Validity5,12,construct,Validity,False,165,11,30,0.3666666666666666,9.55e-06,False,9.7117280960083,10.331534385681152,2.3979508876800537,-11.558969403471636
Validity5,13,we,Validity,False,165,12,30,0.4,0.00347,True,4.428186416625977,3.2268552780151367,8.326882362365723,-5.663600685023369
Validity5,14,must,Validity,False,165,13,30,0.4333333333333333,0.000479,False,2.3443403244018555,4.258946418762207,3.914764881134033,-7.643809960553359
Validity5,15,now,Validity,False,165,14,30,0.4666666666666667,0.00151,True,3.3624768257141118,2.8995749950408936,1.8014953136444087,-6.495645628155304
Validity5,16,ask,Validity,False,165,15,30,0.5,0.000219,False,4.835638999938965,5.566241264343262,3.242812156677246,-8.426438828147774
Validity5,17,',Validity,True,165,15,30,0.5,0.0,False,7.597870826721191,6.019731521606445,4.94758415222168,
Validity5,18,How,Validity,False,165,16,30,0.5333333333333333,0.00174,True,7.877605438232422,7.443811416625977,2.7652506828308105,-6.3538701657556995
Validity5,19,generalizable,Validity,False,165,17,30,0.5666666666666667,8.71e-08,False,18.204174041748047,16.857748985290527,16.83046865463257,-16.256208953087953
Validity5,20,is,Validity,False,165,18,30,0.6,0.0117,True,0.9709610342979432,0.8704787492752075,0.9442993998527528,-4.448166437178426
Validity5,21,the,Validity,False,165,19,30,0.6333333333333333,0.0537,True,1.0616838932037354,1.5934303998947144,1.4467628002166748,-2.9243422774673182
Validity5,22,causal,Validity,False,165,20,30,0.6666666666666666,2.14e-06,False,7.168238639831543,6.3030524253845215,5.84093189239502,-13.054704728930513
Validity5,23,relationship,Validity,False,165,21,30,0.7,0.000141,False,1.2618473768234253,1.6733789443969729,0.365249365568161,-8.866750667586105
Validity5,24,between,Validity,False,165,22,30,0.7333333333333333,0.000589,True,0.2320349663496017,0.5585861802101135,0.1258008778095245,-7.437084374312687
Validity5,25,X,Validity,False,165,23,30,0.7666666666666667,0.000158,False,7.323740005493164,5.573112964630127,1.38153338432312,-8.752915524937308
Validity5,26,and,Validity,False,165,24,30,0.8,0.0257,True,0.4982683658599853,0.4341858923435211,0.0332650952041149,-3.661264287080963
Validity5,27,Y,Validity,False,165,25,30,0.8333333333333334,0.000107,True,0.230206161737442,0.2804307043552398,0.0091326367110013,-9.142681723502369
Validity5,28,across,Validity,False,165,26,30,0.8666666666666667,0.000178,False,7.855291843414307,8.366981506347656,9.410648345947266,-8.633727007672189
Validity5,29,persons,Validity,False,165,27,30,0.9,2.69e-05,False,12.369131088256836,12.989529132843018,13.741559505462646,-10.52338427135648
Validity5,30,",",Validity,True,165,27,30,0.9,0.0,False,,,,
Validity5,31,settings,Validity,False,165,28,30,0.9333333333333332,1.7e-05,False,8.40584146976471,9.31660223007202,8.133516520261765,-10.982297213908058
Validity5,32,",",Validity,True,165,28,30,0.9333333333333332,0.0,False,,,,
Validity5,33,and,Validity,False,165,29,30,0.9666666666666668,0.0257,True,0.4797740578651428,0.8951351642608643,0.3415996134281158,-3.661264287080963
Validity5,34,times,Validity,False,165,30,30,1.0,0.000363,False,5.965282142162323,6.9111491441726685,7.309316456317902,-7.921107723699423
Validity5,35,?,Validity,True,165,30,30,1.0,0.0,False,,,,
Validity5,37,External,Validity,False,166,0,36,0.0,3.31e-05,False,11.87889289855957,14.343218803405762,12.733585357666016,-10.315977275581258
Validity5,38,validity,Validity,False,166,1,36,0.0277777777777777,5.01e-06,False,4.234321117401123,5.727409362792969,5.532867908477783,-12.2040746428675
Validity5,39,refers,Validity,False,166,2,36,0.0555555555555555,1.78e-05,False,4.868021965026856,4.968855857849121,4.806766033172607,-10.936312100666235
Validity5,40,to,Validity,False,166,3,36,0.0833333333333333,0.0269,True,0.1031207740306854,0.0350000262260437,0.0214034058153629,-3.6156289923743437
Validity5,41,the,Validity,False,166,4,36,0.1111111111111111,0.0537,True,0.6547921299934387,0.7256439328193665,0.8475732803344727,-2.9243422774673182
Validity5,42,generalizability,Validity,False,166,5,36,0.1388888888888889,5.37e-08,False,6.989784400910139,10.124197475612164,9.92781661823392,-16.73985283543159
Validity5,43,of,Validity,False,166,6,36,0.1666666666666666,0.0251,True,0.1113830506801605,0.1211621239781379,0.11275514960289,-3.684887432844399
Validity5,44,a,Validity,False,166,7,36,0.1944444444444444,0.0229,True,2.290898084640503,1.6285169124603271,1.5238405466079712,-3.776618368421943
Validity5,45,relationship,Validity,False,166,8,36,0.2222222222222222,0.000141,False,3.695753812789917,3.401348114013672,3.839407444000244,-8.866750667586105
Validity5,46,beyond,Validity,False,166,9,36,0.25,9.55e-05,False,6.246292591094971,6.227713584899902,6.645328521728516,-9.25638431047759
Validity5,47,the,Validity,False,166,10,36,0.2777777777777778,0.0537,True,1.4029850959777832,1.2276158332824707,1.2732661962509155,-2.9243422774673182
Validity5,48,circumstances,Validity,False,166,11,36,0.3055555555555556,3.89e-05,False,8.085227012634277,7.726654052734375,7.829023838043213,-10.154516307339874
Validity5,49,under,Validity,False,166,12,36,0.3333333333333333,0.000537,True,4.132951259613037,2.8889102935791016,2.52946138381958,-7.52951246345541
Validity5,50,which,Validity,False,166,13,36,0.3611111111111111,0.002,True,0.414991945028305,0.0960543304681778,0.2497386336326599,-6.214608098422191
Validity5,51,it,Validity,False,166,14,36,0.3888888888888889,0.00891,True,0.5277407169342041,0.7752897143363953,0.8944321274757385,-4.720581037499419
Validity5,52,is,Validity,False,166,15,36,0.4166666666666667,0.0117,True,0.9757596254348756,1.5561325550079346,1.4314292669296265,-4.448166437178426
Validity5,53,observed,Validity,False,166,16,36,0.4444444444444444,2.45e-05,False,2.464055061340332,2.076254606246948,2.065364122390747,-10.616837440413592
Validity5,54,by,Validity,False,166,17,36,0.4722222222222222,0.00457,True,4.9655442237854,4.305212497711182,5.209000587463379,-5.3882420740760235
Validity5,55,the,Validity,False,166,18,36,0.5,0.0537,True,1.93022096157074,1.4474940299987793,1.616111397743225,-2.9243422774673182
Validity5,56,scientist,Validity,False,166,19,36,0.5277777777777778,1.62e-05,False,7.778623580932617,7.161811828613281,5.11255407333374,-11.030499315725935
Validity5,57,or,Validity,False,166,20,36,0.5555555555555556,0.00347,True,2.833019256591797,2.783554077148437,3.121704578399658,-5.663600685023369
Validity5,58,how,Validity,False,166,21,36,0.5833333333333334,0.00174,True,7.942058086395264,7.999253273010254,7.91795539855957,-6.3538701657556995
Validity5,59,likely,Validity,False,166,22,36,0.6111111111111112,0.000158,False,4.08725118637085,6.218453407287598,5.706589698791504,-8.752915524937308
Validity5,60,it,Validity,False,166,23,36,0.6388888888888888,0.00891,True,0.3576756715774536,0.5145109295845032,0.4887483417987823,-4.720581037499419
Validity5,61,is,Validity,False,166,24,36,0.6666666666666666,0.0117,True,0.0525735802948474,0.0996905267238617,0.1134259700775146,-4.448166437178426
Validity5,62,that,Validity,False,166,25,36,0.6944444444444444,0.0102,True,0.6783030033111572,0.6339163184165955,0.6140502095222473,-4.585367558691911
Validity5,63,the,Validity,False,166,26,36,0.7222222222222222,0.0537,True,1.5576473474502563,1.2951884269714355,1.3301560878753662,-2.9243422774673182
Validity5,64,relationship,Validity,False,166,27,36,0.75,0.000141,False,1.3655749559402466,1.925788164138794,1.4338536262512207,-8.866750667586105
Validity5,65,would,Validity,False,166,28,36,0.7777777777777778,0.00186,False,3.894940853118897,3.32714319229126,2.488946914672852,-6.287178791257027
Validity5,66,occur,Validity,False,166,29,36,0.8055555555555556,2.95e-05,False,2.990666627883911,2.955148696899414,3.4767496585845947,-10.4311202946185
Validity5,67,outside,Validity,False,166,30,36,0.8333333333333334,0.000178,False,6.0776872634887695,4.859862804412842,5.529991149902344,-8.633727007672189
Validity5,68,the,Validity,False,166,31,36,0.8611111111111112,0.0537,True,1.214940309524536,1.0234966278076172,1.0994468927383425,-2.9243422774673182
Validity5,69,controlled,Validity,False,166,32,36,0.8888888888888888,3.89e-05,False,7.590798854827881,7.962165832519531,7.665207862854004,-10.154516307339874
Validity5,70,setting,Validity,False,166,33,36,0.9166666666666666,5.89e-05,False,3.164535522460937,3.8828492164611816,2.6047515869140625,-9.739669467306733
Validity5,71,of,Validity,False,166,34,36,0.9444444444444444,0.0251,True,1.5641720294952393,2.0684702396392822,2.623434066772461,-3.684887432844399
Validity5,72,a,Validity,False,166,35,36,0.9722222222222222,0.0229,True,1.809073567390442,2.6914992332458496,2.599575996398926,-3.776618368421943
Validity5,73,laboratory,Validity,False,166,36,36,1.0,2.04e-05,False,3.744675576686859,6.060957193374634,6.197652578353882,-10.799975657114103
Validity5,74,.,Validity,True,166,36,36,1.0,0.0,False,,,,
Validity5,75,Internal,Validity,False,167,0,13,0.0,4.57e-05,False,5.313143253326416,3.929131031036377,3.096421718597412,-9.993412260064115
Validity5,76,validity,Validity,False,167,1,13,0.0769230769230769,5.01e-06,False,0.0122142676264047,0.0146508561447262,0.0126756709069013,-12.2040746428675
Validity5,77,refers,Validity,False,167,2,13,0.1538461538461538,1.78e-05,False,0.4522005915641784,0.1840381324291229,0.124255821108818,-10.936312100666235
Validity5,78,to,Validity,False,167,3,13,0.2307692307692307,0.0269,True,0.0297303982079029,0.0143987219780683,0.015594913624227,-3.6156289923743437
Validity5,79,whether,Validity,False,167,4,13,0.3076923076923077,0.000209,False,4.638592720031738,4.32172966003418,3.396791458129883,-8.473176305999463
Validity5,80,the,Validity,False,167,5,13,0.3846153846153846,0.0537,True,1.05272114276886,1.0625327825546265,0.8283635377883911,-2.9243422774673182
Validity5,81,relationship,Validity,False,167,6,13,0.4615384615384615,0.000141,False,1.1031620502471924,1.6882002353668213,1.2361799478530884,-8.866750667586105
Validity5,82,between,Validity,False,167,7,13,0.5384615384615384,0.000589,True,3.2588207721710205,1.5858455896377563,1.9372708797454836,-7.437084374312687
Validity5,83,the,Validity,False,167,8,13,0.6153846153846154,0.0537,True,2.4922544956207275,1.5544182062149048,2.129693031311035,-2.9243422774673182
Validity5,84,variables,Validity,False,167,9,13,0.6923076923076923,9.33e-06,False,4.1913838386535645,4.089398384094238,3.8587164878845215,-11.582275543105021
Validity5,85,is,Validity,False,167,10,13,0.7692307692307693,0.0117,True,2.0383501052856445,1.8310071229934688,1.7802435159683228,-4.448166437178426
Validity5,86,free,Validity,False,167,11,13,0.8461538461538461,0.000427,False,8.925127029418945,7.796462059020996,8.710877418518066,-7.75872654473565
Validity5,87,of,Validity,False,167,12,13,0.9230769230769232,0.0251,True,0.5628702044487,0.7748034596443176,0.7708395719528198,-3.684887432844399
Validity5,88,confounds,Validity,False,167,13,13,1.0,1.55e-07,False,10.10337519645691,15.78734254837036,13.919961214065552,-15.679840720027164
Validity5,89,.,Validity,True,167,13,13,1.0,0.0,False,,,,
Validity5,90,If,Validity,False,168,0,15,0.0,0.00295,True,4.168282508850098,4.961776256561279,3.679037570953369,-5.825950108630408
Validity5,91,a,Validity,False,168,1,15,0.0666666666666666,0.0229,True,2.8069121837615967,3.4479780197143555,3.664977550506592,-3.776618368421943
Validity5,92,construct,Validity,False,168,2,15,0.1333333333333333,9.55e-06,False,7.680774211883545,6.81059455871582,4.932024002075195,-11.558969403471636
Validity5,93,has,Validity,False,168,3,15,0.2,0.00234,True,2.757761716842652,2.8349475860595703,3.722991943359375,-6.057604349612527
Validity5,94,both,Validity,False,168,4,15,0.2666666666666666,0.000617,True,5.276079654693604,5.185638427734375,5.05858039855957,-7.3906415340588865
Validity5,95,external,Validity,False,168,5,15,0.3333333333333333,3.31e-05,False,1.79518723487854,1.075211524963379,2.509470224380493,-10.315977275581258
Validity5,96,and,Validity,False,168,6,15,0.4,0.0257,True,1.6201225519180298,1.2193758487701416,1.5193812847137451,-3.661264287080963
Validity5,97,internal,Validity,False,168,7,15,0.4666666666666667,4.57e-05,False,0.0278588868677616,0.2195167392492294,0.0973944067955017,-9.993412260064115
Validity5,98,validity,Validity,False,168,8,15,0.5333333333333333,5.01e-06,False,0.0179437883198261,0.0328968428075313,0.0413719229400157,-12.2040746428675
Validity5,99,we,Validity,False,168,9,15,0.6,0.00347,True,2.3770618438720703,3.787854194641113,2.5835630893707275,-5.663600685023369
Validity5,100,can,Validity,False,168,10,15,0.6666666666666666,0.00288,True,1.328407645225525,2.629178524017334,1.199074625968933,-5.8499649848342825
Validity5,101,say,Validity,False,168,11,15,0.7333333333333333,0.000776,False,3.286630153656006,2.4015934467315674,2.425943613052368,-7.1613580377810555
Validity5,102,it,Validity,False,168,12,15,0.8,0.00891,True,2.216349840164185,3.416733980178833,3.365708827972412,-4.720581037499419
Validity5,103,has,Validity,False,168,13,15,0.8666666666666667,0.00234,True,1.4391714334487915,2.3711719512939453,2.4305498600006104,-6.057604349612527
Validity5,104,inferential,Validity,False,168,14,15,0.9333333333333332,1.35e-07,False,12.25923490524292,11.170979976654053,10.974693536758425,-15.817991058507982
Validity5,105,validity,Validity,False,168,15,15,1.0,5.01e-06,False,1.165477305650711,1.4278070628643036,0.988547682762146,-12.2040746428675
Validity5,106,.,Validity,True,168,15,15,1.0,0.0,False,,,,
Validity5,107,Given,Validity,False,169,0,15,0.0,0.000257,False,6.195046424865723,7.472197532653809,7.2054219245910645,-8.266434473069054
Validity5,108,a,Validity,False,169,1,15,0.0666666666666666,0.0229,True,2.840214729309082,2.2816591262817383,2.990872859954834,-3.776618368421943
Validity5,109,high,Validity,False,169,2,15,0.1333333333333333,0.000562,False,6.591736793518066,7.374073028564453,6.635092735290527,-7.484008708070583
Validity5,110,degree,Validity,False,169,3,15,0.2,8.71e-05,False,0.8105891942977905,1.8833640813827517,2.0493195056915283,-9.348453674105818
Validity5,111,of,Validity,False,169,4,15,0.2666666666666666,0.0251,True,0.0058125280775129,0.00487104896456,0.0031268536113202,-3.684887432844399
Validity5,112,internal,Validity,False,169,5,15,0.3333333333333333,4.57e-05,False,2.596320629119873,4.099067687988281,3.599590301513672,-9.993412260064115
Validity5,113,and,Validity,False,169,6,15,0.4,0.0257,True,5.668576717376709,6.55344295501709,6.41697883605957,-3.661264287080963
Validity5,114,external,Validity,False,169,7,15,0.4666666666666667,3.31e-05,False,0.3079328835010528,0.4722046554088592,0.936980366706848,-10.315977275581258
Validity5,115,validity,Validity,False,169,8,15,0.5333333333333333,5.01e-06,False,0.0260303281247615,0.0217734612524509,0.0137777496129274,-12.2040746428675
Validity5,116,We,Validity,False,169,9,15,0.6,0.00347,True,7.708108425140381,6.40574312210083,6.80900764465332,-5.663600685023369
Validity5,117,may,Validity,False,169,10,15,0.6666666666666666,0.000955,False,3.5611119270324707,2.674399852752685,3.565746784210205,-6.953799217483544
Validity5,118,legitimately,Validity,False,169,11,15,0.7333333333333333,2.29e-06,False,9.302302360534668,10.288979530334473,10.21889305114746,-12.986958740398126
Validity5,119,draw,Validity,False,169,12,15,0.8,6.46e-05,False,5.781674861907959,6.47532844543457,5.399631023406982,-9.647296147175718
Validity5,120,inferences,Validity,False,169,13,15,0.8666666666666667,6.31e-07,False,1.2512741996906698,7.034164682030678,8.054243922233582,-14.275959974405199
Validity5,121,(,Validity,True,169,13,15,0.8666666666666667,0.0,False,6.005978107452393,5.510115146636963,4.897152423858643,
Validity5,122,valid,Validity,False,169,14,15,0.9333333333333332,2.4e-05,False,12.211149215698242,13.431297302246094,8.752559661865234,-10.637456727616328
Validity5,123,generalizations,Validity,False,169,15,15,1.0,1.17e-06,False,7.698366045951843,10.085454106330872,9.745677411556244,-13.65850680915461
Validity5,124,),Validity,True,169,15,15,1.0,0.0,False,4.7866315841674805,4.190598964691162,3.947421073913574,
Validity5,125,.,Validity,True,169,15,15,1.0,0.0,False,,,,
Validity5,129,make,Validity,False,170,0,35,0.0,0.0012,False,14.679612159729004,14.783103942871094,14.348836898803713,-6.725433722188183
Validity6,1,To,Validity,False,170,1,35,0.0285714285714285,0.0269,True,5.701656341552734,6.486357688903809,13.201414108276367,-3.6156289923743437
Validity6,2,illustrate,Validity,False,170,2,35,0.0571428571428571,5.13e-06,False,6.265749931335449,8.01768970489502,4.704209327697754,-12.180404898781596
Validity6,3,a,Validity,False,170,3,35,0.0857142857142857,0.0229,True,4.2939229011535645,3.434245586395264,3.607849359512329,-3.776618368421943
Validity6,4,possible,Validity,False,170,4,35,0.1142857142857142,0.000229,False,4.41025447845459,4.648281097412109,3.704434871673584,-8.381788554410035
Validity6,5,threat,Validity,False,170,5,35,0.1428571428571428,3.98e-05,False,6.252764225006104,7.34363842010498,10.244659423828123,-10.131643645673883
Validity6,6,to,Validity,False,170,6,35,0.1714285714285714,0.0269,True,0.7840944528579712,1.1552362442016602,0.6088118553161621,-3.6156289923743437
Validity6,7,external,Validity,False,170,7,35,0.2,3.31e-05,False,9.144906044006348,10.18100357055664,4.946661949157715,-10.315977275581258
Validity6,8,validity,Validity,False,170,8,35,0.2285714285714285,5.01e-06,False,6.315067291259766,9.190632820129396,0.0172870531678199,-12.2040746428675
Validity6,9,there,Validity,False,170,9,35,0.2571428571428571,0.00204,True,7.876370906829834,7.228864669799805,4.229373931884766,-6.194805471126012
Validity6,10,is,Validity,False,170,10,35,0.2857142857142857,0.0117,True,0.690183162689209,0.8216349482536316,0.7588968276977539,-4.448166437178426
Validity6,11,extensive,Validity,False,170,11,35,0.3142857142857143,3.09e-05,False,8.197516441345215,8.64338207244873,8.855289459228516,-10.384754374060574
Validity6,12,research,Validity,False,170,12,35,0.3428571428571428,0.000245,False,2.228790283203125,2.309778928756714,1.8065221309661863,-8.314252347419547
Validity6,13,which,Validity,False,170,13,35,0.3714285714285714,0.002,True,4.0724287033081055,4.843419551849365,3.492875576019287,-6.214608098422191
Validity6,14,suggests,Validity,False,170,14,35,0.4,3.09e-05,False,2.6911613941192627,2.025176525115967,1.9320454597473145,-10.384754374060574
Validity6,15,that,Validity,False,170,15,35,0.4285714285714285,0.0102,True,0.2805149257183075,0.3344733715057373,0.145007237792015,-4.585367558691911
Validity6,16,subjects,Validity,False,170,16,35,0.4571428571428571,2.4e-05,False,7.039382457733154,9.056445121765137,7.127980709075928,-10.637456727616328
Validity6,18,who,Validity,False,170,17,35,0.4857142857142857,0.00219,True,1.8600693941116333,1.9748436212539675,1.551077365875244,-6.123853735153728
Validity6,19,volunteer,Validity,False,170,18,35,0.5142857142857142,1.91e-05,False,7.818769931793213,8.261494636535645,9.046245574951172,-10.86582222291169
Validity6,20,to,Validity,False,170,19,35,0.5428571428571428,0.0269,True,1.0261510610580444,1.4373098611831665,0.3573804199695587,-3.6156289923743437
Validity6,21,serve,Validity,False,170,20,35,0.5714285714285714,7.08e-05,False,4.378643035888672,2.774462938308716,6.720541477203369,-9.5556515572646
Validity6,22,as,Validity,False,170,21,35,0.6,0.00589,True,2.121021270751953,1.3999296426773071,1.196237325668335,-5.134499281318642
Validity6,23,research,Validity,False,170,22,35,0.6285714285714286,0.000245,False,7.016655921936035,6.8894524574279785,5.877372741699219,-8.314252347419547
Validity6,24,participants,Validity,False,170,23,35,0.6571428571428571,2.51e-05,False,4.159333229064941,3.705883741378784,2.271234035491944,-10.592642711826535
Validity6,25,are,Validity,False,170,24,35,0.6857142857142857,0.0055,True,1.8023083209991453,2.0412380695343018,2.521111965179444,-5.2030071867437115
Validity6,26,more,Validity,False,170,25,35,0.7142857142857143,0.00229,True,1.2903319597244265,0.9070965647697448,0.9958590865135192,-6.079203461415989
Validity6,27,responsive,Validity,False,170,26,35,0.7428571428571429,5.01e-06,False,7.8461761474609375,8.649042129516602,8.764487266540527,-12.2040746428675
Validity6,28,to,Validity,False,170,27,35,0.7714285714285715,0.0269,True,0.197106271982193,0.1723015904426574,0.0855375081300735,-3.6156289923743437
Validity6,29,coercive,Validity,False,170,28,35,0.8,9.55e-07,False,7.253458976745605,9.530271530151367,8.58139419555664,-13.861554496465681
Validity6,30,task-orienting,Validity,False,170,29,35,0.8285714285714286,1.99e-07,False,18.96874737739563,22.2011559009552,22.08871078491211,-15.429961012221918
Validity6,31,cues,Validity,False,170,30,35,0.8571428571428571,3.39e-06,False,3.0402824878692627,5.67850399017334,6.099820137023926,-12.594680636571915
Validity6,32,than,Validity,False,170,31,35,0.8857142857142857,0.00135,True,1.0844290256500244,1.1640238761901855,0.9460429549217224,-6.607650686531799
Validity6,33,nonvolunteer,Validity,False,170,32,35,0.9142857142857144,0.0,False,9.781679581850767,10.056503474712372,11.972044587135317,
Validity6,34,or,Validity,False,170,33,35,0.9428571428571428,0.00347,True,7.592471599578857,7.393261909484863,7.193690299987793,-5.663600685023369
Validity6,35,captive,Validity,False,170,34,35,0.9714285714285714,5.01e-06,False,7.327632904052734,7.632170677185059,8.219327926635742,-12.2040746428675
Validity6,36,participants,Validity,False,170,35,35,1.0,2.51e-05,False,2.2800796926021576,1.708474114537239,1.1302348226308825,-10.592642711826535
Validity6,37,.,Validity,True,170,35,35,1.0,0.0,False,,,,
Validity6,38,This,Validity,False,171,0,10,0.0,0.00661,True,2.4721908569335938,2.410263061523437,1.885747075080872,-5.019171625118542
Validity6,39,has,Validity,False,171,1,10,0.1,0.00234,True,3.549888610839844,4.086556911468506,3.89293360710144,-6.057604349612527
Validity6,40,serious,Validity,False,171,2,10,0.2,0.000126,False,5.63994026184082,6.408787250518799,5.418265342712402,-8.979228651012797
Validity6,41,consequences,Validity,False,171,3,10,0.3,2.95e-05,False,2.5337533950805664,3.3243846893310547,3.313044548034668,-10.4311202946185
Validity6,42,for,Validity,False,171,4,10,0.4,0.0102,True,0.327645868062973,0.4085119068622589,0.5361492037773132,-4.585367558691911
Validity6,43,psychological,Validity,False,171,5,10,0.5,1.86e-05,False,5.200095176696777,5.706232070922852,5.152719020843506,-10.892348977245119
Validity6,44,research,Validity,False,171,6,10,0.6,0.000245,False,3.564705848693848,2.217725276947021,3.4789836406707764,-8.314252347419547
Validity6,45,that,Validity,False,171,7,10,0.7,0.0102,True,4.111667633056641,4.400279998779297,5.020286560058594,-4.585367558691911
Validity6,46,uses,Validity,False,171,8,10,0.8,7.59e-05,False,3.8485517501831055,3.505767107009888,3.717036724090576,-9.48609387356269
Validity6,47,primarily,Validity,False,171,9,10,0.9,3.02e-05,False,9.178545951843262,9.206035614013672,9.343185424804688,-10.40766863358345
Validity6,48,volunteers,Validity,False,171,10,10,1.0,1.95e-05,False,7.848444223403931,6.342815160751343,9.229008197784424,-10.845096092394574
Validity6,49,.,Validity,True,171,10,10,1.0,0.0,False,,,,
Validity6,50,For,Validity,False,172,0,12,0.0,0.0102,True,3.086182117462158,2.8217599391937256,3.3885319232940674,-4.585367558691911
Validity6,51,example,Validity,False,172,1,12,0.0833333333333333,0.000186,False,0.1965482831001281,0.1739904135465622,0.3466173112392425,-8.589763884251074
Validity6,52,many,Validity,False,172,2,12,0.1666666666666666,0.000813,False,7.66434383392334,7.326312065124512,6.065280437469482,-7.1147794484164635
Validity6,53,studies,Validity,False,172,3,12,0.25,9.55e-05,False,2.183187484741211,3.26548171043396,2.776268243789673,-9.25638431047759
Validity6,54,on,Validity,False,172,4,12,0.3333333333333333,0.00813,True,4.233810901641846,3.3684568405151367,4.1329851150512695,-4.812194355422418
Validity6,55,the,Validity,False,172,5,12,0.4166666666666667,0.0537,True,2.0789268016815186,2.1296064853668213,1.656636118888855,-2.9243422774673182
Validity6,56,effects,Validity,False,172,6,12,0.5,7.76e-05,False,1.8026643991470337,2.4094080924987797,1.906296133995056,-9.463943130775101
Validity6,57,of,Validity,False,172,7,12,0.5833333333333334,0.0251,True,0.0114654917269945,0.0294331908226013,0.0338899865746498,-3.684887432844399
Validity6,58,',Validity,True,172,7,12,0.5833333333333334,0.0,False,6.198732376098633,7.26918363571167,4.822299957275391,
Validity6,59,fear,Validity,False,172,8,12,0.6666666666666666,8.91e-05,False,16.068214416503906,14.034029006958008,7.447359085083008,-9.32575122348751
Validity6,60,appeals,Validity,False,172,9,12,0.75,1.66e-05,False,12.27444076538086,12.678800582885742,12.438133239746094,-11.006107862601777
Validity6,61,',Validity,True,172,9,12,0.75,0.0,False,1.2827759981155396,3.4992425441741943,1.5382001399993896,
Validity6,62,use,Validity,False,172,10,12,0.8333333333333334,0.000646,False,5.989264011383057,6.308525085449219,6.239569664001465,-7.344711054181673
Validity6,63,volunteer,Validity,False,172,11,12,0.9166666666666666,1.91e-05,False,6.339061737060547,4.567607402801514,5.125778198242188,-10.86582222291169
Validity6,64,subjects,Validity,False,172,12,12,1.0,2.4e-05,False,5.985905408859253,6.065187931060791,6.235698461532593,-10.637456727616328
Validity6,66,.,Validity,True,172,12,12,1.0,0.0,False,,,,
Validity6,67,These,Validity,False,173,0,9,0.0,0.0011,True,3.4987263679504395,3.229655742645264,2.94480037689209,-6.812445099177812
Validity6,68,are,Validity,False,173,1,9,0.1111111111111111,0.0055,True,3.043896198272705,3.2733378410339355,3.0186684131622314,-5.2030071867437115
Validity6,69,messages,Validity,False,173,2,9,0.2222222222222222,3.47e-05,False,10.042180061340332,10.681297302246094,9.405003547668455,-10.26877087101146
Validity6,70,that,Validity,False,173,3,9,0.3333333333333333,0.0102,True,0.8509767651557922,1.172797441482544,0.9590239524841307,-4.585367558691911
Validity6,71,are,Validity,False,173,4,9,0.4444444444444444,0.0055,True,1.558666467666626,1.4767810106277466,1.7164634466171265,-5.2030071867437115
Validity6,72,intended,Validity,False,173,5,9,0.5555555555555556,5.01e-05,False,4.472719192504883,4.447052001953125,4.520575046539307,-9.901489549873455
Validity6,73,to,Validity,False,173,6,9,0.6666666666666666,0.0269,True,0.1150639131665229,0.1421869099140167,0.111002467572689,-3.6156289923743437
Validity6,74,arouse,Validity,False,173,7,9,0.7777777777777778,7.94e-07,False,8.892166963778436,7.713635474443436,7.550444945693016,-14.046182375699276
Validity6,75,emotional,Validity,False,173,8,9,0.8888888888888888,4.57e-05,False,5.222312450408936,4.044563293457031,4.353645324707031,-9.993412260064115
Validity6,76,tensions,Validity,False,173,9,9,1.0,6.03e-06,False,9.878129482269289,9.295560717582704,8.833929419517517,-12.01876354722518
Validity6,77,.,Validity,True,173,9,9,1.0,0.0,False,,,,
Validity6,78,The,Validity,False,174,0,24,0.0,0.0537,True,2.6716384887695312,2.6001086235046387,2.419938564300537,-2.9243422774673182
Validity6,79,usual,Validity,False,174,1,24,0.0416666666666666,4.17e-05,False,7.902873992919922,8.592586517333984,8.634621620178223,-10.085009429159518
Validity6,80,finding,Validity,False,174,2,24,0.0833333333333333,7.08e-05,False,7.4879150390625,8.408893585205078,8.098977088928223,-9.5556515572646
Validity6,81,in,Validity,False,174,3,24,0.125,0.0186,True,1.7687327861785889,2.725503206253052,2.474495649337769,-3.9845936982629815
Validity6,82,these,Validity,False,174,4,24,0.1666666666666666,0.0011,True,1.5521082878112793,1.860228419303894,2.073772430419922,-6.812445099177812
Validity6,83,studies,Validity,False,174,5,24,0.2083333333333333,9.55e-05,False,0.4357663989067077,1.3638501167297363,0.506476104259491,-9.25638431047759
Validity6,84,was,Validity,False,174,6,24,0.25,0.00661,True,4.142956733703613,3.854506969451904,3.232239007949829,-5.019171625118542
Validity6,85,that,Validity,False,174,7,24,0.2916666666666667,0.0102,True,0.1083055809140205,0.0977105796337127,0.1067011952400207,-4.585367558691911
Validity6,86,the,Validity,False,174,8,24,0.3333333333333333,0.0537,True,2.871152400970459,1.9564510583877563,1.7356040477752686,-2.9243422774673182
Validity6,87,subjects,Validity,False,174,9,24,0.375,2.4e-05,False,2.4362475872039795,2.2123377323150635,1.690032958984375,-10.637456727616328
Validity6,89,were,Validity,False,174,10,24,0.4166666666666667,0.00219,True,1.8861281871795652,2.4285085201263428,1.7181071043014526,-6.123853735153728
Validity6,90,more,Validity,False,174,11,24,0.4583333333333333,0.00229,True,0.7570580244064331,0.7083766460418701,0.8319768905639648,-6.079203461415989
Validity6,91,likely,Validity,False,174,12,24,0.5,0.000158,False,1.0944485664367676,1.26942241191864,1.1505225896835327,-8.752915524937308
Validity6,92,to,Validity,False,174,13,24,0.5416666666666666,0.0269,True,0.1097787916660308,0.0434724390506744,0.065855786204338,-3.6156289923743437
Validity6,93,be,Validity,False,174,14,24,0.5833333333333334,0.00617,True,2.2601418495178223,2.4351048469543457,2.2981019020080566,-5.088056441064841
Validity6,94,persuaded,Validity,False,174,15,24,0.625,5.89e-06,False,4.716281414031982,4.806859016418457,5.269074440002441,-12.042254560300778
Validity6,95,by,Validity,False,174,16,24,0.6666666666666666,0.00457,True,1.1687970161437988,1.2512060403823853,1.3777897357940674,-5.3882420740760235
Validity6,96,the,Validity,False,174,17,24,0.7083333333333334,0.0537,True,1.755028247833252,1.452434778213501,1.5692119598388672,-2.9243422774673182
Validity6,97,fear,Validity,False,174,18,24,0.75,8.91e-05,False,5.094287872314453,3.9687135219573975,4.146501541137695,-9.32575122348751
Validity6,98,appeal,Validity,False,174,19,24,0.7916666666666666,4.68e-05,False,1.658104419708252,1.7036348581314087,1.233051061630249,-9.969627355040673
Validity6,99,the,Validity,False,174,20,24,0.8333333333333334,0.0537,True,7.313674926757812,6.760915756225586,6.780962944030762,-2.9243422774673182
Validity6,100,more,Validity,False,174,21,24,0.875,0.00229,True,0.8356959819793701,1.6600571870803833,2.8433046340942383,-6.079203461415989
Validity6,101,threatening,Validity,False,174,22,24,0.9166666666666666,1.55e-05,False,7.117313385009766,8.556112289428711,9.011077880859377,-11.074670534039074
Validity6,102,it,Validity,False,174,23,24,0.9583333333333334,0.00891,True,3.081121921539306,1.560948371887207,1.4050507545471191,-4.720581037499419
Validity6,103,was,Validity,False,174,24,24,1.0,0.00661,True,1.4711919128894806,1.1182263493537905,1.2184787690639496,-5.019171625118542
Validity6,104,.,Validity,True,174,24,24,1.0,0.0,False,,,,
Validity6,105,These,Validity,False,175,0,13,0.0,0.0011,True,3.558749198913574,3.6017324924468994,3.616434812545776,-6.812445099177812
Validity6,106,results,Validity,False,175,1,13,0.0769230769230769,0.00017,False,1.998454213142395,2.875767469406128,2.4437334537506104,-8.679712120914012
Validity6,107,might,Validity,False,175,2,13,0.1538461538461538,0.000457,False,4.9512128829956055,5.575274467468262,5.59394121170044,-7.690827167070069
Validity6,108,be,Validity,False,175,3,13,0.2307692307692307,0.00617,True,1.075716495513916,1.3213210105895996,1.4693840742111206,-5.088056441064841
Validity6,109,lacking,Validity,False,175,4,13,0.3076923076923077,1.2e-05,False,10.969459533691406,9.174962043762209,9.72368049621582,-11.330603908176274
Validity6,110,in,Validity,False,175,5,13,0.3846153846153846,0.0186,True,1.1400706768035889,0.2394515722990036,0.3250215649604797,-3.9845936982629815
Validity6,111,external,Validity,False,175,6,13,0.4615384615384615,3.31e-05,False,8.224529266357422,8.236486434936523,7.67752742767334,-10.315977275581258
Validity6,112,validity,Validity,False,175,7,13,0.5384615384615384,5.01e-06,False,0.03378177434206,0.4456199109554291,0.0285028107464313,-12.2040746428675
Validity6,113,due,Validity,False,175,8,13,0.6153846153846154,0.000224,False,4.549897193908691,4.417973518371582,4.523687839508057,-8.403864506109235
Validity6,114,to,Validity,False,175,9,13,0.6923076923076923,0.0269,True,0.0196413118392229,0.0116270510479807,0.0108345579355955,-3.6156289923743437
Validity6,115,the,Validity,False,175,10,13,0.7692307692307693,0.0537,True,0.6797664165496826,0.751961886882782,0.6677688956260681,-2.9243422774673182
Validity6,116,use,Validity,False,175,11,13,0.8461538461538461,0.000646,False,4.50405216217041,4.516667366027832,4.346068382263184,-7.344711054181673
Validity6,117,of,Validity,False,175,12,13,0.9230769230769232,0.0251,True,0.0081886043772101,0.0293723046779632,0.0269772838801145,-3.684887432844399
Validity6,118,volunteers,Validity,False,175,13,13,1.0,1.95e-05,False,3.9402551651000977,3.801374673843384,4.034984111785889,-10.845096092394574
Validity6,119,.,Validity,True,175,13,13,1.0,0.0,False,,,,
Validity6,120,In,Validity,False,176,0,21,0.0,0.0186,True,2.669763565063477,2.8379311561584477,2.6593966484069824,-3.9845936982629815
Validity6,121,real,Validity,False,176,1,21,0.0476190476190476,0.000398,False,7.865020751953125,8.449514389038086,8.001832008361816,-7.829058552679836
Validity6,122,life,Validity,False,176,2,21,0.0952380952380952,0.000776,False,0.3772516846656799,0.4888076484203338,0.3514509499073028,-7.1613580377810555
Validity6,123,we,Validity,False,176,3,21,0.1428571428571428,0.00347,True,2.938084602355957,3.765245914459229,2.1584489345550537,-5.663600685023369
Validity6,124,are,Validity,False,176,4,21,0.1904761904761904,0.0055,True,2.047469139099121,2.8742332458496094,2.8783626556396484,-5.2030071867437115
Validity6,125,exposed,Validity,False,176,5,21,0.238095238095238,3.24e-05,False,3.3590617179870605,5.543156147003174,5.465005397796631,-10.33735213516599
Validity6,126,to,Validity,False,176,6,21,0.2857142857142857,0.0269,True,0.1206526532769203,0.0191019494086503,0.0159059986472129,-3.6156289923743437
Validity6,127,all,Validity,False,176,7,21,0.3333333333333333,0.00331,True,4.989783763885498,5.548371315002441,5.486218452453613,-5.710807089593166
Validity6,128,sorts,Validity,False,176,8,21,0.3809523809523809,1.62e-05,False,1.0753058195114136,1.2297148704528809,1.132232427597046,-11.030499315725935
Validity6,129,of,Validity,False,176,9,21,0.4285714285714285,0.0251,True,0.001069807796739,0.0017884464468806,0.0013284200103953,-3.684887432844399
Validity6,130,fear,Validity,False,176,10,21,0.4761904761904761,8.91e-05,False,5.208701133728027,4.288876533508301,5.00529146194458,-9.32575122348751
Validity6,131,appeals,Validity,False,176,11,21,0.5238095238095238,1.66e-05,False,0.6196469068527222,0.543681800365448,0.3570961952209472,-11.006107862601777
Validity6,132,whether,Validity,False,176,12,21,0.5714285714285714,0.000209,False,7.515730857849121,7.735883712768555,7.948905944824219,-8.473176305999463
Validity6,133,we,Validity,False,176,13,21,0.6190476190476191,0.00347,True,3.8378939628601074,2.58286190032959,2.469279289245605,-5.663600685023369
Validity6,134,choose,Validity,False,176,14,21,0.6666666666666666,8.13e-05,False,4.016654968261719,4.312150001525879,4.343218326568604,-9.417364541410508
Validity6,135,to,Validity,False,176,15,21,0.7142857142857143,0.0269,True,0.2925231158733368,0.1503066420555114,0.1815751641988754,-3.6156289923743437
Validity6,136,be,Validity,False,176,16,21,0.7619047619047619,0.00617,True,1.8806729316711424,3.143158435821533,2.89967942237854,-5.088056441064841
Validity6,137,subjected,Validity,False,176,17,21,0.8095238095238095,7.24e-06,False,5.35391902923584,7.183533668518066,6.884015083312988,-11.83588935156665
Validity6,139,to,Validity,False,176,18,21,0.8571428571428571,0.0269,True,0.078380212187767,0.0321977995336055,0.0281333811581134,-3.6156289923743437
Validity6,140,them,Validity,False,176,19,21,0.9047619047619048,0.00155,True,0.3543550670146942,0.7522318363189697,0.6247164607048035,-6.469500348050982
Validity6,141,or,Validity,False,176,20,21,0.9523809523809524,0.00347,True,0.2139575630426406,0.0664036497473716,0.0737228468060493,-5.663600685023369
Validity6,142,not,Validity,False,176,21,21,1.0,0.0049,True,0.4188909083604812,0.2503223940730095,0.2369022741913795,-5.318520073865556
Validity6,143,.,Validity,True,176,21,21,1.0,0.0,False,,,,
Validity6,144,Perhaps,Validity,False,177,0,8,0.0,0.000123,False,5.892190933227539,5.791874408721924,6.067088127136231,-9.003326202591856
Validity6,145,we,Validity,False,177,1,8,0.125,0.00347,True,2.895108699798584,2.787616491317749,2.465373039245605,-5.663600685023369
Validity6,146,learn,Validity,False,177,2,8,0.25,0.000148,False,5.310495376586914,5.717329502105713,6.171597480773926,-8.818298284200159
Validity6,147,to,Validity,False,177,3,8,0.375,0.0269,True,1.820475459098816,1.9747118949890137,1.732389211654663,-3.6156289923743437
Validity6,148,ignore,Validity,False,177,4,8,0.5,3.02e-05,False,4.10846757888794,3.712325572967529,3.772536993026733,-10.40766863358345
Validity6,149,some,Validity,False,177,5,8,0.625,0.00158,True,6.028979301452637,5.719595909118652,5.621959686279297,-6.450330431943262
Validity6,150,in,Validity,False,177,6,8,0.75,0.0186,True,6.0636749267578125,5.15729570388794,5.239394187927246,-3.9845936982629815
Validity6,151,real,Validity,False,177,7,8,0.875,0.000398,False,5.0196967124938965,6.778082370758057,7.403168678283691,-7.829058552679836
Validity6,152,life,Validity,False,177,8,8,1.0,0.000776,False,2.076351033523679,1.8472802191972733,1.8322533667087555,-7.1613580377810555
Validity6,153,.,Validity,True,177,8,8,1.0,0.0,False,,,,
Validity7,1,Another,Validity,False,178,0,22,0.0,0.00055,False,7.253773212432861,8.040762901306152,5.250713348388672,-7.505592279737757
Validity7,2,type,Validity,False,178,1,22,0.0454545454545454,0.000186,False,6.828723907470703,7.801909446716309,6.100582122802734,-8.589763884251074
Validity7,3,of,Validity,False,178,2,22,0.0909090909090909,0.0251,True,0.0537175387144088,0.1164132580161094,0.0047435136511921,-3.684887432844399
Validity7,4,validity,Validity,False,178,3,22,0.1363636363636363,5.01e-06,False,11.129085540771484,11.84809112548828,3.0927248001098637,-12.2040746428675
Validity7,5,is,Validity,False,178,4,22,0.1818181818181818,0.0117,True,2.4220938682556152,2.208137989044189,0.9925984144210817,-4.448166437178426
Validity7,6,content,Validity,False,178,5,22,0.2272727272727272,0.0001,False,8.949631690979004,10.51215934753418,9.084303855895996,-9.210340371976182
Validity7,7,validity,Validity,False,178,6,22,0.2727272727272727,5.01e-06,False,3.6109139919281006,6.161787986755371,2.5854640007019043,-12.2040746428675
Validity7,8,which,Validity,False,178,7,22,0.3181818181818182,0.002,True,4.061999320983887,4.2478790283203125,2.6076138019561768,-6.214608098422191
Validity7,9,refers,Validity,False,178,8,22,0.3636363636363636,1.78e-05,False,3.9237756729125977,5.107001781463623,3.3857665061950684,-10.936312100666235
Validity7,10,to,Validity,False,178,9,22,0.4090909090909091,0.0269,True,0.0159018915146589,0.0722307711839675,0.0326973795890808,-3.6156289923743437
Validity7,11,the,Validity,False,178,10,22,0.4545454545454545,0.0537,True,0.6856264472007751,0.9284465909004213,0.7867803573608398,-2.9243422774673182
Validity7,12,extent,Validity,False,178,11,22,0.5,2.95e-05,False,4.388580322265625,5.703927993774414,3.6969289779663086,-10.4311202946185
Validity7,13,to,Validity,False,178,12,22,0.5454545454545454,0.0269,True,0.1942139416933059,0.2914772927761078,0.2855648398399353,-3.6156289923743437
Validity7,14,which,Validity,False,178,13,22,0.5909090909090909,0.002,True,0.0001859492040239,0.0083084888756275,0.003024767152965,-6.214608098422191
Validity7,15,a,Validity,False,178,14,22,0.6363636363636364,0.0229,True,1.499850153923035,1.4501641988754272,1.4029738903045654,-3.776618368421943
Validity7,16,measure,Validity,False,178,15,22,0.6818181818181818,4.47e-05,False,5.979944229125977,9.358231544494627,6.304266929626465,-10.015537056344751
Validity7,17,represents,Validity,False,178,16,22,0.7272727272727273,3.02e-05,False,5.845383644104004,6.64075231552124,5.925812721252441,-10.40766863358345
Validity7,18,all,Validity,False,178,17,22,0.7727272727272727,0.00331,True,5.889357089996338,5.930800437927246,6.364171981811523,-5.710807089593166
Validity7,19,facets,Validity,False,178,18,22,0.8181818181818182,1.82e-06,False,6.812148571014404,8.298368453979492,5.702429294586182,-13.21667405687557
Validity7,20,of,Validity,False,178,19,22,0.8636363636363636,0.0251,True,0.0217959731817245,0.0585155636072158,0.0208496991544961,-3.684887432844399
Validity7,21,a,Validity,False,178,20,22,0.9090909090909092,0.0229,True,1.0096417665481567,1.2371139526367188,1.2006995677947998,-3.776618368421943
Validity7,22,given,Validity,False,178,21,22,0.9545454545454546,0.000257,False,2.661341667175293,1.6041016578674316,3.2884669303894043,-8.266434473069054
Validity7,23,construct,Validity,False,178,22,22,1.0,9.55e-06,False,7.720053374767303,10.219605803489683,7.604970335960388,-11.558969403471636
Validity7,24,.,Validity,True,178,22,22,1.0,0.0,False,,,,
Validity7,25,For,Validity,False,179,0,26,0.0,0.0102,True,2.020031452178955,2.219645977020264,2.2014293670654297,-4.585367558691911
Validity7,26,example,Validity,False,179,1,26,0.0384615384615384,0.000186,False,0.4274514615535736,0.3087540864944458,0.111527219414711,-8.589763884251074
Validity7,27,a,Validity,False,179,2,26,0.0769230769230769,0.0229,True,4.9178972244262695,4.201688289642334,2.9615607261657715,-3.776618368421943
Validity7,28,depression,Validity,False,179,3,26,0.1153846153846153,3.63e-05,False,11.639198303222656,10.92431354522705,9.385869979858398,-10.223692816693468
Validity7,29,scale,Validity,False,179,4,26,0.1538461538461538,6.76e-05,False,4.741931915283203,4.367537975311279,5.0030293464660645,-9.601902574915355
Validity7,30,may,Validity,False,179,5,26,0.1923076923076923,0.000955,False,3.109978199005127,2.4062070846557617,1.9057729244232176,-6.953799217483544
Validity7,31,lack,Validity,False,179,6,26,0.2307692307692307,8.32e-05,False,7.424616813659668,8.902876853942871,8.370173454284668,-9.394263210137112
Validity7,32,content,Validity,False,179,7,26,0.2692307692307692,0.0001,False,2.830613851547241,2.981039762496948,1.2649874687194824,-9.210340371976182
Validity7,33,validity,Validity,False,179,8,26,0.3076923076923077,5.01e-06,False,0.4409157931804657,0.1528181582689285,0.0089614577591419,-12.2040746428675
Validity7,34,if,Validity,False,179,9,26,0.3461538461538461,0.00295,True,3.8072493076324463,2.777231216430664,3.2146568298339844,-5.825950108630408
Validity7,35,it,Validity,False,179,10,26,0.3846153846153846,0.00891,True,0.8763958215713501,1.2150160074234009,0.9068648815155028,-4.720581037499419
Validity7,36,only,Validity,False,179,11,26,0.4230769230769231,0.00132,True,4.109138488769531,4.531333923339844,4.749207496643066,-6.630123542383857
Validity7,37,assess,Validity,False,179,12,26,0.4615384615384615,1.17e-05,False,4.626923561096191,6.986400604248047,5.580904960632324,-11.355921716160564
Validity7,38,the,Validity,False,179,13,26,0.5,0.0537,True,9.937772750854492,5.682545185089111,5.712502956390381,-2.9243422774673182
Validity7,39,affective,Validity,False,179,14,26,0.5384615384615384,1e-06,False,6.027533113956451,6.810390532016754,6.017762303352356,-13.815510557964274
Validity7,40,dimension,Validity,False,179,15,26,0.5769230769230769,1.05e-05,False,5.159450054168701,5.670769691467285,2.901873111724853,-11.464135300800796
Validity7,41,of,Validity,False,179,16,26,0.6153846153846154,0.0251,True,0.4651748239994049,0.5516013503074646,0.8873557448387146,-3.684887432844399
Validity7,42,depression,Validity,False,179,17,26,0.6538461538461539,3.63e-05,False,2.333116054534912,5.289578437805176,3.991334915161133,-10.223692816693468
Validity7,43,but,Validity,False,179,18,26,0.6923076923076923,0.00427,True,3.6957314014434814,5.353361129760742,4.830573081970215,-5.456141451741604
Validity7,44,fails,Validity,False,179,19,26,0.7307692307692307,1.82e-05,False,5.379080772399902,4.46332597732544,4.188994407653809,-10.914088963881525
Validity7,45,to,Validity,False,179,20,26,0.7692307692307693,0.0269,True,0.2838553190231323,0.0413393229246139,0.0519491657614707,-3.6156289923743437
Validity7,46,take,Validity,False,179,21,26,0.8076923076923077,0.000832,False,4.543360233306885,4.187973976135254,4.7355780601501465,-7.091678117143066
Validity7,47,into,Validity,False,179,22,26,0.8461538461538461,0.00129,True,0.1801895499229431,0.5921308398246765,0.4300138354301452,-6.653113060608557
Validity7,48,account,Validity,False,179,23,26,0.8846153846153846,0.000162,False,0.04624705016613,0.1304249167442321,0.0928416922688484,-8.72791422273189
Validity7,49,the,Validity,False,179,24,26,0.9230769230769232,0.0537,True,1.1032832860946655,0.5711405277252197,0.570838451385498,-2.9243422774673182
Validity7,50,behavioral,Validity,False,179,25,26,0.9615384615384616,7.24e-06,False,6.918704509735107,7.556652069091797,2.7223942279815674,-11.83588935156665
Validity7,51,dimension,Validity,False,179,26,26,1.0,1.05e-05,False,2.2742902040481567,1.858473002910614,0.938117653131485,-11.464135300800796
Validity7,52,.,Validity,True,179,26,26,1.0,0.0,False,,,,
Validity7,53,Content,Validity,False,180,0,4,0.0,0.0001,False,3.91902494430542,2.224477767944336,3.889277696609497,-9.210340371976182
Validity7,54,validity,Validity,False,180,1,4,0.25,5.01e-06,False,0.096792496740818,0.0433961935341358,0.0119500923901796,-12.2040746428675
Validity7,55,is,Validity,False,180,2,4,0.5,0.0117,True,1.1976425647735596,1.2215790748596191,1.4915556907653809,-4.448166437178426
Validity7,56,somewhat,Validity,False,180,3,4,0.75,3.55e-05,False,7.2854814529418945,7.68305778503418,7.142755031585693,-10.245977861482904
Validity7,57,subjective,Validity,False,180,4,4,1.0,6.17e-06,False,5.657513856887817,5.281639814376831,5.099070608615875,-11.995811720046978
Validity7,59,.,Validity,True,180,4,4,1.0,0.0,False,,,,
Validity7,60,Content,Validity,False,181,0,12,0.0,0.0001,False,4.016478538513184,2.703574657440185,2.732238292694092,-9.210340371976182
Validity7,61,validity,Validity,False,181,1,12,0.0833333333333333,5.01e-06,False,0.1111829653382301,0.2427829056978225,0.0972490459680557,-12.2040746428675
Validity7,62,must,Validity,False,181,2,12,0.1666666666666666,0.000479,False,6.250372886657715,5.800936698913574,6.43194580078125,-7.643809960553359
Validity7,63,usually,Validity,False,181,3,12,0.25,0.000141,False,7.002590656280518,6.743093490600586,6.9232940673828125,-8.866750667586105
Validity7,64,be,Validity,False,181,4,12,0.3333333333333333,0.00617,True,0.2436782568693161,0.6989060044288635,0.7476987838745117,-5.088056441064841
Validity7,65,assessed,Validity,False,181,5,12,0.4166666666666667,7.94e-06,False,2.254967212677002,4.486352920532227,4.371393203735352,-11.74359728270523
Validity7,66,by,Validity,False,181,6,12,0.5,0.00457,True,1.6660228967666626,1.5628701448440552,1.97076678276062,-5.3882420740760235
Validity7,67,experts,Validity,False,181,7,12,0.5833333333333334,3.31e-05,False,7.504685878753662,7.685924530029297,7.66105842590332,-10.315977275581258
Validity7,68,in,Validity,False,181,8,12,0.6666666666666666,0.0186,True,1.9626928567886357,1.563798189163208,1.4999032020568848,-3.9845936982629815
Validity7,69,the,Validity,False,181,9,12,0.75,0.0537,True,1.218292236328125,1.0247135162353516,1.2997084856033323,-2.9243422774673182
Validity7,70,topic,Validity,False,181,10,12,0.8333333333333334,3.09e-05,False,6.323580741882324,6.127442836761475,6.581216335296631,-10.384754374060574
Validity7,71,being,Validity,False,181,11,12,0.9166666666666666,0.000891,True,5.345253944396973,6.38375186920166,6.705796241760254,-7.023166130493465
Validity7,72,measured,Validity,False,181,12,12,1.0,1.78e-05,False,4.420032024383545,5.00510960817337,5.194375813007355,-10.936312100666235
Validity7,73,.,Validity,True,181,12,12,1.0,0.0,False,,,,
Validity7,74,For,Validity,False,182,0,39,0.0,0.0102,True,2.803744077682495,3.0511341094970703,2.7828609943389893,-4.585367558691911
Validity7,75,example,Validity,False,182,1,39,0.0256410256410256,0.000186,False,0.287389874458313,0.276242196559906,0.1664744764566421,-8.589763884251074
Validity7,76,an,Validity,False,182,2,39,0.0512820512820512,0.00339,True,4.320199966430664,4.386667728424072,3.913460731506348,-5.686925357589778
Validity7,77,expert,Validity,False,182,3,39,0.0769230769230769,3.63e-05,False,2.5819103717803955,1.5623846054077148,2.4567465782165527,-10.223692816693468
Validity7,78,on,Validity,False,182,4,39,0.1025641025641025,0.00813,True,2.126565456390381,4.181197166442871,3.886707782745361,-4.812194355422418
Validity7,79,non-verbal,Validity,False,182,5,39,0.1282051282051282,7.8e-06,False,10.535976707935331,10.684265941381454,10.217626094818115,-11.761386824268728
Validity7,80,cues,Validity,False,182,6,39,0.1538461538461538,3.39e-06,False,4.688383102416992,3.825826406478882,0.3228062689304352,-12.594680636571915
Validity7,81,would,Validity,False,182,7,39,0.1794871794871795,0.00186,False,3.363685607910156,3.916107892990112,3.3249404430389404,-6.287178791257027
Validity7,82,need,Validity,False,182,8,39,0.2051282051282051,0.000933,False,2.294511556625366,3.8433234691619873,4.274711608886719,-6.977105357116931
Validity7,83,to,Validity,False,182,9,39,0.2307692307692307,0.0269,True,0.1414301842451095,0.2016567587852478,0.1493168324232101,-3.6156289923743437
Validity7,84,look,Validity,False,182,10,39,0.2564102564102564,0.000646,False,4.808411121368408,4.278026580810547,4.549286842346191,-7.344711054181673
Validity7,85,at,Validity,False,182,11,39,0.282051282051282,0.00501,True,0.5246625542640686,0.5198100209236145,0.300570398569107,-5.296319363885364
Validity7,86,the,Validity,False,182,12,39,0.3076923076923077,0.0537,True,1.1211086511611938,1.4340170621871948,1.4699651002883911,-2.9243422774673182
Validity7,87,measure,Validity,False,182,13,39,0.3333333333333333,4.47e-05,False,5.404566764831543,7.851304054260254,6.5527849197387695,-10.015537056344751
Validity7,88,we,Validity,False,182,14,39,0.358974358974359,0.00347,True,8.18220043182373,8.187458992004395,6.197297096252441,-5.663600685023369
Validity7,89,had,Validity,False,182,15,39,0.3846153846153846,0.00214,True,5.790987014770508,7.379055023193359,6.982909679412842,-6.1469494499483766
Validity7,90,developed,Validity,False,182,16,39,0.4102564102564102,8.91e-05,False,3.6180419921875,4.76585578918457,2.6916890144348145,-9.32575122348751
Validity7,91,to,Validity,False,182,17,39,0.4358974358974359,0.0269,True,1.3594409227371216,1.0131237506866455,1.040572166442871,-3.6156289923743437
Validity7,92,measure,Validity,False,182,18,39,0.4615384615384615,4.47e-05,False,2.5518507957458496,2.111067771911621,1.551092267036438,-10.015537056344751
Validity7,93,sensitivity,Validity,False,182,19,39,0.4871794871794871,8.91e-06,False,7.310292720794678,5.8511481285095215,3.858875751495361,-11.628336316481557
Validity7,94,to,Validity,False,182,20,39,0.5128205128205128,0.0269,True,0.8957962393760681,0.5975574254989624,0.2298722118139267,-3.6156289923743437
Validity7,95,non-verbal,Validity,False,182,21,39,0.5384615384615384,7.8e-06,False,3.6742656864225856,2.895219683647156,3.1934773549437523,-11.761386824268728
Validity7,96,cues,Validity,False,182,22,39,0.5641025641025641,3.39e-06,False,0.1401147246360778,0.0281849559396505,0.0256813634186983,-12.594680636571915
Validity7,97,to,Validity,False,182,23,39,0.5897435897435898,0.0269,True,3.7033753395080566,2.37772274017334,2.7332067489624023,-3.6156289923743437
Validity7,98,determine,Validity,False,182,24,39,0.6153846153846154,4.27e-05,False,1.873923659324646,2.0153768062591557,1.945812702178955,-10.061311637729695
Validity7,99,if,Validity,False,182,25,39,0.6410256410256411,0.00295,True,2.062476873397827,2.340388298034668,2.287797212600708,-5.825950108630408
Validity7,100,it,Validity,False,182,26,39,0.6666666666666666,0.00891,True,1.286273717880249,2.0618796348571777,1.3710370063781738,-4.720581037499419
Validity7,101,assessed,Validity,False,182,27,39,0.6923076923076923,7.94e-06,False,7.585007667541504,8.041715621948242,7.901898860931396,-11.74359728270523
Validity7,102,all,Validity,False,182,28,39,0.717948717948718,0.00331,True,4.666999816894531,4.7368011474609375,4.894107341766357,-5.710807089593166
Validity7,103,kinds,Validity,False,182,29,39,0.7435897435897436,3.24e-05,False,6.797996044158936,5.513973236083984,5.818471908569336,-10.33735213516599
Validity7,104,of,Validity,False,182,30,39,0.7692307692307693,0.0251,True,0.0065660211257636,0.0078001194633543,0.0076608909294009,-3.684887432844399
Validity7,105,non-verbal,Validity,False,182,31,39,0.7948717948717948,7.8e-06,False,4.233475886285305,4.039098434150219,3.813220132142306,-11.761386824268728
Validity7,106,communication,Validity,False,182,32,39,0.8205128205128205,4.79e-05,False,5.639179229736328,6.787433624267578,6.870003700256348,-9.946395053547404
Validity7,107,or,Validity,False,182,33,39,0.8461538461538461,0.00347,True,3.8454902172088623,3.8347322940826416,3.4884207248687744,-5.663600685023369
Validity7,108,just,Validity,False,182,34,39,0.8717948717948718,0.00269,True,3.1951253414154053,2.2755351066589355,2.624610185623169,-5.9182140853683896
Validity7,110,a,Validity,False,182,35,39,0.8974358974358975,0.0229,True,3.2084550857543945,2.113987445831299,2.3825132846832275,-3.776618368421943
Validity7,111,subset,Validity,False,182,36,39,0.9230769230769232,3.39e-06,False,2.461686849594116,2.605556964874268,2.866643190383911,-12.594680636571915
Validity7,112,of,Validity,False,182,37,39,0.9487179487179488,0.0251,True,0.3090178370475769,0.1720075458288192,0.1637266725301742,-3.684887432844399
Validity7,113,non-verbal,Validity,False,182,38,39,0.9743589743589745,7.8e-06,False,2.221099415794015,2.399923655204475,2.9177298387512565,-11.761386824268728
Validity7,114,communication,Validity,False,182,39,39,1.0,4.79e-05,False,0.490959107875824,0.2803127020597458,0.2178763151168823,-9.946395053547404
Validity7,115,.,Validity,True,182,39,39,1.0,0.0,False,,,,
Validity8,1,A,Validity,False,183,0,7,0.0,0.0229,True,3.940407276153565,4.374178886413574,3.044075727462769,-3.776618368421943
Validity8,2,final,Validity,False,183,1,7,0.1428571428571428,0.000191,False,7.34894847869873,8.609079360961914,7.016129493713379,-8.563237129917644
Validity8,3,type,Validity,False,183,2,7,0.2857142857142857,0.000186,False,8.416805267333984,10.86746597290039,3.370313882827759,-8.589763884251074
Validity8,4,of,Validity,False,183,3,7,0.4285714285714285,0.0251,True,0.3401587009429931,0.2309678941965103,0.0047100549563765,-3.684887432844399
Validity8,5,validity,Validity,False,183,4,7,0.5714285714285714,5.01e-06,False,11.057939529418944,13.124286651611328,0.0704471990466117,-12.2040746428675
Validity8,6,is,Validity,False,183,5,7,0.7142857142857143,0.0117,True,3.113363742828369,2.209423542022705,0.4647456109523773,-4.448166437178426
Validity8,7,face,Validity,False,183,6,7,0.8571428571428571,0.000282,False,10.368050575256348,11.045413970947266,10.06745147705078,-8.17360348702616
Validity8,8,validity,Validity,False,183,7,7,1.0,5.01e-06,False,1.9933452010154724,5.851125419139862,1.936496764421463,-12.2040746428675
Validity8,9,.,Validity,True,183,7,7,1.0,0.0,False,,,,
Validity8,10,Face,Validity,False,184,0,19,0.0,0.000282,False,3.318577766418457,4.260536193847656,2.113992691040039,-8.17360348702616
Validity8,11,validity,Validity,False,184,1,19,0.0526315789473684,5.01e-06,False,0.2017194181680679,0.2506376206874847,0.0283687505871057,-12.2040746428675
Validity8,12,is,Validity,False,184,2,19,0.1052631578947368,0.0117,True,0.6793721914291382,0.8570327162742615,0.8887073397636414,-4.448166437178426
Validity8,13,the,Validity,False,184,3,19,0.1578947368421052,0.0537,True,1.4499047994613647,1.6243281364440918,2.055474042892456,-2.9243422774673182
Validity8,14,extent,Validity,False,184,4,19,0.2105263157894736,2.95e-05,False,6.656296730041504,6.791233539581299,3.508018493652344,-10.4311202946185
Validity8,15,to,Validity,False,184,5,19,0.2631578947368421,0.0269,True,0.1191879734396934,0.6223534941673279,0.0970243737101554,-3.6156289923743437
Validity8,16,which,Validity,False,184,6,19,0.3157894736842105,0.002,True,0.0005246216314844,0.0489265769720077,0.0091859092935919,-6.214608098422191
Validity8,17,a,Validity,False,184,7,19,0.3684210526315789,0.0229,True,1.2926820516586304,1.4161553382873535,0.6138086915016174,-3.776618368421943
Validity8,18,test,Validity,False,184,8,19,0.4210526315789473,0.000155,False,4.780702114105225,6.326933860778809,5.088515758514404,-8.772085441045027
Validity8,19,is,Validity,False,184,9,19,0.4736842105263157,0.0117,True,1.7008354663848877,1.498422384262085,2.1214165687561035,-4.448166437178426
Validity8,20,subjectively,Validity,False,184,10,19,0.5263157894736842,4.47e-07,False,9.431962966918944,9.963222026824951,8.040861368179321,-14.620707242332843
Validity8,22,viewed,Validity,False,184,11,19,0.5789473684210527,2.04e-05,False,8.859095573425293,7.993889331817627,6.3084001541137695,-10.799975657114103
Validity8,23,as,Validity,False,184,12,19,0.631578947368421,0.00589,True,0.4799056649208069,0.7026147842407227,0.5409383177757263,-5.134499281318642
Validity8,24,covering,Validity,False,184,13,19,0.6842105263157895,2.82e-05,False,7.921891689300537,9.75683879852295,8.606417655944824,-10.476188580020207
Validity8,25,the,Validity,False,184,14,19,0.7368421052631579,0.0537,True,1.937601923942566,1.5816991329193115,1.9490970373153689,-2.9243422774673182
Validity8,26,concept,Validity,False,184,15,19,0.7894736842105263,5.89e-05,False,7.208316802978516,6.8514251708984375,5.618375778198242,-9.739669467306733
Validity8,27,it,Validity,False,184,16,19,0.8421052631578947,0.00891,True,9.776647567749023,7.119974613189697,7.521733283996582,-4.720581037499419
Validity8,28,purports,Validity,False,184,17,19,0.8947368421052632,6.46e-07,False,5.827138020657003,6.741517581045628,7.307748384773731,-14.25246633316381
Validity8,29,to,Validity,False,184,18,19,0.9473684210526316,0.0269,True,0.0144821470603346,0.0138199590146541,0.0181136708706617,-3.6156289923743437
Validity8,30,measure,Validity,False,184,19,19,1.0,4.47e-05,False,4.0233679711818695,6.417555123567581,3.0129636228084564,-10.015537056344751
Validity8,31,.,Validity,True,184,19,19,1.0,0.0,False,,,,
Validity8,32,It,Validity,False,185,0,15,0.0,0.00891,True,2.520983457565308,2.5900802612304688,2.2477195262908936,-4.720581037499419
Validity8,33,refers,Validity,False,185,1,15,0.0666666666666666,1.78e-05,False,4.837296009063721,5.937328338623047,5.276993274688721,-10.936312100666235
Validity8,34,to,Validity,False,185,2,15,0.1333333333333333,0.0269,True,0.086030401289463,0.098450981080532,0.0634057074785232,-3.6156289923743437
Validity8,35,the,Validity,False,185,3,15,0.2,0.0537,True,0.5350695252418518,0.549601674079895,0.5368541479110718,-2.9243422774673182
Validity8,36,transparency,Validity,False,185,4,15,0.2666666666666666,7.94e-06,False,7.361457824707031,7.989014625549316,8.312952041625977,-11.74359728270523
Validity8,37,or,Validity,False,185,5,15,0.3333333333333333,0.00347,True,3.238746166229248,3.947208404541016,3.305874824523926,-5.663600685023369
Validity8,38,relevance,Validity,False,185,6,15,0.4,5.62e-06,False,6.210087776184082,7.22598123550415,6.745932102203369,-12.089178894058675
Validity8,39,of,Validity,False,185,7,15,0.4666666666666667,0.0251,True,0.1631412357091903,0.1974548697471618,0.1424963623285293,-3.684887432844399
Validity8,40,a,Validity,False,185,8,15,0.5333333333333333,0.0229,True,1.2850675582885742,0.8749668598175049,0.6853785514831543,-3.776618368421943
Validity8,41,test,Validity,False,185,9,15,0.6,0.000155,False,0.6902075409889221,0.1405670344829559,0.404884785413742,-8.772085441045027
Validity8,42,as,Validity,False,185,10,15,0.6666666666666666,0.00589,True,3.5357227325439453,3.787999153137207,4.248956680297852,-5.134499281318642
Validity8,43,it,Validity,False,185,11,15,0.7333333333333333,0.00891,True,2.502614498138428,2.252814054489136,2.289888858795166,-4.720581037499419
Validity8,44,appears,Validity,False,185,12,15,0.8,6.92e-05,False,4.641360759735107,3.8563852310180655,4.528090000152588,-9.57850969534065
Validity8,45,to,Validity,False,185,13,15,0.8666666666666667,0.0269,True,1.722459316253662,1.124262452125549,0.7764700055122375,-3.6156289923743437
Validity8,46,test,Validity,False,185,14,15,0.9333333333333332,0.000155,False,4.841946125030518,5.18306827545166,6.001574993133545,-8.772085441045027
Validity8,47,participants,Validity,False,185,15,15,1.0,2.51e-05,False,8.250869274139404,11.108717679977415,10.352221965789797,-10.592642711826535
Validity8,48,.,Validity,True,185,15,15,1.0,0.0,False,,,,
Validity8,49,In,Validity,False,186,0,26,0.0,0.0186,True,2.9123988151550293,3.4523935317993164,3.141479730606079,-3.9845936982629815
Validity8,50,other,Validity,False,186,1,26,0.0384615384615384,0.00145,True,2.405901908874512,1.9597622156143188,2.186010837554932,-6.536191722549654
Validity8,51,words,Validity,False,186,2,26,0.0769230769230769,0.000178,False,0.0686553847044706,0.0908781317993998,1.7263585180044174,-8.633727007672189
Validity8,52,",",Validity,True,186,2,26,0.0769230769230769,0.0,False,,,,
Validity8,53,a,Validity,False,186,3,26,0.1153846153846153,0.0229,True,2.571508407592773,2.736692428588867,2.358320951461792,-3.776618368421943
Validity8,54,test,Validity,False,186,4,26,0.1538461538461538,0.000155,False,1.039387822151184,0.5288219451904297,0.9544528126716614,-8.772085441045027
Validity8,55,can,Validity,False,186,5,26,0.1923076923076923,0.00288,True,2.8885698318481445,2.580484628677368,2.513482093811035,-5.8499649848342825
Validity8,56,be,Validity,False,186,6,26,0.2307692307692307,0.00617,True,0.6162171363830566,0.6802079677581787,0.7290019989013672,-5.088056441064841
Validity8,57,said,Validity,False,186,7,26,0.2692307692307692,0.00102,False,3.928351640701294,5.2817888259887695,5.679036617279053,-6.887952651685957
Validity8,58,to,Validity,False,186,8,26,0.3076923076923077,0.0269,True,0.0278012659400701,0.0275112558156251,0.0230861026793718,-3.6156289923743437
Validity8,59,have,Validity,False,186,9,26,0.3461538461538461,0.00513,True,2.6790196895599365,1.8819122314453125,2.3739850521087646,-5.272649619799459
Validity8,60,face,Validity,False,186,10,26,0.3846153846153846,0.000282,False,2.6270337104797363,2.619748115539551,5.109455108642578,-8.17360348702616
Validity8,61,validity,Validity,False,186,11,26,0.4230769230769231,5.01e-06,False,0.0043481094762682,0.0366394482553005,0.0182838756591081,-12.2040746428675
Validity8,62,if,Validity,False,186,12,26,0.4615384615384615,0.00295,True,1.0426918268203735,1.2262099981307983,1.0236140489578247,-5.825950108630408
Validity8,63,it,Validity,False,186,13,26,0.5,0.00891,True,0.6138506531715393,0.7732058763504028,0.4333020150661468,-4.720581037499419
Validity8,64,',Validity,True,186,13,26,0.5,0.0,False,6.7297892570495605,8.829461097717285,6.903075218200684,
Validity8,65,looks,Validity,False,186,14,26,0.5384615384615384,0.000229,False,9.880486488342283,9.278623580932615,4.245853424072266,-8.381788554410035
Validity8,66,like,Validity,False,186,15,26,0.5769230769230769,0.00257,False,1.1382970809936523,1.2898026704788208,1.8562650680541992,-5.9638493800750085
Validity8,67,',Validity,True,186,15,26,0.5769230769230769,0.0,False,4.269119739532471,5.56400728225708,4.293604850769043,
Validity8,68,it,Validity,False,186,16,26,0.6153846153846154,0.00891,True,1.675258994102478,1.7625770568847656,0.8306523561477661,-4.720581037499419
Validity8,69,is,Validity,False,186,17,26,0.6538461538461539,0.0117,True,1.9562852382659912,1.953490614891052,1.6831259727478027,-4.448166437178426
Validity8,70,going,Validity,False,186,18,26,0.6923076923076923,0.000871,False,5.473356246948242,5.872274398803711,5.7950053215026855,-7.045868581111772
Validity8,71,to,Validity,False,186,19,26,0.7307692307692307,0.0269,True,0.1923845112323761,0.3672246038913727,0.1458825320005417,-3.6156289923743437
Validity8,72,measure,Validity,False,186,20,26,0.7692307692307693,4.47e-05,False,2.355448007583618,4.7173686027526855,4.329809665679932,-10.015537056344751
Validity8,73,what,Validity,False,186,21,26,0.8076923076923077,0.0024,True,4.303744792938232,4.640926361083984,4.093996047973633,-6.032286541628237
Validity8,74,it,Validity,False,186,22,26,0.8461538461538461,0.00891,True,1.581265926361084,1.1968131065368652,1.661312699317932,-4.720581037499419
Validity8,75,is,Validity,False,186,23,26,0.8846153846153846,0.0117,True,1.8615139722824097,1.5795713663101196,1.9351327419281008,-4.448166437178426
Validity8,76,supposed,Validity,False,186,24,26,0.9230769230769232,8.13e-05,False,2.995039224624634,3.5562143325805664,3.662133693695069,-9.417364541410508
Validity8,77,to,Validity,False,186,25,26,0.9615384615384616,0.0269,True,0.0006766413571313,0.0044082845561206,0.005553413182497,-3.6156289923743437
Validity8,78,measure,Validity,False,186,26,26,1.0,4.47e-05,False,1.0284522771835327,2.1010610461235046,1.3651756942272186,-10.015537056344751
Validity8,79,.,Validity,True,186,26,26,1.0,0.0,False,,,,
Validity8,80,For,Validity,False,187,0,40,0.0,0.0102,True,3.534646511077881,4.313742160797119,3.5987281799316406,-4.585367558691911
Validity8,81,instance,Validity,False,187,1,40,0.025,3.89e-05,False,2.141904830932617,1.903715133666992,3.334886074066162,-10.154516307339874
Validity8,82,if,Validity,False,187,2,40,0.05,0.00295,True,5.538615703582764,4.532491683959961,2.131553888320923,-5.825950108630408
Validity8,83,a,Validity,False,187,3,40,0.075,0.0229,True,1.5370854139328003,1.275525689125061,1.3098585605621338,-3.776618368421943
Validity8,84,test,Validity,False,187,4,40,0.1,0.000155,False,1.164169192314148,0.3311063647270202,0.8301798701286316,-8.772085441045027
Validity8,85,is,Validity,False,187,5,40,0.125,0.0117,True,1.0349653959274292,1.1731709241867063,1.3006116151809692,-4.448166437178426
Validity8,86,prepared,Validity,False,187,6,40,0.15,5.5e-05,False,7.8910627365112305,8.1062593460083,8.573920249938965,-9.808177372731803
Validity8,87,to,Validity,False,187,7,40,0.175,0.0269,True,1.0949504375457764,2.9154932498931885,2.0413546562194824,-3.6156289923743437
Validity8,88,measure,Validity,False,187,8,40,0.2,4.47e-05,False,1.0889132022857666,1.2320774793624878,0.8060116171836853,-10.015537056344751
Validity8,89,whether,Validity,False,187,9,40,0.225,0.000209,False,3.328620433807373,4.472362518310547,4.330327987670898,-8.473176305999463
Validity8,90,students,Validity,False,187,10,40,0.25,0.000178,False,7.143266201019287,5.656247615814209,5.605611801147461,-8.633727007672189
Validity8,91,can,Validity,False,187,11,40,0.275,0.00288,True,3.767343759536743,3.759714603424072,3.097352743148804,-5.8499649848342825
Validity8,92,perform,Validity,False,187,12,40,0.3,4.57e-05,False,5.067534446716309,3.2121613025665283,3.819448709487915,-9.993412260064115
Validity8,93,multiplication,Validity,False,187,13,40,0.325,1.82e-06,False,6.8466410636901855,9.624693870544434,9.734893798828123,-13.21667405687557
Validity8,94,and,Validity,False,187,14,40,0.35,0.0257,True,3.39932632446289,2.479499340057373,2.504775047302246,-3.661264287080963
Validity8,95,the,Validity,False,187,15,40,0.375,0.0537,True,5.349394798278809,4.940480709075928,5.615902423858643,-2.9243422774673182
Validity8,96,people,Validity,False,187,16,40,0.4,0.00178,False,6.854992866516113,7.64767599105835,6.3311967849731445,-6.331141914678144
Validity8,97,to,Validity,False,187,17,40,0.425,0.0269,True,5.170552730560303,4.647387504577637,4.656662940979004,-3.6156289923743437
Validity8,98,whom,Validity,False,187,18,40,0.45,7.08e-05,True,1.88380229473114,0.8629472255706787,1.586658000946045,-9.5556515572646
Validity8,99,it,Validity,False,187,19,40,0.475,0.00891,True,0.867300271987915,0.4882237911224365,0.3970927298069,-4.720581037499419
Validity8,100,is,Validity,False,187,20,40,0.5,0.0117,True,0.8319777846336365,0.6600040197372437,0.7477003931999207,-4.448166437178426
Validity8,101,shown,Validity,False,187,21,40,0.525,7.94e-05,False,6.927329063415527,7.430746078491211,6.85966682434082,-9.441012189711184
Validity8,102,all,Validity,False,187,22,40,0.55,0.00331,True,6.616402626037598,8.157217979431152,8.575396537780762,-5.710807089593166
Validity8,103,agree,Validity,False,187,23,40,0.575,9.33e-05,False,4.16126823425293,4.283168792724609,6.954708576202393,-9.279690450110976
Validity8,104,that,Validity,False,187,24,40,0.6,0.0102,True,1.2936549186706543,0.987900972366333,1.2354029417037964,-4.585367558691911
Validity8,105,it,Validity,False,187,25,40,0.625,0.00891,True,1.8408259153366089,1.637312412261963,2.528045177459717,-4.720581037499419
Validity8,106,looks,Validity,False,187,26,40,0.65,0.000229,False,4.870782375335693,3.507299900054932,4.165915489196777,-8.381788554410035
Validity8,107,like,Validity,False,187,27,40,0.675,0.00257,False,0.2400887310504913,0.1133284792304039,0.1261551678180694,-5.9638493800750085
Validity8,108,a,Validity,False,187,28,40,0.7,0.0229,True,2.1849751472473145,2.3149666786193848,2.001751184463501,-3.776618368421943
Validity8,109,good,Validity,False,187,29,40,0.725,0.00132,False,4.446527481079102,4.262686729431152,4.552453994750977,-6.630123542383857
Validity8,110,test,Validity,False,187,30,40,0.75,0.000155,False,2.09134578704834,1.1520092487335205,1.585271239280701,-8.772085441045027
Validity8,111,of,Validity,False,187,31,40,0.775,0.0251,True,3.664003610610962,6.37519121170044,5.843437671661377,-3.684887432844399
Validity8,112,multiplication,Validity,False,187,32,40,0.8,1.82e-06,False,2.337999105453491,3.9445137977600098,5.392056941986084,-13.21667405687557
Validity8,113,ability,Validity,False,187,33,40,0.825,9.12e-05,False,7.369817733764648,7.767557144165039,6.812455177307129,-9.302455660883988
Validity8,114,this,Validity,False,187,34,40,0.85,0.00661,True,6.623478889465332,6.603929042816162,5.463815689086914,-5.019171625118542
Validity8,115,demonstrates,Validity,False,187,35,40,0.875,7.24e-06,False,7.139820098876953,7.687366485595703,8.120705604553223,-11.83588935156665
Validity8,116,face,Validity,False,187,36,40,0.9,0.000282,False,2.338664054870605,2.0161917209625244,2.943331718444824,-8.17360348702616
Validity8,117,validity,Validity,False,187,37,40,0.925,5.01e-06,False,0.0163920894265174,0.0105374613776803,0.0075521674007177,-12.2040746428675
Validity8,118,of,Validity,False,187,38,40,0.95,0.0251,True,5.299892425537109,4.575882911682129,5.723865985870361,-3.684887432844399
Validity8,119,the,Validity,False,187,39,40,0.975,0.0537,True,0.7551425695419312,0.5368956327438354,0.5733034610748291,-2.9243422774673182
Validity8,120,test,Validity,False,187,40,40,1.0,0.000155,False,0.5301722288131714,0.5143315345048904,0.5389617681503296,-8.772085441045027
Validity8,121,.,Validity,True,187,40,40,1.0,0.0,False,,,,
Validity9,1,The,Validity,False,188,0,7,0.0,0.0537,True,3.276172399520874,3.508734703063965,2.866875171661377,-2.9243422774673182
Validity9,2,following,Validity,False,188,1,7,0.1428571428571428,0.000288,False,4.815816879272461,6.127287864685059,5.275916576385498,-8.152550077828328
Validity9,3,illustrates,Validity,False,188,2,7,0.2857142857142857,4.27e-06,False,9.05444622039795,9.630292892456056,7.097692489624023,-12.363896730723742
Validity9,4,an,Validity,False,188,3,7,0.4285714285714285,0.00339,True,3.343672037124634,3.2607033252716064,3.108582019805908,-5.686925357589778
Validity9,5,example,Validity,False,188,4,7,0.5714285714285714,0.000186,False,1.37823486328125,1.6376230716705322,0.5893922448158264,-8.589763884251074
Validity9,6,of,Validity,False,188,5,7,0.7142857142857143,0.0251,True,0.3900855481624603,0.2277908623218536,0.347836434841156,-3.684887432844399
Validity9,7,face,Validity,False,188,6,7,0.8571428571428571,0.000282,False,10.280707359313965,12.03279972076416,0.6352395415306091,-8.17360348702616
Validity9,8,validity,Validity,False,188,7,7,1.0,5.01e-06,False,9.047059655189514,13.062132000923157,0.9485064325854182,-12.2040746428675
Validity9,9,.,Validity,True,188,7,7,1.0,0.0,False,,,,
Validity9,10,IQ,Validity,False,189,0,6,0.0,4.9e-06,False,12.10187530517578,12.104905128479004,10.806227684020996,-12.226275352847694
Validity9,11,tests,Validity,False,189,1,6,0.1666666666666666,4.68e-05,False,1.409252047538757,2.4354043006896973,1.2384370565414429,-9.969627355040673
Validity9,12,are,Validity,False,189,2,6,0.3333333333333333,0.0055,True,0.9354735612869264,1.2761399745941162,0.9691383838653564,-5.2030071867437115
Validity9,13,supposed,Validity,False,189,3,6,0.5,8.13e-05,False,6.245813846588135,5.053831100463867,4.632234573364258,-9.417364541410508
Validity9,14,to,Validity,False,189,4,6,0.6666666666666666,0.0269,True,0.0011843579122796,0.0047603608109056,0.0059832981787621,-3.6156289923743437
Validity9,15,measure,Validity,False,189,5,6,0.8333333333333334,4.47e-05,False,1.5581377744674685,3.233651161193848,0.8523013591766357,-10.015537056344751
Validity9,16,intelligence,Validity,False,189,6,6,1.0,5.01e-05,False,4.0574856996536255,5.861356019973755,6.058321595191956,-9.901489549873455
Validity9,17,.,Validity,True,189,6,6,1.0,0.0,False,,,,
Validity9,18,Very,Validity,False,190,0,25,0.0,0.001,True,8.34210205078125,7.237363815307617,7.420576095581055,-6.907755278982137
Validity9,19,early,Validity,False,190,1,25,0.04,0.000269,False,4.679422378540039,6.260275363922119,6.217621803283691,-8.220799178362435
Validity9,20,IQ,Validity,False,190,2,25,0.08,4.9e-06,False,4.535397052764893,5.1899733543396,4.1194915771484375,-12.226275352847694
Validity9,21,tests,Validity,False,190,3,25,0.12,4.68e-05,False,0.1408972889184951,0.1625014394521713,0.1305327862501144,-9.969627355040673
Validity9,22,would,Validity,False,190,4,25,0.16,0.00186,False,5.449411392211914,5.07189416885376,5.616494655609131,-6.287178791257027
Validity9,23,often,Validity,False,190,5,25,0.2,0.000257,False,4.883820533752441,6.291882038116455,4.984024524688721,-8.266434473069054
Validity9,24,have,Validity,False,190,6,25,0.24,0.00513,True,3.2225875854492188,2.5574426651000977,2.749456882476806,-5.272649619799459
Validity9,25,pictures,Validity,False,190,7,25,0.28,8.32e-05,False,7.949685096740723,9.508227348327637,8.611639022827148,-9.394263210137112
Validity9,26,of,Validity,False,190,8,25,0.32,0.0251,True,0.3221624493598938,0.7411038279533386,0.6194542050361633,-3.684887432844399
Validity9,27,missing,Validity,False,190,9,25,0.36,0.000112,False,8.81950569152832,8.086088180541992,9.741327285766602,-9.09701168666918
Validity9,28,items,Validity,False,190,10,25,0.4,6.03e-05,False,6.256959557533264,8.45539391040802,7.769490242004394,-9.716178454231134
Validity9,29,",",Validity,True,190,10,25,0.4,0.0,False,,,,
Validity9,30,like,Validity,False,190,11,25,0.44,0.00257,False,2.800802230834961,4.006077289581299,3.940533399581909,-5.9638493800750085
Validity9,31,a,Validity,False,190,12,25,0.48,0.0229,True,2.142503023147583,2.120026111602783,2.2035183906555176,-3.776618368421943
Validity9,32,missing,Validity,False,190,13,25,0.52,0.000112,False,4.422801971435547,3.348201274871826,4.351043224334717,-9.09701168666918
Validity9,33,tennis,Validity,False,190,14,25,0.56,2.24e-05,False,10.426676750183104,8.017083168029785,7.831220626831055,-10.70644959910328
Validity9,34,ball,Validity,False,190,15,25,0.6,0.00011,False,0.1627691239118576,0.4291405081748962,0.4176325500011444,-9.115030192171858
Validity9,35,from,Validity,False,190,16,25,0.64,0.00427,True,5.624995708465576,4.565983772277832,5.58219575881958,-5.456141451741604
Validity9,36,a,Validity,False,190,17,25,0.68,0.0229,True,1.1272332668304443,1.0235027074813845,1.077114462852478,-3.776618368421943
Validity9,37,court,Validity,False,190,18,25,0.72,0.000257,False,5.747279167175293,4.413337707519531,5.464077949523926,-8.266434473069054
Validity9,38,or,Validity,False,190,19,25,0.76,0.00347,True,2.3944859504699707,2.7940926551818848,1.8937135934829712,-5.663600685023369
Validity9,39,a,Validity,False,190,20,25,0.8,0.0229,True,0.6684325933456421,0.7882522940635681,0.690285861492157,-3.776618368421943
Validity9,40,missing,Validity,False,190,21,25,0.84,0.000112,False,1.7619843482971191,0.6003860235214233,0.5759018063545227,-9.09701168666918
Validity9,41,chimney,Validity,False,190,22,25,0.88,3.55e-06,False,10.793754734098911,10.781019791960716,11.26472083479166,-12.54856295447695
Validity9,42,from,Validity,False,190,23,25,0.92,0.00427,True,2.0926003456115723,1.425029158592224,2.5736446380615234,-5.456141451741604
Validity9,43,a,Validity,False,190,24,25,0.96,0.0229,True,0.2393191754817962,0.2312121838331222,0.29110187292099,-3.776618368421943
Validity9,44,house,Validity,False,190,25,25,1.0,0.000513,False,3.421724736690521,3.497945934534073,4.168689489364624,-7.575234712793504
Validity9,45,.,Validity,True,190,25,25,1.0,0.0,False,,,,
Validity9,46,At,Validity,False,191,0,24,0.0,0.00501,True,5.338597297668457,5.374721527099609,5.021032333374023,-5.296319363885364
Validity9,47,face,Validity,False,191,1,24,0.0416666666666666,0.000282,False,10.01716136932373,9.460333824157717,9.99446964263916,-8.17360348702616
Validity9,48,value,Validity,False,191,2,24,0.0833333333333333,0.000141,False,2.11867904663086,1.5128555297851562,5.342769145965576,-8.866750667586105
Validity9,49,the,Validity,False,191,3,24,0.125,0.0537,True,3.5785086154937744,2.886979818344116,1.999729037284851,-2.9243422774673182
Validity9,50,test,Validity,False,191,4,24,0.1666666666666666,0.000155,False,2.413750410079956,2.652831077575684,1.0136531591415403,-8.772085441045027
Validity9,51,was,Validity,False,191,5,24,0.2083333333333333,0.00661,True,5.056459903717041,4.158398628234863,4.224987983703613,-5.019171625118542
Validity9,52,thought,Validity,False,191,6,24,0.25,0.000389,False,6.5759382247924805,7.403206825256348,5.973691940307617,-7.851931214345828
Validity9,53,to,Validity,False,191,7,24,0.2916666666666667,0.0269,True,0.2188025563955307,0.4571415185928345,0.4317028224468231,-3.6156289923743437
Validity9,54,be,Validity,False,191,8,24,0.3333333333333333,0.00617,True,0.8407816290855408,0.4059076607227325,0.5453760623931885,-5.088056441064841
Validity9,55,valid,Validity,False,191,9,24,0.375,2.4e-05,False,5.306853771209717,4.382674217224121,5.180298805236816,-10.637456727616328
Validity9,56,and,Validity,False,191,10,24,0.4166666666666667,0.0257,True,2.903242588043213,3.2229487895965576,3.43861985206604,-3.661264287080963
Validity9,57,fair,Validity,False,191,11,24,0.4583333333333333,9.77e-05,False,5.793107032775879,7.3455023765563965,6.812850475311279,-9.233608998915537
Validity9,58,to,Validity,False,191,12,24,0.5,0.0269,True,3.3325443267822266,3.332143783569336,3.745938062667847,-3.6156289923743437
Validity9,59,speakers,Validity,False,191,13,24,0.5416666666666666,1.74e-05,False,12.426746368408203,12.593184471130373,10.920961380004885,-10.959040351743791
Validity9,60,of,Validity,False,191,14,24,0.5833333333333334,0.0251,True,1.3594403266906738,2.9011197090148926,3.241697311401367,-3.684887432844399
Validity9,61,languages,Validity,False,191,15,24,0.625,2.63e-05,False,4.963905811309815,4.656851768493652,6.799740791320801,-10.545941618780555
Validity9,62,other,Validity,False,191,16,24,0.6666666666666666,0.00145,True,2.518251180648804,1.20000159740448,1.419580340385437,-6.536191722549654
Validity9,63,than,Validity,False,191,17,24,0.7083333333333334,0.00135,True,0.0058535346761345,0.0055251982994377,0.0114162284880876,-6.607650686531799
Validity9,64,English,Validity,False,191,18,24,0.75,0.000155,False,0.1198528036475181,0.3977046012878418,0.3460770547389984,-8.772085441045027
Validity9,65,because,Validity,False,191,19,24,0.7916666666666666,0.00107,True,4.955063343048096,4.892477035522461,4.140223026275635,-6.840096630508322
Validity9,66,pictures,Validity,False,191,20,24,0.8333333333333334,8.32e-05,False,8.078882217407227,8.66307258605957,8.685001373291016,-9.394263210137112
Validity9,67,are,Validity,False,191,21,24,0.875,0.0055,True,3.222352743148804,2.676098108291626,2.6587376594543457,-5.2030071867437115
Validity9,68,a,Validity,False,191,22,24,0.9166666666666666,0.0229,True,4.311129570007324,3.4342684745788574,3.648283243179321,-3.776618368421943
Validity9,69,universal,Validity,False,191,23,24,0.9583333333333334,3.09e-05,False,4.759317874908447,5.480776309967041,5.272729396820068,-10.384754374060574
Validity9,70,language,Validity,False,191,24,24,1.0,0.000126,False,2.8803516626358032,2.1810617446899414,1.9807764887809756,-8.979228651012797
Validity9,71,.,Validity,True,191,24,24,1.0,0.0,False,,,,
Validity9,72,However,Validity,False,192,0,17,0.0,0.00038,False,1.875990629196167,2.3903396129608154,2.182691097259521,-7.875339305243843
Validity9,73,the,Validity,False,192,1,17,0.0588235294117647,0.0537,True,3.674955368041992,3.4149537086486816,2.515967845916748,-2.9243422774673182
Validity9,74,test,Validity,False,192,2,17,0.1176470588235294,0.000155,False,2.0651931762695312,1.321766972541809,1.3817901611328125,-8.772085441045027
Validity9,75,was,Validity,False,192,3,17,0.1764705882352941,0.00661,True,1.3750308752059937,1.187127709388733,1.4111889600753784,-5.019171625118542
Validity9,76,actually,Validity,False,192,4,17,0.2352941176470588,0.000309,False,4.767663955688477,3.818253993988037,4.198917388916016,-8.082169281066529
Validity9,77,biased,Validity,False,192,5,17,0.2941176470588235,5.75e-06,False,3.8941054344177246,5.132286071777344,5.923434257507324,-12.066310703155015
Validity9,78,against,Validity,False,192,6,17,0.3529411764705882,0.000479,True,1.7089104652404783,1.7777421474456787,2.032288074493408,-7.643809960553359
Validity9,79,the,Validity,False,192,7,17,0.4117647058823529,0.0537,True,2.894784927368164,2.5370078086853027,2.196616172790528,-2.9243422774673182
Validity9,80,poor,Validity,False,192,8,17,0.4705882352941176,0.000123,False,5.9004316329956055,6.766722679138184,7.76248836517334,-9.003326202591856
Validity9,81,who,Validity,False,192,9,17,0.5294117647058824,0.00219,True,5.14999532699585,4.803118705749512,6.295365333557129,-6.123853735153728
Validity9,82,may,Validity,False,192,10,17,0.5882352941176471,0.000955,False,5.9940056800842285,5.164083957672119,5.038232803344727,-6.953799217483544
Validity9,83,not,Validity,False,192,11,17,0.6470588235294118,0.0049,True,1.8185522556304927,1.2665040493011477,1.3300776481628418,-5.318520073865556
Validity9,84,have,Validity,False,192,12,17,0.7058823529411765,0.00513,True,1.3509067296981812,1.1295137405395508,1.3537304401397705,-5.272649619799459
Validity9,85,ever,Validity,False,192,13,17,0.7647058823529411,0.000457,False,5.663362979888916,5.132374286651611,5.888289451599121,-7.690827167070069
Validity9,86,seen,Validity,False,192,14,17,0.8235294117647058,0.000331,False,3.1317498683929443,3.005387306213379,2.294386625289917,-8.01339218258721
Validity9,87,a,Validity,False,192,15,17,0.8823529411764706,0.0229,True,1.353687047958374,0.9591591358184814,1.5595251321792605,-3.776618368421943
Validity9,88,tennis,Validity,False,192,16,17,0.9411764705882352,2.24e-05,False,4.794389724731445,5.21817684173584,3.6657228469848633,-10.70644959910328
Validity9,89,court,Validity,False,192,17,17,1.0,0.000257,False,5.867840766906738,7.453845381736755,7.637513756752014,-8.266434473069054
Validity9,90,.,Validity,True,192,17,17,1.0,0.0,False,,,,
Validity9,91,It,Validity,False,193,0,21,0.0,0.00891,True,3.3859670162200928,3.282065868377685,3.357053518295288,-4.720581037499419
Validity9,92,was,Validity,False,193,1,21,0.0476190476190476,0.00661,True,1.085654616355896,0.8640236258506775,1.1207267045974731,-5.019171625118542
Validity9,93,also,Validity,False,193,2,21,0.0952380952380952,0.00155,False,2.597144365310669,2.523890972137451,2.636028289794922,-6.469500348050982
Validity9,94,biased,Validity,False,193,3,21,0.1428571428571428,5.75e-06,False,2.18621826171875,2.403474807739258,2.908053159713745,-12.066310703155015
Validity9,95,against,Validity,False,193,4,21,0.1904761904761904,0.000479,True,0.1612074375152588,0.2149761170148849,0.2870064079761505,-7.643809960553359
Validity9,96,people,Validity,False,193,5,21,0.238095238095238,0.00178,False,3.047133445739746,2.264257907867432,2.13720440864563,-6.331141914678144
Validity9,97,from,Validity,False,193,6,21,0.2857142857142857,0.00427,True,3.67804765701294,3.2168960571289062,3.2652509212493896,-5.456141451741604
Validity9,98,some,Validity,False,193,7,21,0.3333333333333333,0.00158,True,5.6513776779174805,6.489777088165283,6.3958516120910645,-6.450330431943262
Validity9,99,Christian,Validity,False,193,8,21,0.3809523809523809,7.59e-05,False,9.617867469787598,8.724123001098633,8.674234390258789,-9.48609387356269
Validity9,100,countries,Validity,False,193,9,21,0.4285714285714285,0.000135,False,2.6314876079559326,1.2007615566253662,0.8177047967910767,-8.910235779525845
Validity9,101,who,Validity,False,193,10,21,0.4761904761904761,0.00219,True,1.1339635848999023,1.211760640144348,1.9429924488067627,-6.123853735153728
Validity9,102,thought,Validity,False,193,11,21,0.5238095238095238,0.000389,False,4.711257457733154,5.174598693847656,4.265541076660156,-7.851931214345828
Validity9,103,a,Validity,False,193,12,21,0.5714285714285714,0.0229,True,4.330726623535156,4.36137056350708,4.161411285400391,-3.776618368421943
Validity9,104,cross,Validity,False,193,13,21,0.6190476190476191,0.0001,False,5.674548149108887,8.039371490478516,6.944721221923828,-9.210340371976182
Validity9,105,was,Validity,False,193,14,21,0.6666666666666666,0.00661,True,1.509141206741333,1.1605803966522217,1.3733304738998413,-5.019171625118542
Validity9,106,missing,Validity,False,193,15,21,0.7142857142857143,0.000112,False,7.66993522644043,5.76293420791626,6.049152374267578,-9.09701168666918
Validity9,107,from,Validity,False,193,16,21,0.7619047619047619,0.00427,True,1.2753978967666626,2.3576784133911133,2.330085515975952,-5.456141451741604
Validity9,108,the,Validity,False,193,17,21,0.8095238095238095,0.0537,True,1.5529403686523438,1.587675929069519,1.8047455549240112,-2.9243422774673182
Validity9,109,roof,Validity,False,193,18,21,0.8571428571428571,3.55e-05,False,5.005044460296631,5.56767463684082,5.53201150894165,-10.245977861482904
Validity9,110,not,Validity,False,193,19,21,0.9047619047619048,0.0049,True,9.283686637878418,9.258034706115724,8.951265335083008,-5.318520073865556
Validity9,111,a,Validity,False,193,20,21,0.9523809523809524,0.0229,True,2.204917430877685,2.5865371227264404,2.639124870300293,-3.776618368421943
Validity9,112,chimney,Validity,False,193,21,21,1.0,3.55e-06,False,3.835317621938884,5.586573199077975,6.328317524283193,-12.54856295447695
Validity9,113,.,Validity,True,193,21,21,1.0,0.0,False,,,,
Validity9,114,The,Validity,False,194,0,8,0.0,0.0537,True,1.9852384328842163,1.971864104270935,2.1723670959472656,-2.9243422774673182
Validity9,115,test,Validity,False,194,1,8,0.125,0.000155,False,1.7173632383346558,0.6162319779396057,0.8221487998962402,-8.772085441045027
Validity9,116,had,Validity,False,194,2,8,0.25,0.00214,True,3.9851789474487305,4.0541300773620605,3.7015204429626474,-6.1469494499483766
Validity9,117,face,Validity,False,194,3,8,0.375,0.000282,False,8.816290855407715,8.173761367797852,5.122114658355713,-8.17360348702616
Validity9,118,validity,Validity,False,194,4,8,0.5,5.01e-06,False,0.1607528924942016,0.0635242983698844,0.011141350492835,-12.2040746428675
Validity9,119,but,Validity,False,194,5,8,0.625,0.00427,True,2.367363452911377,2.5237550735473637,3.229752540588379,-5.456141451741604
Validity9,120,not,Validity,False,194,6,8,0.75,0.0049,True,2.916207790374756,3.259645462036133,2.725656032562256,-5.318520073865556
Validity9,121,construct,Validity,False,194,7,8,0.875,9.55e-06,False,10.73784065246582,10.103583335876465,9.309022903442385,-11.558969403471636
Validity9,122,validity,Validity,False,194,8,8,1.0,5.01e-06,False,0.5231479033827782,0.7940141558647156,0.3278234448516741,-12.2040746428675
Validity9,123,.,Validity,True,194,8,8,1.0,0.0,False,,,,
Validity9,124,The,Validity,False,195,0,21,0.0,0.0537,True,2.002965211868286,1.9662911891937256,2.2386410236358643,-2.9243422774673182
Validity9,125,reason,Validity,False,195,1,21,0.0476190476190476,0.000209,False,5.298296928405762,4.392829418182373,4.412912368774414,-8.473176305999463
Validity9,126,poor,Validity,False,195,2,21,0.0952380952380952,0.000123,False,9.38009548187256,9.049688339233398,11.090121269226074,-9.003326202591856
Validity9,127,participants,Validity,False,195,3,21,0.1428571428571428,2.51e-05,False,7.127161026000977,7.426766395568848,5.001038551330566,-10.592642711826535
Validity9,128,answered,Validity,False,195,4,21,0.1904761904761904,2.09e-05,False,6.837384223937988,9.09965991973877,8.247053146362305,-10.77576139899351
Validity9,129,questions,Validity,False,195,5,21,0.238095238095238,0.000141,False,4.72146463394165,5.428769588470459,4.703402996063232,-8.866750667586105
Validity9,130,incorrectly,Validity,False,195,6,21,0.2857142857142857,3.72e-06,False,4.600131034851074,2.727791309356689,3.867131233215332,-12.501786889679218
Validity9,131,was,Validity,False,195,7,21,0.3333333333333333,0.00661,True,0.5240750908851624,0.5475482940673828,0.7995547652244568,-5.019171625118542
Validity9,132,not,Validity,False,195,8,21,0.3809523809523809,0.0049,True,3.430347204208374,4.165498733520508,3.898219108581543,-5.318520073865556
Validity9,133,because,Validity,False,195,9,21,0.4285714285714285,0.00107,True,0.6716932654380798,0.8916177749633789,0.8244088888168335,-6.840096630508322
Validity9,134,they,Validity,False,195,10,21,0.4761904761904761,0.00316,True,0.7315026521682739,0.642227292060852,0.5234516263008118,-5.757183251383316
Validity9,135,were,Validity,False,195,11,21,0.5238095238095238,0.00219,True,1.1896543502807615,1.090581297874451,1.1822885274887085,-6.123853735153728
Validity9,136,less,Validity,False,195,12,21,0.5714285714285714,0.000309,False,4.924051284790039,6.141756057739258,5.098089218139648,-8.082169281066529
Validity9,137,intelligent,Validity,False,195,13,21,0.6190476190476191,1.95e-05,False,1.5130054950714111,1.7253080606460571,2.761875629425049,-10.845096092394574
Validity9,138,which,Validity,False,195,14,21,0.6666666666666666,0.002,True,8.421677589416504,8.196761131286621,8.375938415527344,-6.214608098422191
Validity9,139,is,Validity,False,195,15,21,0.7142857142857143,0.0117,True,1.1926286220550537,0.9247602820396424,1.1720004081726074,-4.448166437178426
Validity9,140,what,Validity,False,195,16,21,0.7619047619047619,0.0024,True,2.8195714950561523,2.6884169578552246,3.1360983848571777,-6.032286541628237
Validity9,141,the,Validity,False,195,17,21,0.8095238095238095,0.0537,True,2.1993958950042725,1.748847246170044,2.1946396827697754,-2.9243422774673182
Validity9,142,test,Validity,False,195,18,21,0.8571428571428571,0.000155,False,1.1621288061141968,0.2957878708839416,0.484335720539093,-8.772085441045027
Validity9,143,purported,Validity,False,195,19,21,0.9047619047619048,1.95e-06,False,8.51942253112793,7.192860126495361,6.331281661987305,-13.147681185388619
Validity9,144,to,Validity,False,195,20,21,0.9523809523809524,0.0269,True,0.0475336574018001,0.0059441933408379,0.0033782813698053,-3.6156289923743437
Validity9,145,measure,Validity,False,195,21,21,1.0,4.47e-05,False,1.7986063957214355,1.4739200472831726,0.8200333714485168,-10.015537056344751
Validity9,146,.,Validity,True,195,21,21,1.0,0.0,False,,,,
Variables0,1,Hypotheses,Variables,False,196,0,15,0.0,1.58e-06,False,13.231324933469296,16.66356086730957,16.663560390472412,-13.3580857109254
Variables0,2,describe,Variables,False,196,1,15,0.0666666666666666,3.63e-05,False,7.188783645629883,7.949892044067383,7.949891567230225,-10.223692816693468
Variables0,3,putative,Variables,False,196,2,15,0.1333333333333333,9.12e-07,False,10.200523659586906,11.549253582954409,11.549253225326538,-13.90762584687208
Variables0,4,relationships,Variables,False,196,3,15,0.2,4.79e-05,False,6.767434120178223,6.88502311706543,6.885024070739746,-9.946395053547404
Variables0,5,between,Variables,False,196,4,15,0.2666666666666666,0.000589,True,0.440054327249527,1.0348658561706543,1.0348646640777588,-7.437084374312687
Variables0,6,variables,Variables,False,196,5,15,0.3333333333333333,9.33e-06,False,9.42395555973053,9.895646810531616,9.89564609527588,-11.582275543105021
Variables0,7,",",Variables,True,196,5,15,0.3333333333333333,0.0,False,,,,
Variables0,8,which,Variables,False,196,6,15,0.4,0.002,True,3.167839527130127,3.209528923034668,3.2095284461975098,-6.214608098422191
Variables0,9,themselves,Variables,False,196,7,15,0.4666666666666667,0.000145,True,8.398035049438477,7.299057483673096,7.299057960510254,-8.8387768155437
Variables0,10,can,Variables,False,196,8,15,0.5333333333333333,0.00288,True,2.274684190750122,2.178108692169189,2.178108692169189,-5.8499649848342825
Variables0,11,either,Variables,False,196,9,15,0.6,0.000214,False,5.69422721862793,5.018470287322998,5.018468856811523,-8.449534542942423
Variables0,12,be,Variables,False,196,10,15,0.6666666666666666,0.00617,True,0.4996201694011688,0.5630428194999695,0.56304532289505,-5.088056441064841
Variables0,13,dependent,Variables,False,196,11,15,0.7333333333333333,1.91e-05,False,5.490904331207275,6.82517147064209,6.825169086456299,-10.86582222291169
Variables0,14,independent,Variables,False,196,12,15,0.8,8.51e-05,False,8.923242568969727,10.511600494384766,10.511605262756348,-9.371683522384945
Variables0,15,or,Variables,False,196,13,15,0.8666666666666667,0.00347,True,2.4341936111450195,2.4559473991394043,2.4559476375579834,-5.663600685023369
Variables0,16,quasi-independent,Variables,False,196,14,15,0.9333333333333332,2.98e-06,False,7.786904513835907,9.052121296525002,9.052119925618172,-12.723587257446962
Variables0,17,variables,Variables,False,196,15,15,1.0,9.33e-06,False,3.5271138548851013,3.074504524469376,3.074500292539597,-11.582275543105021
Variables0,18,.,Variables,True,196,15,15,1.0,0.0,False,,,,
Variables0,19,Experiments,Variables,False,197,0,15,0.0,1.58e-05,False,7.548864420503378,8.104448556900024,8.104447543621063,-11.055500617931353
Variables0,20,evaluate,Variables,False,197,1,15,0.0666666666666666,1.02e-05,False,8.848772048950195,7.659193992614746,7.65919303894043,-11.493122837674049
Variables0,21,different,Variables,False,197,2,15,0.1333333333333333,0.000389,False,5.250918388366699,4.832342147827148,4.832340240478516,-7.851931214345828
Variables0,22,experimental,Variables,False,197,3,15,0.2,1.91e-05,False,5.775752544403076,5.3476104736328125,5.347609519958496,-10.86582222291169
Variables0,23,groups,Variables,False,197,4,15,0.2666666666666666,0.000132,False,4.325665473937988,3.311281681060791,3.3112809658050537,-8.932708635377903
Variables0,24,on,Variables,False,197,5,15,0.3333333333333333,0.00813,True,3.787703275680542,3.588571548461914,3.588572263717652,-4.812194355422418
Variables0,25,the,Variables,False,197,6,15,0.4,0.0537,True,1.52216899394989,1.149538278579712,1.149537444114685,-2.9243422774673182
Variables0,26,dependent,Variables,False,197,7,15,0.4666666666666667,1.91e-05,False,6.965450763702393,8.803133010864258,8.803132057189941,-10.86582222291169
Variables0,27,variable,Variables,False,197,8,15,0.5333333333333333,1.32e-05,False,8.18451976776123,7.289980411529541,7.289977073669434,-11.235293728371948
Variables0,28,;,Variables,True,197,8,15,0.5333333333333333,0.0,False,,,,
Variables0,29,an,Variables,False,197,9,15,0.6,0.00339,True,5.14527702331543,5.127777099609375,5.127776145935059,-5.686925357589778
Variables0,30,outcome,Variables,False,197,10,15,0.6666666666666666,2.24e-05,False,5.251150608062744,5.801536560058594,5.801538467407227,-10.70644959910328
Variables0,31,measure,Variables,False,197,11,15,0.7333333333333333,4.47e-05,False,2.6812098026275635,3.866990089416504,3.866990804672241,-10.015537056344751
Variables0,32,such,Variables,False,197,12,15,0.8,0.000692,True,4.584295272827148,4.348278522491455,4.3482770919799805,-7.275924602346604
Variables0,33,as,Variables,False,197,13,15,0.8666666666666667,0.00589,True,0.0027058438863605,0.0217927079647779,0.0217927079647779,-5.134499281318642
Variables0,34,individual's,Variables,False,197,14,15,0.9333333333333332,2.04e-06,False,11.36953830718994,15.69990348815918,15.699904441833496,-13.102560750108148
Variables0,37,behavior,Variables,False,197,15,15,1.0,4.9e-05,False,12.60480785369873,10.485455513000488,10.485450744628906,-9.923690259853647
Variables0,38,.,Variables,True,197,15,15,1.0,0.0,False,,,,
Variables0,39,Independent,Variables,False,198,0,11,0.0,8.51e-05,False,7.891075134277344,9.999457359313965,9.999456405639648,-9.371683522384945
Variables0,40,and,Variables,False,198,1,11,0.0909090909090909,0.0257,True,4.115688323974609,4.762374401092529,4.76237678527832,-3.661264287080963
Variables0,41,quasi-independent,Variables,False,198,2,11,0.1818181818181818,2.98e-06,False,0.1300836615264415,0.2433813102543354,0.2433816082775592,-12.723587257446962
Variables0,42,variables,Variables,False,198,3,11,0.2727272727272727,9.33e-06,False,0.3095768392086029,0.1007154732942581,0.1007156893610954,-11.582275543105021
Variables0,43,can,Variables,False,198,4,11,0.3636363636363636,0.00288,True,2.3002514839172363,1.88776695728302,1.8877663612365725,-5.8499649848342825
Variables0,44,both,Variables,False,198,5,11,0.4545454545454545,0.000617,True,4.908055782318115,4.705584526062012,4.7055864334106445,-7.3906415340588865
Variables0,45,be,Variables,False,198,6,11,0.5454545454545454,0.00617,True,0.5455065369606018,0.3607141971588135,0.3607135415077209,-5.088056441064841
Variables0,46,used,Variables,False,198,7,11,0.6363636363636364,0.000631,False,3.3992605209350586,2.6201579570770264,2.6201562881469727,-7.368204695423061
Variables0,47,to,Variables,False,198,8,11,0.7272727272727273,0.0269,True,0.8469021916389465,0.7719480395317078,0.7719473838806152,-3.6156289923743437
Variables0,48,define,Variables,False,198,9,11,0.8181818181818182,2.04e-05,False,3.974054336547852,3.19895076751709,3.1989526748657227,-10.799975657114103
Variables0,49,experimental,Variables,False,198,10,11,0.9090909090909092,1.91e-05,False,6.036463737487793,5.82359790802002,5.823598861694336,-10.86582222291169
Variables0,50,groups,Variables,False,198,11,11,1.0,0.000132,False,1.969303786754608,2.480228066444397,2.4802281856536865,-8.932708635377903
Variables0,51,.,Variables,True,198,11,11,1.0,0.0,False,,,,
Variables0,52,An,Variables,False,199,0,18,0.0,0.00339,True,3.610628843307495,3.0184810161590576,3.018481731414795,-5.686925357589778
Variables0,53,independent,Variables,False,199,1,18,0.0555555555555555,8.51e-05,False,2.012018203735352,3.8361001014709473,3.8360981941223145,-9.371683522384945
Variables0,54,variable,Variables,False,199,2,18,0.1111111111111111,1.32e-05,False,0.1270094215869903,0.5612603425979614,0.5612593293190002,-11.235293728371948
Variables0,55,is,Variables,False,199,3,18,0.1666666666666666,0.0117,True,1.535488247871399,1.7014771699905396,1.7014763355255127,-4.448166437178426
Variables0,56,any,Variables,False,199,4,18,0.2222222222222222,0.00117,True,5.006855010986328,4.158743858337402,4.158741474151611,-6.750751530172472
Variables0,57,factor,Variables,False,199,5,18,0.2777777777777778,4.68e-05,False,5.945747375488281,6.909041404724121,6.909039974212647,-9.969627355040673
Variables0,58,systematically,Variables,False,199,6,18,0.3333333333333333,3.31e-06,False,10.256458282470703,12.258028030395508,12.258030891418455,-12.618562368575303
Variables0,59,manipulated,Variables,False,199,7,18,0.3888888888888889,3.98e-06,False,7.266966342926025,6.745251178741455,6.745251655578613,-12.434228738667928
Variables0,60,by,Variables,False,199,8,18,0.4444444444444444,0.00457,True,1.1029177904129028,0.6771755814552307,0.6771764755249023,-5.3882420740760235
Variables0,61,the,Variables,False,199,9,18,0.5,0.0537,True,1.647162914276123,1.7482845783233645,1.7482850551605225,-2.9243422774673182
Variables0,62,experimenter,Variables,False,199,10,18,0.5555555555555556,3.02e-07,False,5.196383506059647,5.286134004592896,5.28613555431366,-15.012838819571542
Variables0,63,;,Variables,True,199,10,18,0.5555555555555556,0.0,False,,,,
Variables0,64,a,Variables,False,199,11,18,0.6111111111111112,0.0229,True,2.285783529281616,1.7005908489227295,1.700589895248413,-3.776618368421943
Variables0,65,quasi-independent,Variables,False,199,12,18,0.6666666666666666,2.98e-06,False,0.2728479253128171,0.7019545671064407,0.701955818803981,-12.723587257446962
Variables0,66,variable,Variables,False,199,13,18,0.7222222222222222,1.32e-05,False,0.016490826383233,0.0477591641247272,0.0477591641247272,-11.235293728371948
Variables0,67,is,Variables,False,199,14,18,0.7777777777777778,0.0117,True,0.13636314868927,0.5752695798873901,0.5752697587013245,-4.448166437178426
Variables0,68,an,Variables,False,199,15,18,0.8333333333333334,0.00339,True,3.267979860305786,3.814265966415405,3.81426453590393,-5.686925357589778
Variables0,69,established,Variables,False,199,16,18,0.8888888888888888,7.94e-05,False,7.605020523071289,7.209735870361328,7.2097368240356445,-9.441012189711184
Variables0,70,participant,Variables,False,199,17,18,0.9444444444444444,6.03e-06,False,6.00471305847168,6.827305793762207,6.827305793762207,-12.01876354722518
Variables0,71,attribute,Variables,False,199,18,18,1.0,5.89e-06,False,10.413100361824036,10.23601007461548,10.236008048057556,-12.042254560300778
Variables0,72,.,Variables,True,199,18,18,1.0,0.0,False,,,,
Variables0,73,Biological,Variables,False,200,0,10,0.0,2.04e-05,False,8.706401824951172,11.146524429321287,11.146525382995604,-10.799975657114103
Variables0,74,variables,Variables,False,200,1,10,0.1,9.33e-06,False,4.35509181022644,4.035903811454773,4.035901188850403,-11.582275543105021
Variables0,75,",",Variables,True,200,1,10,0.1,0.0,False,,,,
Variables0,76,such,Variables,False,200,2,10,0.2,0.000692,True,0.9755477905273438,0.984555959701538,0.9845544695854188,-7.275924602346604
Variables0,77,as,Variables,False,200,3,10,0.3,0.00589,True,0.0007968349382281,0.0027247467078268,0.0027247467078268,-5.134499281318642
Variables0,78,sex,Variables,False,200,4,10,0.4,0.000166,False,3.389594793319702,3.4356439113616943,3.435645341873169,-8.703522769607732
Variables0,79,or,Variables,False,200,5,10,0.5,0.00347,True,2.558069467544556,2.842377185821533,2.8423702716827397,-5.663600685023369
Variables0,80,age,Variables,False,200,6,10,0.6,0.000209,False,1.119713306427002,0.933548629283905,0.9335482120513916,-8.473176305999463
Variables0,81,commonly,Variables,False,200,7,10,0.7,2.4e-05,False,10.39391803741455,11.902999877929688,11.902997970581056,-10.637456727616328
Variables0,82,constitute,Variables,False,200,8,10,0.8,7.08e-06,False,7.61227560043335,7.533636569976807,7.533633232116699,-11.858236650258645
Variables0,83,quasi-independent,Variables,False,200,9,10,0.9,2.98e-06,False,5.041914533823729,7.269881310872734,7.269881310872734,-12.723587257446962
Variables0,84,variables,Variables,False,200,10,10,1.0,9.33e-06,False,0.8350449502468109,0.717054657638073,0.7170536667108536,-11.582275543105021
Variables0,85,.,Variables,True,200,10,10,1.0,0.0,False,,,,
Variables0,86,The,Variables,False,201,0,19,0.0,0.0537,True,2.7136826515197754,2.9556925296783447,2.95569372177124,-2.9243422774673182
Variables0,87,social,Variables,False,201,1,19,0.0526315789473684,0.000263,False,6.062441349029541,5.703958511352539,5.703958034515381,-8.24335652578651
Variables0,88,and,Variables,False,201,2,19,0.1052631578947368,0.0257,True,3.028529405593872,2.702702522277832,2.7027034759521484,-3.661264287080963
Variables0,89,cultural,Variables,False,201,3,19,0.1578947368421052,5.62e-05,False,2.578388929367065,2.894962310791016,2.894960641860962,-9.78659380106463
Variables0,90,environment,Variables,False,201,4,19,0.2105263157894736,7.41e-05,False,3.1393373012542725,5.3914794921875,5.3914794921875,-9.510095025662233
Variables0,91,experience,Variables,False,201,5,19,0.2631578947368421,0.000186,False,9.89461898803711,10.155291557312012,10.155292510986328,-8.589763884251074
Variables0,92,within,Variables,False,201,6,19,0.3157894736842105,0.000275,False,7.559985160827637,7.933803558349609,7.933804988861084,-8.198739460297702
Variables0,93,an,Variables,False,201,7,19,0.3684210526315789,0.00339,True,3.0575168132781982,2.373010635375977,2.373012065887451,-5.686925357589778
Variables0,94,individual's,Variables,False,201,8,19,0.4210526315789473,2.04e-06,False,5.005194425582886,6.441339015960693,6.441340684890747,-13.102560750108148
Variables0,97,lifetime,Variables,False,201,9,19,0.4736842105263157,2.45e-05,False,4.0110764503479,4.140860557556152,4.140860557556152,-10.616837440413592
Variables0,98,as,Variables,False,201,10,19,0.5263157894736842,0.00589,True,5.365584373474121,5.742537021636963,5.742539405822754,-5.134499281318642
Variables0,99,well,Variables,False,201,11,19,0.5789473684210527,0.00107,False,3.289720058441162,1.5570563077926636,1.557055950164795,-6.840096630508322
Variables0,100,as,Variables,False,201,12,19,0.631578947368421,0.00589,True,0.0352785512804985,0.1600754112005233,0.1600757092237472,-5.134499281318642
Variables0,101,hereditary,Variables,False,201,13,19,0.6842105263157895,3.09e-06,False,11.275676727294922,11.355996131896973,11.355995178222656,-12.68733946705462
Variables0,102,factors,Variables,False,201,14,19,0.7368421052631579,4.37e-05,False,3.9624972343444815,3.826025247573853,3.826021552085877,-10.03816245586273
Variables0,103,",",Variables,True,201,14,19,0.7368421052631579,0.0,False,,,,
Variables0,104,can,Variables,False,201,15,19,0.7894736842105263,0.00288,True,6.968934535980225,4.807250499725342,4.807248115539551,-5.8499649848342825
Variables0,105,also,Variables,False,201,16,19,0.8421052631578947,0.00155,False,1.6576576232910156,1.7490503787994385,1.7490477561950684,-6.469500348050982
Variables0,106,be,Variables,False,201,17,19,0.8947368421052632,0.00617,True,0.8051915168762207,0.4873320758342743,0.487332135438919,-5.088056441064841
Variables0,107,quasi-independent,Variables,False,201,18,19,0.9473684210526316,2.98e-06,False,4.006964384578168,9.120008401339874,9.12000649399124,-12.723587257446962
Variables0,108,variables,Variables,False,201,19,19,1.0,9.33e-06,False,0.8987245559692383,0.4165323972702026,0.4165326207876205,-11.582275543105021
Variables0,109,.,Variables,True,201,19,19,1.0,0.0,False,,,,
Variables1,1,Let,Variables,False,202,0,6,0.0,0.000398,False,7.426487445831299,6.165378570556641,8.781837463378906,-7.829058552679836
Variables1,2,us,Variables,False,202,1,6,0.1666666666666666,0.0011,False,2.388420820236206,3.714852094650269,1.7725367546081543,-6.812445099177812
Variables1,3,start,Variables,False,202,2,6,0.3333333333333333,0.000363,False,3.651522636413574,5.023804187774658,5.512166976928711,-7.921107723699423
Variables1,4,with,Variables,False,202,3,6,0.5,0.00708,True,0.9318955540657043,1.4194042682647705,0.5525935292243958,-4.950481371276509
Variables1,5,an,Variables,False,202,4,6,0.6666666666666666,0.00339,True,3.3878448009490967,4.18291711807251,2.625487804412842,-5.686925357589778
Variables1,6,example,Variables,False,202,5,6,0.8333333333333334,0.000186,False,1.7492941617965698,2.2466795444488525,1.8103338479995728,-8.589763884251074
Variables1,7,experiment,Variables,False,202,6,6,1.0,2.4e-05,False,10.683062136173248,10.746043026447296,5.725664496421814,-10.637456727616328
Variables1,8,.,Variables,True,202,6,6,1.0,0.0,False,,,,
Variables1,9,A,Variables,False,203,0,14,0.0,0.0229,True,3.106931686401367,2.3495073318481445,1.5913606882095337,-3.776618368421943
Variables1,10,scientist,Variables,False,203,1,14,0.0714285714285714,1.62e-05,False,6.149201393127441,6.110439777374268,5.795565128326416,-11.030499315725935
Variables1,11,designs,Variables,False,203,2,14,0.1428571428571428,2.4e-05,False,8.385499000549316,7.73465633392334,9.03626823425293,-10.637456727616328
Variables1,12,the,Variables,False,203,3,14,0.2142857142857142,0.0537,True,4.252643585205078,4.19037675857544,4.253072738647461,-2.9243422774673182
Variables1,13,following,Variables,False,203,4,14,0.2857142857142857,0.000288,False,5.964346885681152,5.665639877319336,4.338260650634766,-8.152550077828328
Variables1,14,experiment,Variables,False,203,5,14,0.3571428571428571,2.4e-05,False,3.521200180053711,3.02903413772583,2.1427817344665527,-10.637456727616328
Variables1,15,to,Variables,False,203,6,14,0.4285714285714285,0.0269,True,2.6301403045654297,3.331118106842041,2.791612148284912,-3.6156289923743437
Variables1,16,study,Variables,False,203,7,14,0.5,0.000182,False,4.177742004394531,3.7822928428649902,3.469210147857666,-8.611503870887478
Variables1,17,the,Variables,False,203,8,14,0.5714285714285714,0.0537,True,1.0707008838653564,0.832598090171814,1.1670154333114624,-2.9243422774673182
Variables1,18,learning,Variables,False,203,9,14,0.6428571428571429,8.32e-05,False,9.297252655029297,8.163866996765137,8.107076644897461,-9.394263210137112
Variables1,19,process,Variables,False,203,10,14,0.7142857142857143,0.000182,False,2.6146605014801025,2.216970682144165,2.54673433303833,-8.611503870887478
Variables1,20,throughout,Variables,False,203,11,14,0.7857142857142857,9.77e-05,False,10.399457931518556,9.543166160583496,8.38509750366211,-9.233608998915537
Variables1,21,the,Variables,False,203,12,14,0.8571428571428571,0.0537,True,1.2965041399002075,1.0823869705200195,1.4126545190811155,-2.9243422774673182
Variables1,22,human,Variables,False,203,13,14,0.9285714285714286,0.000224,False,5.126001834869385,2.4662599563598637,2.013582706451416,-8.403864506109235
Variables1,23,lifespan,Variables,False,203,14,14,1.0,2.34e-06,False,1.3395446836948397,3.381234169006348,1.83667516708374,-12.965359628594664
Variables1,24,.,Variables,True,203,14,14,1.0,0.0,False,,,,
Variables1,25,The,Variables,False,204,0,16,0.0,0.0537,True,1.758187770843506,1.596789836883545,1.478967547416687,-2.9243422774673182
Variables1,26,study,Variables,False,204,1,16,0.0625,0.000182,False,5.1637797355651855,4.034180641174316,4.303380012512207,-8.611503870887478
Variables1,27,is,Variables,False,204,2,16,0.125,0.0117,True,1.2809444665908811,1.556421160697937,1.5532736778259275,-4.448166437178426
Variables1,28,split,Variables,False,204,3,16,0.1875,4.47e-05,False,7.261151790618896,7.009194374084473,6.880590438842773,-10.015537056344751
Variables1,29,into,Variables,False,204,4,16,0.25,0.00129,True,0.199419304728508,0.096073068678379,0.0914801582694053,-6.653113060608557
Variables1,30,two,Variables,False,204,5,16,0.3125,0.00126,False,0.6527194976806641,1.1626423597335815,0.9787460565567015,-6.676643558018751
Variables1,31,age,Variables,False,204,6,16,0.375,0.000209,False,9.541654586791992,9.78923511505127,9.64817237854004,-8.473176305999463
Variables1,32,groups,Variables,False,204,7,16,0.4375,0.000132,False,0.2293020635843277,0.2460056692361831,0.2484434396028518,-8.932708635377903
Variables1,33,-,Variables,False,204,8,16,0.5,0.0,False,5.733819961547852,5.104296684265137,5.976518154144287,
Variables1,34,one,Variables,False,204,9,16,0.5625,0.00295,False,3.368400812149048,3.71288537979126,3.023982048034668,-5.825950108630408
Variables1,35,in,Variables,False,204,10,16,0.625,0.0186,True,2.743715763092041,3.136663913726806,3.049075126647949,-3.9845936982629815
Variables1,36,college,Variables,False,204,11,16,0.6875,0.000186,False,5.464451313018799,5.555373668670654,4.672519207000732,-8.589763884251074
Variables1,37,and,Variables,False,204,12,16,0.75,0.0257,True,0.7942425608634949,1.2360647916793823,1.1193370819091797,-3.661264287080963
Variables1,38,the,Variables,False,204,13,16,0.8125,0.0537,True,1.3564443588256836,2.315978765487671,2.945491075515747,-2.9243422774673182
Variables1,39,other,Variables,False,204,14,16,0.875,0.00145,True,0.0290649179369211,0.0246980562806129,0.0243813171982765,-6.536191722549654
Variables1,40,recently,Variables,False,204,15,16,0.9375,0.000105,False,9.50099754333496,10.50072193145752,10.43254852294922,-9.161550207806751
Variables1,41,retired,Variables,False,204,16,16,1.0,2.75e-05,False,1.7158631682395935,2.192187339067459,2.6601549685001373,-10.501324553291749
Variables1,42,.,Variables,True,204,16,16,1.0,0.0,False,,,,
Variables1,43,Different,Variables,False,205,0,20,0.0,0.000389,False,8.546514511108398,7.709219455718994,7.248733997344971,-7.851931214345828
Variables1,44,learning,Variables,False,205,1,20,0.05,8.32e-05,False,5.41888427734375,5.81124210357666,6.361594200134277,-9.394263210137112
Variables1,45,tasks,Variables,False,205,2,20,0.1,1.7e-05,False,3.846347093582153,4.3752031326293945,4.859740734100342,-10.982297213908058
Variables1,46,are,Variables,False,205,3,20,0.15,0.0055,True,0.7954895496368408,0.6016737222671509,0.7147162556648254,-5.2030071867437115
Variables1,47,assigned,Variables,False,205,4,20,0.2,2.45e-05,False,2.7510952949523926,3.191479206085205,3.52038311958313,-10.616837440413592
Variables1,48,at,Variables,False,205,5,20,0.25,0.00501,True,3.622844696044922,3.99062442779541,4.39302921295166,-5.296319363885364
Variables1,49,random,Variables,False,205,6,20,0.3,3.8e-05,False,4.482086181640625,3.0207040309906006,2.241330623626709,-10.177924398237888
Variables1,50,to,Variables,False,205,7,20,0.35,0.0269,True,2.100360870361328,1.8911246061325075,1.3518438339233398,-3.6156289923743437
Variables1,51,each,Variables,False,205,8,20,0.4,0.00049,True,1.2654423713684082,1.3343650102615356,1.4197843074798584,-7.621105166859602
Variables1,52,subject,Variables,False,205,9,20,0.45,9.12e-05,False,7.576895713806152,11.627459049224854,10.928473472595217,-9.302455660883988
Variables1,54,:,Variables,True,205,9,20,0.45,0.0,False,,,,
Variables1,55,one,Variables,False,205,10,20,0.5,0.00295,False,3.660696506500244,3.5339298248291016,2.74314284324646,-5.825950108630408
Variables1,56,is,Variables,False,205,11,20,0.55,0.0117,True,1.9865094423294067,2.390687227249145,2.3378102779388428,-4.448166437178426
Variables1,57,learning,Variables,False,205,12,20,0.6,8.32e-05,False,5.13360595703125,3.751192569732666,5.297476768493652,-9.394263210137112
Variables1,58,basic,Variables,False,205,13,20,0.65,7.76e-05,False,4.518267631530762,3.6671669483184814,3.977450847625733,-9.463943130775101
Variables1,59,Spanish,Variables,False,205,14,20,0.7,5.37e-05,False,8.406852722167969,7.613637447357178,6.956613540649414,-9.832097556449455
Variables1,60,the,Variables,False,205,15,20,0.75,0.0537,True,7.333556175231934,6.813009262084961,6.855523109436035,-2.9243422774673182
Variables1,61,other,Variables,False,205,16,20,0.8,0.00145,True,0.3666600584983825,0.1128538697957992,0.1194102689623832,-6.536191722549654
Variables1,62,is,Variables,False,205,17,20,0.85,0.0117,True,0.2849416136741638,0.2261949479579925,0.288297027349472,-4.448166437178426
Variables1,63,learning,Variables,False,205,18,20,0.9,8.32e-05,False,1.294674515724182,0.5654992461204529,0.6664508581161499,-9.394263210137112
Variables1,64,to,Variables,False,205,19,20,0.95,0.0269,True,2.602156162261963,3.223097324371338,2.875345468521118,-3.6156289923743437
Variables1,65,juggle,Variables,False,205,20,20,1.0,1.05e-06,False,10.17310462144087,11.868561193346975,12.93491442850791,-13.766720393794841
Variables1,67,.,Variables,True,205,20,20,1.0,0.0,False,,,,
Variables1,68,The,Variables,False,206,0,13,0.0,0.0537,True,1.582563042640686,1.2923307418823242,1.11928129196167,-2.9243422774673182
Variables1,69,scientists,Variables,False,206,1,13,0.0769230769230769,3.16e-05,False,4.538821220397949,3.6977579593658447,3.5724925994873047,-10.362353437371407
Variables1,70,measure,Variables,False,206,2,13,0.1538461538461538,4.47e-05,False,5.020729064941406,6.193302154541016,5.899815559387207,-10.015537056344751
Variables1,71,how,Variables,False,206,3,13,0.2307692307692307,0.00174,True,2.371920108795166,2.9560770988464355,3.50928258895874,-6.3538701657556995
Variables1,72,much,Variables,False,206,4,13,0.3076923076923077,0.001,False,2.1630258560180664,2.251816749572754,2.503880500793457,-6.907755278982137
Variables1,73,the,Variables,False,206,5,13,0.3846153846153846,0.0537,True,3.2986886501312256,3.458072662353516,3.3551974296569824,-2.9243422774673182
Variables1,74,subjects,Variables,False,206,6,13,0.4615384615384615,2.4e-05,False,1.04352605342865,3.322749376296997,2.593677282333374,-10.637456727616328
Variables1,76,improve,Variables,False,206,7,13,0.5384615384615384,6.17e-05,False,4.895552635192871,4.767284393310547,4.458155632019043,-9.693226627052931
Variables1,77,in,Variables,False,206,8,13,0.6153846153846154,0.0186,True,2.3230013847351074,1.852273941040039,1.8777892589569087,-3.9845936982629815
Variables1,78,each,Variables,False,206,9,13,0.6923076923076923,0.00049,True,1.5945537090301514,2.1133923530578613,2.4071621894836426,-7.621105166859602
Variables1,79,task,Variables,False,206,10,13,0.7692307692307693,4.47e-05,False,0.8007970452308655,1.4679185152053833,1.2766170501708984,-10.015537056344751
Variables1,80,after,Variables,False,206,11,13,0.8461538461538461,0.00129,True,4.414869785308838,5.090693950653076,5.232112884521484,-6.653113060608557
Variables1,81,6,Variables,False,206,12,13,0.9230769230769232,0.000389,False,6.435540199279785,5.436593055725098,5.256152153015137,-7.851931214345828
Variables1,82,weeks,Variables,False,206,13,13,1.0,0.000155,False,2.5305615067481995,2.612582623958588,2.813507318496704,-8.772085441045027
Variables1,83,.,Variables,True,206,13,13,1.0,0.0,False,,,,
Variables1,84,This,Variables,False,207,0,27,0.0,0.00661,True,3.272603988647461,3.3421950340271,3.4897236824035645,-5.019171625118542
Variables1,85,study,Variables,False,207,1,27,0.037037037037037,0.000182,False,4.184298515319824,2.1214280128479004,2.70579195022583,-8.611503870887478
Variables1,86,includes,Variables,False,207,2,27,0.074074074074074,9.12e-05,False,5.760448455810547,5.4318671226501465,5.7316179275512695,-9.302455660883988
Variables1,87,all,Variables,False,207,3,27,0.1111111111111111,0.00331,True,2.5220324993133545,3.436502695083618,3.1699233055114746,-5.710807089593166
Variables1,88,three,Variables,False,207,4,27,0.1481481481481481,0.000603,False,4.962817668914795,5.711122989654541,6.0301947593688965,-7.413593361237089
Variables1,89,of,Variables,False,207,5,27,0.1851851851851851,0.0251,True,2.8581225872039795,3.2341673374176025,3.542384147644043,-3.684887432844399
Variables1,90,the,Variables,False,207,6,27,0.2222222222222222,0.0537,True,0.7931432127952576,0.4306938946247101,0.2632467150688171,-2.9243422774673182
Variables1,91,types,Variables,False,207,7,27,0.2592592592592592,7.08e-05,False,6.767321586608887,6.714290618896484,7.403636932373047,-9.5556515572646
Variables1,92,of,Variables,False,207,8,27,0.2962962962962963,0.0251,True,0.0493410527706146,0.1674085259437561,0.1407004296779632,-3.684887432844399
Variables1,93,variables,Variables,False,207,9,27,0.3333333333333333,9.33e-06,False,6.877960681915283,8.199984550476074,5.339489936828613,-11.582275543105021
Variables1,94,described,Variables,False,207,10,27,0.3703703703703703,0.0001,False,4.643147468566895,6.22589921951294,4.829090595245361,-9.210340371976182
Variables1,95,on,Variables,False,207,11,27,0.4074074074074074,0.00813,True,6.355537414550781,6.482841491699219,7.093154430389404,-4.812194355422418
Variables1,96,the,Variables,False,207,12,27,0.4444444444444444,0.0537,True,0.6111686825752258,0.4309618473052978,0.4927431344985962,-2.9243422774673182
Variables1,97,first,Variables,False,207,13,27,0.4814814814814814,0.00129,False,2.8683836460113525,4.247294425964356,3.6356122493743896,-6.653113060608557
Variables1,98,page,Variables,False,207,14,27,0.5185185185185185,0.000132,False,5.467408955097199,7.06875216960907,5.782963275909424,-8.932708635377903
Variables1,99,;,Variables,True,207,14,27,0.5185185185185185,0.0,False,,,,
Variables1,100,try,Variables,False,207,15,27,0.5555555555555556,0.000316,False,9.265965461730955,8.999523162841797,9.85157585144043,-8.059768344377362
Variables1,101,to,Variables,False,207,16,27,0.5925925925925926,0.0269,True,1.913948655128479,1.9953542947769165,1.6724714040756226,-3.6156289923743437
Variables1,102,work,Variables,False,207,17,27,0.6296296296296297,0.000912,False,5.944887161254883,5.637382507324219,6.062961101531982,-6.999870567889943
Variables1,103,out,Variables,False,207,18,27,0.6666666666666666,0.0024,True,0.3099779784679413,0.4846498072147369,0.2814950048923492,-6.032286541628237
Variables1,104,which,Variables,False,207,19,27,0.7037037037037037,0.002,True,2.0077099800109863,1.9542601108551023,1.787329077720642,-6.214608098422191
Variables1,105,variables,Variables,False,207,20,27,0.7407407407407407,9.33e-06,False,4.317079544067383,3.1053857803344727,3.1398348808288574,-11.582275543105021
Variables1,106,are,Variables,False,207,21,27,0.7777777777777778,0.0055,True,1.1768258810043335,1.2450432777404783,1.1828142404556274,-5.2030071867437115
Variables1,107,the,Variables,False,207,22,27,0.8148148148148148,0.0537,True,2.846736192703247,1.5155537128448486,1.5317270755767822,-2.9243422774673182
Variables1,108,independent,Variables,False,207,23,27,0.8518518518518519,8.51e-05,False,10.845269203186035,12.48733615875244,9.504115104675291,-9.371683522384945
Variables1,109,quasi-independent,Variables,False,207,24,27,0.8888888888888888,2.98e-06,False,14.58679635822773,18.707950241863728,15.221311333123596,-12.723587257446962
Variables1,110,and,Variables,False,207,25,27,0.925925925925926,0.0257,True,5.079348087310791,5.200430870056152,5.979733467102051,-3.661264287080963
Variables1,111,dependent,Variables,False,207,26,27,0.9629629629629628,1.91e-05,False,6.817989826202393,6.14605188369751,7.770406723022461,-10.86582222291169
Variables1,112,variables,Variables,False,207,27,27,1.0,9.33e-06,False,1.7856863737106323,1.316737860441208,0.6384998559951782,-11.582275543105021
Variables1,113,.,Variables,True,207,27,27,1.0,0.0,False,,,,
Variables2,1,Now,Variables,False,208,0,12,0.0,0.00151,True,6.599548816680908,6.742167472839356,5.431216716766357,-6.495645628155304
Variables2,2,we,Variables,False,208,1,12,0.0833333333333333,0.00347,True,3.4044299125671387,3.2973861694335938,2.129643440246582,-5.663600685023369
Variables2,3,will,Variables,False,208,2,12,0.1666666666666666,0.00282,True,4.517858505249023,4.869171619415283,2.8487987518310547,-5.871018394032115
Variables2,4,look,Variables,False,208,3,12,0.25,0.000646,False,3.5451738834381104,6.169201374053955,3.122498750686645,-7.344711054181673
Variables2,5,at,Variables,False,208,4,12,0.3333333333333333,0.00501,True,0.1897189170122146,0.8454969525337219,0.0983159318566322,-5.296319363885364
Variables2,6,an,Variables,False,208,5,12,0.4166666666666667,0.00339,True,4.708698272705078,5.448760032653809,5.064143657684326,-5.686925357589778
Variables2,7,example,Variables,False,208,6,12,0.5,0.000186,False,2.63512921333313,4.516158580780029,2.1312544345855717,-8.589763884251074
Variables2,8,of,Variables,False,208,7,12,0.5833333333333334,0.0251,True,0.7438777089118958,0.3570902049541473,2.0242624282836914,-3.684887432844399
Variables2,9,experimental,Variables,False,208,8,12,0.6666666666666666,1.91e-05,False,10.107349395751951,10.236936569213867,5.895562171936035,-10.86582222291169
Variables2,10,design,Variables,False,208,9,12,0.75,0.000148,False,4.153255462646484,5.286412239074707,5.234951972961426,-8.818298284200159
Variables2,11,in,Variables,False,208,10,12,0.8333333333333334,0.0186,True,2.551432609558105,2.2179980278015137,2.884479522705078,-3.9845936982629815
Variables2,12,more,Variables,False,208,11,12,0.9166666666666666,0.00229,True,6.820664405822754,6.6028594970703125,5.519515514373779,-6.079203461415989
Variables2,13,detail,Variables,False,208,12,12,1.0,3.72e-05,False,0.7076654061675072,0.9632197618484496,0.3706463053822517,-10.199201796685173
Variables2,14,.,Variables,True,208,12,12,1.0,0.0,False,,,,
Variables2,15,Imagine,Variables,False,209,0,24,0.0,8.32e-05,False,5.465694427490234,5.277645587921143,6.656913757324219,-9.394263210137112
Variables2,16,an,Variables,False,209,1,24,0.0416666666666666,0.00339,True,3.563802719116211,3.2228245735168457,3.4960341453552246,-5.686925357589778
Variables2,17,app,Variables,False,209,2,24,0.0833333333333333,7.24e-05,False,2.9882328510284424,4.16699743270874,9.55924129486084,-9.533304258572603
Variables2,18,designed,Variables,False,209,3,24,0.125,9.12e-05,False,4.892992973327637,5.065635681152344,3.560707330703736,-9.302455660883988
Variables2,19,to,Variables,False,209,4,24,0.1666666666666666,0.0269,True,0.5030755400657654,0.9245409965515136,0.9566803574562072,-3.6156289923743437
Variables2,20,help,Variables,False,209,5,24,0.2083333333333333,0.000562,False,2.769699811935425,4.014311790466309,2.9297399520874023,-7.484008708070583
Variables2,21,people,Variables,False,209,6,24,0.25,0.00178,False,1.807977557182312,1.6640291213989258,2.0672755241394043,-6.331141914678144
Variables2,22,stop,Variables,False,209,7,24,0.2916666666666667,0.000331,False,6.090439796447754,6.45470666885376,6.970027446746826,-8.01339218258721
Variables2,23,smoking,Variables,False,209,8,24,0.3333333333333333,3.31e-05,False,2.685192823410034,0.6996562480926514,0.6671448349952698,-10.315977275581258
Variables2,24,which,Variables,False,209,9,24,0.375,0.002,True,7.133004665374756,6.79492712020874,6.952880859375,-6.214608098422191
Variables2,25,is,Variables,False,209,10,24,0.4166666666666667,0.0117,True,1.8253679275512693,1.4457350969314575,1.3841285705566406,-4.448166437178426
Variables2,26,purported,Variables,False,209,11,24,0.4583333333333333,1.95e-06,False,10.26304817199707,9.64008331298828,10.29635238647461,-13.147681185388619
Variables2,27,to,Variables,False,209,12,24,0.5,0.0269,True,0.0196395590901374,0.0175907015800476,0.0117671424522995,-3.6156289923743437
Variables2,28,work,Variables,False,209,13,24,0.5416666666666666,0.000912,False,3.779595375061035,3.356285572052002,4.474789619445801,-6.999870567889943
Variables2,29,via,Variables,False,209,14,24,0.5833333333333334,0.000105,False,6.268793106079102,5.441928863525391,6.358306884765625,-9.161550207806751
Variables2,30,subliminal,Variables,False,209,15,24,0.625,6.92e-07,False,10.176522850990295,12.039830774068832,13.314481690526009,-14.183679881328741
Variables2,31,audio,Variables,False,209,16,24,0.6666666666666666,2.95e-05,False,6.199585437774658,6.428773403167725,6.22514009475708,-10.4311202946185
Variables2,32,messages,Variables,False,209,17,24,0.7083333333333334,3.47e-05,False,3.9943883419036874,2.25014877319336,1.3187214136123655,-10.26877087101146
Variables2,33,played,Variables,False,209,18,24,0.75,0.00017,False,7.8470869064331055,8.537471771240234,7.515124320983887,-8.679712120914012
Variables2,34,to,Variables,False,209,19,24,0.7916666666666666,0.0269,True,2.6123838424682617,2.578591823577881,2.3002634048461914,-3.6156289923743437
Variables2,35,the,Variables,False,209,20,24,0.8333333333333334,0.0537,True,1.523615479469299,1.4259601831436155,1.51523756980896,-2.9243422774673182
Variables2,36,user,Variables,False,209,21,24,0.875,4.9e-05,False,2.3678345680236816,1.098077654838562,1.1525259017944336,-9.923690259853647
Variables2,37,whilst,Variables,False,209,22,24,0.9166666666666666,2.4e-05,False,7.267416477203369,7.692996978759766,7.611271381378174,-10.637456727616328
Variables2,38,they,Variables,False,209,23,24,0.9583333333333334,0.00316,True,1.0175085067749023,1.2956236600875854,1.4442497491836548,-5.757183251383316
Variables2,39,sleep,Variables,False,209,24,24,1.0,0.000112,False,4.0730901658535,4.044988811016083,3.375315636396408,-9.09701168666918
Variables2,40,.,Variables,True,209,24,24,1.0,0.0,False,,,,
Variables2,41,Although,Variables,False,210,0,33,0.0,0.0002,False,6.239004611968994,6.811935424804688,6.129860877990723,-8.517193191416238
Variables2,42,the,Variables,False,210,1,33,0.0303030303030303,0.0537,True,1.7948646545410156,1.530778884887695,0.8165812492370605,-2.9243422774673182
Variables2,43,messages,Variables,False,210,2,33,0.0606060606060606,3.47e-05,False,5.517965316772461,3.34834623336792,4.672843933105469,-10.26877087101146
Variables2,44,are,Variables,False,210,3,33,0.0909090909090909,0.0055,True,0.9307929873466492,1.0324021577835083,0.8309999108314514,-5.2030071867437115
Variables2,45,inaudible,Variables,False,210,4,33,0.1212121212121212,6.17e-07,False,7.827529796399176,8.144119285047054,8.01822067052126,-14.298396813041023
Variables2,46,because,Variables,False,210,5,33,0.1515151515151515,0.00107,True,6.294657707214356,5.316903114318848,5.264571666717529,-6.840096630508322
Variables2,47,the,Variables,False,210,6,33,0.1818181818181818,0.0537,True,1.820783853530884,1.2865883111953735,1.0231267213821411,-2.9243422774673182
Variables2,48,words,Variables,False,210,7,33,0.2121212121212121,0.000178,False,7.508182048797607,6.902910232543945,6.4490227699279785,-8.633727007672189
Variables2,49,are,Variables,False,210,8,33,0.2424242424242424,0.0055,True,0.6407462358474731,0.571061372756958,0.5043517351150513,-5.2030071867437115
Variables2,50,recorded,Variables,False,210,9,33,0.2727272727272727,4.57e-05,False,3.9124467372894287,4.800681114196777,4.920155048370361,-9.993412260064115
Variables2,51,at,Variables,False,210,10,33,0.303030303030303,0.00501,True,3.881589412689209,3.753676414489746,3.780846118927002,-5.296319363885364
Variables2,52,such,Variables,False,210,11,33,0.3333333333333333,0.000692,True,4.73734712600708,5.6659040451049805,5.774566650390625,-7.275924602346604
Variables2,53,low,Variables,False,210,12,33,0.3636363636363636,0.000214,False,1.8816386461257932,2.0563058853149414,2.0163683891296387,-8.449534542942423
Variables2,54,volume,Variables,False,210,13,33,0.3939393939393939,5.75e-05,False,1.9688060283660889,1.8110647201538088,1.2617323398590088,-9.76372561016097
Variables2,55,the,Variables,False,210,14,33,0.4242424242424242,0.0537,True,3.412853956222534,2.876248359680176,3.320420026779175,-2.9243422774673182
Variables2,56,subliminal,Variables,False,210,15,33,0.4545454545454545,6.92e-07,False,6.372844638302922,5.239395437762141,6.319336762651801,-14.183679881328741
Variables2,57,messages,Variables,False,210,16,33,0.4848484848484848,3.47e-05,False,2.171419143676758,1.105339527130127,1.708488702774048,-10.26877087101146
Variables2,58,supposedly,Variables,False,210,17,33,0.5151515151515151,9.12e-06,False,8.305952072143555,8.749472618103027,8.514893531799316,-11.605040753878034
Variables2,59,get,Variables,False,210,18,33,0.5454545454545454,0.00191,False,5.130448341369629,5.414401531219482,5.643189430236816,-6.260652036923599
Variables2,60,into,Variables,False,210,19,33,0.5757575757575758,0.00129,True,4.790070056915283,4.772972106933594,4.565966606140137,-6.653113060608557
Variables2,61,the,Variables,False,210,20,33,0.6060606060606061,0.0537,True,0.5830305218696594,0.2840501666069031,0.2950087487697601,-2.9243422774673182
Variables2,62,user's,Variables,False,210,21,33,0.6363636363636364,2.14e-06,False,1.9331557266414163,1.4965052604675293,1.4598791375756264,-13.054704728930513
Variables2,65,brain,Variables,False,210,22,33,0.6666666666666666,8.71e-05,False,1.3333441019058228,0.8199938535690308,0.7536097764968872,-9.348453674105818
Variables2,66,while,Variables,False,210,23,33,0.696969696969697,0.000724,True,4.473484992980957,4.639798164367676,4.808327674865723,-7.230719165578558
Variables2,67,they,Variables,False,210,24,33,0.7272727272727273,0.00316,True,0.5703743100166321,0.4912480413913727,0.7801353931427002,-5.757183251383316
Variables2,68,sleep,Variables,False,210,25,33,0.7575757575757576,0.000112,False,0.8958415985107422,0.4188025593757629,0.5644401907920837,-9.09701168666918
Variables2,69,and,Variables,False,210,26,33,0.7878787878787878,0.0257,True,2.126805543899536,2.423807382583618,2.7621774673461914,-3.661264287080963
Variables2,70,convince,Variables,False,210,27,33,0.8181818181818182,1.82e-05,False,7.773725986480713,7.245487213134766,7.641183853149414,-10.914088963881525
Variables2,71,them,Variables,False,210,28,33,0.8484848484848485,0.00155,True,0.2405931502580642,0.8136571645736694,1.335665941238403,-6.469500348050982
Variables2,72,to,Variables,False,210,29,33,0.8787878787878788,0.0269,True,0.5848783254623413,0.4766421616077423,0.4850351214408874,-3.6156289923743437
Variables2,73,cut,Variables,False,210,30,33,0.9090909090909092,0.000174,False,6.429186820983887,6.699716091156006,7.036965847015381,-8.656455258749745
Variables2,74,back,Variables,False,210,31,33,0.9393939393939394,0.0011,False,1.7774885892868042,1.8488187789916992,1.7972168922424316,-6.812445099177812
Variables2,75,on,Variables,False,210,32,33,0.9696969696969696,0.00813,True,0.5405346155166626,1.1315895318984983,1.0008360147476196,-4.812194355422418
Variables2,76,smoking,Variables,False,210,33,33,1.0,3.31e-05,False,0.8661355376243591,1.787458837032318,1.637136459350586,-10.315977275581258
Variables2,77,.,Variables,True,210,33,33,1.0,0.0,False,,,,
Variables2,78,The,Variables,False,211,0,18,0.0,0.0537,True,2.50882625579834,2.03568172454834,1.4615333080291748,-2.9243422774673182
Variables2,79,app,Variables,False,211,1,18,0.0555555555555555,7.24e-05,False,2.203007698059082,2.7335872650146484,2.4819207191467285,-9.533304258572603
Variables2,80,developers,Variables,False,211,2,18,0.1111111111111111,1.66e-05,False,7.73370361328125,6.608233451843262,6.579834461212158,-11.006107862601777
Variables2,81,claim,Variables,False,211,3,18,0.1666666666666666,8.91e-05,False,2.32749605178833,3.9307923316955566,5.3024210929870605,-9.32575122348751
Variables2,82,that,Variables,False,211,4,18,0.2222222222222222,0.0102,True,0.9416959881782532,0.9482499361038208,0.8190179467201233,-4.585367558691911
Variables2,83,the,Variables,False,211,5,18,0.2777777777777778,0.0537,True,1.316967487335205,1.186044692993164,0.973285436630249,-2.9243422774673182
Variables2,84,app,Variables,False,211,6,18,0.3333333333333333,7.24e-05,False,4.050814151763916,3.399775505065918,3.3302040100097656,-9.533304258572603
Variables2,85,causes,Variables,False,211,7,18,0.3888888888888889,4.27e-05,False,6.41823673248291,5.6392598152160645,5.365542888641357,-10.061311637729695
Variables2,86,people,Variables,False,211,8,18,0.4444444444444444,0.00178,False,3.238699436187744,3.1484181880950928,2.9925379753112797,-6.331141914678144
Variables2,87,to,Variables,False,211,9,18,0.5,0.0269,True,0.0726968944072723,0.0686191543936729,0.0767881050705909,-3.6156289923743437
Variables2,88,cut,Variables,False,211,10,18,0.5555555555555556,0.000174,False,4.272482395172119,4.239981174468994,4.088216781616211,-8.656455258749745
Variables2,89,down,Variables,False,211,11,18,0.6111111111111112,0.000759,True,2.4131345748901367,1.648402452468872,1.4181841611862185,-7.183508780568644
Variables2,90,or,Variables,False,211,12,18,0.6666666666666666,0.00347,True,5.46763801574707,5.084852695465088,5.422158718109131,-5.663600685023369
Variables2,91,quit,Variables,False,211,13,18,0.7222222222222222,3.47e-05,False,1.5640815496444702,1.2079139947891235,1.102169394493103,-10.26877087101146
Variables2,92,smoking,Variables,False,211,14,18,0.7777777777777778,3.31e-05,False,0.5301591753959656,0.1381470412015915,0.1212139725685119,-10.315977275581258
Variables2,93,mediated,Variables,False,211,15,18,0.8333333333333334,3.24e-06,False,15.565093040466309,16.192977905273438,16.825077056884766,-12.639937228160036
Variables2,94,by,Variables,False,211,16,18,0.8888888888888888,0.00457,True,0.344841867685318,0.478276789188385,0.2950454950332641,-5.3882420740760235
Variables2,95,subliminal,Variables,False,211,17,18,0.9444444444444444,6.92e-07,False,1.846725646406412,0.9834084301255644,1.7788941711187365,-14.183679881328741
Variables2,96,messages,Variables,False,211,18,18,1.0,3.47e-05,False,3.427191734313965,1.77619606256485,1.732108294963837,-10.26877087101146
Variables2,97,.,Variables,True,211,18,18,1.0,0.0,False,,,,
Variables2,98,We,Variables,False,212,0,18,0.0,0.00347,True,4.394696235656738,4.777188777923584,4.369798183441162,-5.663600685023369
Variables2,99,can,Variables,False,212,1,18,0.0555555555555555,0.00288,True,2.202798366546631,2.300710678100586,1.5965228080749512,-5.8499649848342825
Variables2,100,form,Variables,False,212,2,18,0.1111111111111111,0.000204,False,8.410110473632812,8.341582298278809,8.261175155639648,-8.497390564120058
Variables2,101,a,Variables,False,212,3,18,0.1666666666666666,0.0229,True,1.4937989711761477,1.0795892477035522,0.9187954664230348,-3.776618368421943
Variables2,102,hypothesis,Variables,False,212,4,18,0.2222222222222222,7.41e-06,False,4.043576717376709,3.006768226623535,2.720416307449341,-11.812680118656278
Variables2,103,to,Variables,False,212,5,18,0.2777777777777778,0.0269,True,3.803499221801758,2.5965652465820312,3.4925243854522705,-3.6156289923743437
Variables2,104,test,Variables,False,212,6,18,0.3333333333333333,0.000155,False,3.732367753982544,2.154160022735596,1.5827419757843018,-8.772085441045027
Variables2,105,scientifically,Variables,False,212,7,18,0.3888888888888889,2.82e-06,False,16.53337860107422,15.89353847503662,15.501871109008787,-12.778773673014252
Variables2,106,:,Variables,True,212,7,18,0.3888888888888889,0.0,False,,,,
Variables2,107,that,Variables,False,212,8,18,0.4444444444444444,0.0102,True,4.00034236907959,4.2761006355285645,4.359604835510254,-4.585367558691911
Variables2,108,using,Variables,False,212,9,18,0.5,0.000295,False,5.293718338012695,5.465518951416016,5.22472095489502,-8.128535201624453
Variables2,109,the,Variables,False,212,10,18,0.5555555555555556,0.0537,True,2.1343226432800293,2.1035072803497314,1.6729798316955566,-2.9243422774673182
Variables2,110,app,Variables,False,212,11,18,0.6111111111111112,7.24e-05,False,2.0303988456726074,0.9077903628349304,0.7141599655151367,-9.533304258572603
Variables2,111,is,Variables,False,212,12,18,0.6666666666666666,0.0117,True,3.709913730621338,3.460371971130371,3.4482240676879883,-4.448166437178426
Variables2,112,associated,Variables,False,212,13,18,0.7222222222222222,7.76e-05,False,3.691504001617432,3.380214214324951,3.4443905353546143,-9.463943130775101
Variables2,113,with,Variables,False,212,14,18,0.7777777777777778,0.00708,True,0.0120568070560693,0.0251137446612119,0.0217492002993822,-4.950481371276509
Variables2,114,a,Variables,False,212,15,18,0.8333333333333334,0.0229,True,1.987051486968994,1.1611474752426147,1.2162491083145142,-3.776618368421943
Variables2,115,reduction,Variables,False,212,16,18,0.8888888888888888,2.45e-05,False,0.720217764377594,1.2232223749160769,1.888292670249939,-10.616837440413592
Variables2,116,in,Variables,False,212,17,18,0.9444444444444444,0.0186,True,0.1189028695225715,0.1640912592411041,0.1334718763828277,-3.9845936982629815
Variables2,117,smoking,Variables,False,212,18,18,1.0,3.31e-05,False,3.082710027694702,2.2941049933433533,2.1073963940143585,-10.315977275581258
Variables2,118,.,Variables,True,212,18,18,1.0,0.0,False,,,,
Variables3,1,Think,Variables,False,213,0,17,0.0,0.0012,False,8.667526245117188,8.053962707519531,8.156050682067871,-6.725433722188183
Variables3,2,about,Variables,False,213,1,17,0.0588235294117647,0.00251,True,1.954615950584412,1.7616064548492432,1.1843998432159424,-5.987472525838444
Variables3,3,what,Variables,False,213,2,17,0.1176470588235294,0.0024,True,2.8754475116729736,2.674266815185547,3.4105641841888428,-6.032286541628237
Variables3,4,the,Variables,False,213,3,17,0.1764705882352941,0.0537,True,3.006356000900269,3.612439155578613,2.4305222034454346,-2.9243422774673182
Variables3,5,independent,Variables,False,213,4,17,0.2352941176470588,8.51e-05,False,9.759112358093262,10.8302001953125,8.665453910827637,-9.371683522384945
Variables3,6,and,Variables,False,213,5,17,0.2941176470588235,0.0257,True,4.552073955535889,5.165160655975342,2.514585018157959,-3.661264287080963
Variables3,7,dependent,Variables,False,213,6,17,0.3529411764705882,1.91e-05,False,9.707324028015137,9.174689292907717,2.5054025650024414,-10.86582222291169
Variables3,8,variables,Variables,False,213,7,17,0.4117647058823529,9.33e-06,False,7.637589454650879,5.681382179260254,0.0471888221800327,-11.582275543105021
Variables3,9,are,Variables,False,213,8,17,0.4705882352941176,0.0055,True,2.57886290550232,1.3335589170455933,1.537816882133484,-5.2030071867437115
Variables3,10,and,Variables,False,213,9,17,0.5294117647058824,0.0257,True,3.5576183795928955,2.9047627449035645,2.320969581604004,-3.661264287080963
Variables3,11,how,Variables,False,213,10,17,0.5882352941176471,0.00174,True,1.2775580883026123,1.5904991626739502,1.453681707382202,-6.3538701657556995
Variables3,12,you,Variables,False,213,11,17,0.6470588235294118,0.00955,True,2.369276523590088,2.072004795074463,4.290312767028809,-4.651214124489498
Variables3,13,would,Variables,False,213,12,17,0.7058823529411765,0.00186,False,2.762903451919556,3.092752456665039,3.819112062454224,-6.287178791257027
Variables3,14,go,Variables,False,213,13,17,0.7647058823529411,0.00107,False,5.213173866271973,4.6679534912109375,5.337581634521484,-6.840096630508322
Variables3,15,about,Variables,False,213,14,17,0.8235294117647058,0.00251,True,0.0351073034107685,0.0305476076900959,0.022231176495552,-5.987472525838444
Variables3,16,designing,Variables,False,213,15,17,0.8823529411764706,7.76e-06,False,5.203938484191895,5.104342460632324,5.540817260742188,-11.766528223769146
Variables3,17,this,Variables,False,213,16,17,0.9411764705882352,0.00661,True,4.641902923583984,4.339019775390625,3.032085657119751,-5.019171625118542
Variables3,18,experiment,Variables,False,213,17,17,1.0,2.4e-05,False,5.967220455408096,7.709526062011719,1.0873777866363523,-10.637456727616328
Variables3,19,.,Variables,True,213,17,17,1.0,0.0,False,,,,
Variables3,20,We,Variables,False,214,0,18,0.0,0.00347,True,4.50512170791626,4.8567423820495605,2.86759877204895,-5.663600685023369
Variables3,21,could,Variables,False,214,1,18,0.0555555555555555,0.00115,False,3.672139406204224,2.494439125061035,4.215163707733154,-6.767993336606978
Variables3,22,simply,Variables,False,214,2,18,0.1111111111111111,0.00012,False,4.934757232666016,6.187774658203125,5.661886215209961,-9.028018815182229
Variables3,23,survey,Variables,False,214,3,18,0.1666666666666666,4.9e-05,False,8.281332015991211,9.549495697021484,8.276597023010254,-9.923690259853647
Variables3,24,some,Variables,False,214,4,18,0.2222222222222222,0.00158,True,4.752283096313477,5.489748954772949,6.14994478225708,-6.450330431943262
Variables3,25,smokers,Variables,False,214,5,18,0.2777777777777778,3.31e-06,False,10.74305534362793,11.07451343536377,6.534428596496582,-12.618562368575303
Variables3,26,who,Variables,False,214,6,18,0.3333333333333333,0.00219,True,3.0459885597229004,3.139803886413574,2.4049344062805176,-6.123853735153728
Variables3,27,use,Variables,False,214,7,18,0.3888888888888889,0.000646,False,4.116908073425293,3.965055227279663,3.6617178916931152,-7.344711054181673
Variables3,28,the,Variables,False,214,8,18,0.4444444444444444,0.0537,True,2.9195752143859863,2.318077564239502,0.1226870790123939,-2.9243422774673182
Variables3,29,app,Variables,False,214,9,18,0.5,7.24e-05,False,5.484474182128906,5.956770896911621,0.0645658448338508,-9.533304258572603
Variables3,30,and,Variables,False,214,10,18,0.5555555555555556,0.0257,True,1.2241383790969849,1.4388158321380615,1.2295726537704468,-3.661264287080963
Variables3,31,ask,Variables,False,214,11,18,0.6111111111111112,0.000219,False,1.513803005218506,2.4180922508239746,2.551910400390625,-8.426438828147774
Variables3,32,them,Variables,False,214,12,18,0.6666666666666666,0.00155,True,0.2957228720188141,0.4428148865699768,0.3248819410800934,-6.469500348050982
Variables3,33,to,Variables,False,214,13,18,0.7222222222222222,0.0269,True,1.394546389579773,1.4010907411575315,0.8039649724960327,-3.6156289923743437
Variables3,34,report,Variables,False,214,14,18,0.7777777777777778,0.000209,False,5.330202102661133,4.679759979248047,4.763925075531006,-8.473176305999463
Variables3,35,whether,Variables,False,214,15,18,0.8333333333333334,0.000209,False,3.422534942626953,4.504340171813965,3.932897567749024,-8.473176305999463
Variables3,36,they,Variables,False,214,16,18,0.8888888888888888,0.00316,True,0.368287056684494,0.3066868185997009,0.5784878134727478,-5.757183251383316
Variables3,37,stop,Variables,False,214,17,18,0.9444444444444444,0.000331,False,8.414512634277344,8.108352661132812,4.585108757019043,-8.01339218258721
Variables3,38,smoking,Variables,False,214,18,18,1.0,3.31e-05,False,1.8944880068302157,1.4098882973194122,1.3528372943401337,-10.315977275581258
Variables3,39,.,Variables,True,214,18,18,1.0,0.0,False,,,,
Variables3,40,However,Variables,False,215,0,26,0.0,0.00038,False,4.648707389831543,5.532532691955566,4.408417224884033,-7.875339305243843
Variables3,41,this,Variables,False,215,1,26,0.0384615384615384,0.00661,True,5.737863540649414,4.823546409606934,4.153707027435303,-5.019171625118542
Variables3,42,is,Variables,False,215,2,26,0.0769230769230769,0.0117,True,1.7971248626708984,1.9816969633102417,2.2555806636810303,-4.448166437178426
Variables3,43,not,Variables,False,215,3,26,0.1153846153846153,0.0049,True,1.272461175918579,1.4751042127609253,0.8545291423797607,-5.318520073865556
Variables3,44,a,Variables,False,215,4,26,0.1538461538461538,0.0229,True,2.09958815574646,1.7542500495910645,2.0896694660186768,-3.776618368421943
Variables3,45,good,Variables,False,215,5,26,0.1923076923076923,0.00132,False,2.1297378540039062,3.343704462051392,3.2385542392730717,-6.630123542383857
Variables3,46,experimental,Variables,False,215,6,26,0.2307692307692307,1.91e-05,False,8.49847412109375,7.899456977844238,7.168341636657715,-10.86582222291169
Variables3,47,design,Variables,False,215,7,26,0.2692307692307692,0.000148,False,1.1362282037734983,2.9777188301086426,1.238101601600647,-8.818298284200159
Variables3,48,because,Variables,False,215,8,26,0.3076923076923077,0.00107,True,1.3082035779953003,2.4121761322021484,2.0248193740844727,-6.840096630508322
Variables3,49,we,Variables,False,215,9,26,0.3461538461538461,0.00347,True,2.422173023223877,2.5033295154571533,2.8316123485565186,-5.663600685023369
Variables3,50,won't,Variables,False,215,10,26,0.3846153846153846,0.000219,True,6.156713601900265,5.28411591053009,5.5339379189535975,-8.426438828147774
Variables3,53,know,Variables,False,215,11,26,0.4230769230769231,0.00126,False,0.648973822593689,0.8084424734115601,0.83294278383255,-6.676643558018751
Variables3,54,how,Variables,False,215,12,26,0.4615384615384615,0.00174,True,1.9639655351638796,2.2288763523101807,2.020590782165528,-6.3538701657556995
Variables3,55,many,Variables,False,215,13,26,0.5,0.000813,False,1.0341194868087769,0.8655616641044617,1.7213919162750244,-7.1147794484164635
Variables3,56,smokers,Variables,False,215,14,26,0.5384615384615384,3.31e-06,False,1.6183656454086304,1.0408843755722046,1.2735077142715454,-12.618562368575303
Variables3,57,who,Variables,False,215,15,26,0.5769230769230769,0.00219,True,4.483595848083496,4.132224082946777,4.724117755889893,-6.123853735153728
Variables3,58,want,Variables,False,215,16,26,0.6153846153846154,0.0011,False,5.936770439147949,6.690046310424805,6.7640228271484375,-6.812445099177812
Variables3,59,to,Variables,False,215,17,26,0.6538461538461539,0.0269,True,0.0895344465970993,0.1005216464400291,0.0688175857067108,-3.6156289923743437
Variables3,60,stop,Variables,False,215,18,26,0.6923076923076923,0.000331,False,1.5147030353546145,1.957829236984253,2.109244108200073,-8.01339218258721
Variables3,61,smoking,Variables,False,215,19,26,0.7307692307692307,3.31e-05,False,0.6644306182861328,0.5384839773178101,0.1833910346031189,-10.315977275581258
Variables3,62,would,Variables,False,215,20,26,0.7692307692307693,0.00186,False,4.248595714569092,4.085508346557617,4.134720802307129,-6.287178791257027
Variables3,63,do,Variables,False,215,21,26,0.8076923076923077,0.00224,True,3.2764172554016118,2.259664297103882,2.2164831161499023,-6.101279413115189
Variables3,64,so,Variables,False,215,22,26,0.8461538461538461,0.00331,True,0.1224170997738838,0.6442746520042419,0.4163306653499603,-5.710807089593166
Variables3,65,anyway,Variables,False,215,23,26,0.8846153846153846,8.13e-05,False,6.099811553955078,5.964485168457031,5.868222713470459,-9.417364541410508
Variables3,66,without,Variables,False,215,24,26,0.9230769230769232,0.00049,False,5.039883613586426,5.823503017425537,5.189452648162842,-7.621105166859602
Variables3,67,the,Variables,False,215,25,26,0.9615384615384616,0.0537,True,2.108640432357788,2.9592125415802,1.680170655250549,-2.9243422774673182
Variables3,68,app,Variables,False,215,26,26,1.0,7.24e-05,False,2.186841368675232,2.536234200000763,0.5130871087312698,-9.533304258572603
Variables3,69,.,Variables,True,215,26,26,1.0,0.0,False,,,,
Variables3,70,We,Variables,False,216,0,31,0.0,0.00347,True,2.4219155311584477,2.4068565368652344,2.0872466564178467,-5.663600685023369
Variables3,71,need,Variables,False,216,1,31,0.032258064516129,0.000933,False,3.14536190032959,3.257206916809082,3.198691368103028,-6.977105357116931
Variables3,72,to,Variables,False,216,2,31,0.064516129032258,0.0269,True,0.2788212597370147,0.299022227525711,0.2344327867031097,-3.6156289923743437
Variables3,73,ascertain,Variables,False,216,3,31,0.0967741935483871,1.95e-06,False,7.139109134674072,8.013213157653809,6.73094367980957,-13.147681185388619
Variables3,74,whether,Variables,False,216,4,31,0.1290322580645161,0.000209,False,1.3277089595794678,1.9465017318725584,1.3904180526733398,-8.473176305999463
Variables3,75,more,Variables,False,216,5,31,0.1612903225806451,0.00229,True,5.606786251068115,5.74199104309082,7.456221103668213,-6.079203461415989
Variables3,76,individuals,Variables,False,216,6,31,0.1935483870967742,6.46e-05,False,5.791586875915527,5.9048991203308105,5.423925399780273,-9.647296147175718
Variables3,77,stop,Variables,False,216,7,31,0.2258064516129032,0.000331,False,4.636031150817871,5.465902805328369,4.59119176864624,-8.01339218258721
Variables3,78,smoking,Variables,False,216,8,31,0.2580645161290322,3.31e-05,False,0.2821932137012481,0.2892154157161712,0.1049507483839988,-10.315977275581258
Variables3,79,after,Variables,False,216,9,31,0.2903225806451613,0.00129,True,3.821111679077149,3.8846631050109854,2.9790384769439697,-6.653113060608557
Variables3,80,being,Variables,False,216,10,31,0.3225806451612903,0.000891,True,3.504760503768921,3.277090549468994,4.503546714782715,-7.023166130493465
Variables3,81,exposed,Variables,False,216,11,31,0.3548387096774194,3.24e-05,False,3.090942859649658,4.538798332214356,4.1280717849731445,-10.33735213516599
Variables3,82,to,Variables,False,216,12,31,0.3870967741935484,0.0269,True,0.0455675311386585,0.0485915318131446,0.0176654290407896,-3.6156289923743437
Variables3,83,the,Variables,False,216,13,31,0.4193548387096774,0.0537,True,1.0221614837646484,1.1124147176742554,1.0396478176116943,-2.9243422774673182
Variables3,84,subliminal,Variables,False,216,14,31,0.4516129032258064,6.92e-07,False,13.259511440992355,12.86880761757493,0.3649639480281621,-14.183679881328741
Variables3,85,messages,Variables,False,216,15,31,0.4838709677419355,3.47e-05,False,1.1232566833496094,1.5401809215545654,0.1502732932567596,-10.26877087101146
Variables3,86,than,Variables,False,216,16,31,0.5161290322580645,0.00135,True,8.381136894226074,8.236080169677734,5.758020401000977,-6.607650686531799
Variables3,87,in,Variables,False,216,17,31,0.5483870967741935,0.0186,True,4.669479370117188,4.059631824493408,4.284529685974121,-3.9845936982629815
Variables3,88,a,Variables,False,216,18,31,0.5806451612903226,0.0229,True,2.1352388858795166,2.362459659576416,2.7932205200195312,-3.776618368421943
Variables3,89,separate,Variables,False,216,19,31,0.6129032258064516,6.76e-05,False,5.791460514068604,4.499707221984863,4.261603355407715,-9.601902574915355
Variables3,90,control,Variables,False,216,20,31,0.6451612903225806,0.000251,False,3.973297357559204,5.717945098876953,5.661532402038574,-8.29005761883249
Variables3,91,group,Variables,False,216,21,31,0.6774193548387096,0.000372,False,0.8674159646034241,0.4819105565547943,0.3567139506340027,-7.8966167036911274
Variables3,92,who,Variables,False,216,22,31,0.7096774193548387,0.00219,True,4.495001792907715,5.816272258758545,5.736347675323486,-6.123853735153728
Variables3,93,also,Variables,False,216,23,31,0.7419354838709677,0.00155,False,4.970973968505859,4.708288669586182,4.086219310760498,-6.469500348050982
Variables3,94,wanted,Variables,False,216,24,31,0.7741935483870968,0.000229,False,4.894852161407471,5.733253479003906,5.130258560180664,-8.381788554410035
Variables3,95,to,Variables,False,216,25,31,0.8064516129032258,0.0269,True,0.1028993427753448,0.1085036769509315,0.0881868451833725,-3.6156289923743437
Variables3,96,stop,Variables,False,216,26,31,0.8387096774193549,0.000331,False,1.0984150171279907,0.9773648381233216,1.0196444988250732,-8.01339218258721
Variables3,97,smoking,Variables,False,216,27,31,0.8709677419354839,3.31e-05,False,0.2459414452314376,0.0921784415841102,0.0494688153266906,-10.315977275581258
Variables3,98,but,Variables,False,216,28,31,0.9032258064516128,0.00427,True,3.1638355255126958,4.449768543243408,4.380786895751953,-5.456141451741604
Variables3,99,were,Variables,False,216,29,31,0.935483870967742,0.00219,True,1.8711252212524412,2.615989446640014,2.919530868530273,-6.123853735153728
Variables3,100,not,Variables,False,216,30,31,0.967741935483871,0.0049,True,0.7030397653579712,0.7158395648002625,0.8406166434288025,-5.318520073865556
Variables3,101,exposed,Variables,False,216,31,31,1.0,3.24e-05,False,2.617636680603028,2.5010725259780884,4.457446813583374,-10.33735213516599
Variables3,102,.,Variables,True,216,31,31,1.0,0.0,False,,,,
Variables4,1,In,Variables,False,217,0,17,0.0,0.0186,True,4.456692695617676,5.335442543029785,3.0660789012908936,-3.9845936982629815
Variables4,2,the,Variables,False,217,1,17,0.0588235294117647,0.0537,True,1.9652386903762815,1.8780992031097408,1.788450002670288,-2.9243422774673182
Variables4,3,smoking,Variables,False,217,2,17,0.1176470588235294,3.31e-05,False,11.623527526855469,11.66685676574707,10.2888765335083,-10.315977275581258
Variables4,4,app,Variables,False,217,3,17,0.1764705882352941,7.24e-05,False,8.982013702392578,8.094677925109863,5.022906303405762,-9.533304258572603
Variables4,5,study,Variables,False,217,4,17,0.2352941176470588,0.000182,False,10.27731227874756,10.20623016357422,3.550462245941162,-8.611503870887478
Variables4,6,whether,Variables,False,217,5,17,0.2941176470588235,0.000209,False,9.618441581726074,10.831073760986328,10.651200294494627,-8.473176305999463
Variables4,7,the,Variables,False,217,6,17,0.3529411764705882,0.0537,True,2.5310306549072266,2.853519916534424,1.3244045972824097,-2.9243422774673182
Variables4,8,subjects,Variables,False,217,7,17,0.4117647058823529,2.4e-05,False,7.049436569213867,8.389673233032227,3.510312080383301,-10.637456727616328
Variables4,10,are,Variables,False,217,8,17,0.4705882352941176,0.0055,True,4.029870986938477,2.309730291366577,3.9462080001831055,-5.2030071867437115
Variables4,11,exposed,Variables,False,217,9,17,0.5294117647058824,3.24e-05,False,3.9852135181427,4.841884136199951,2.217628002166748,-10.33735213516599
Variables4,12,to,Variables,False,217,10,17,0.5882352941176471,0.0269,True,0.0278882179409265,0.1053000539541244,0.0601499155163764,-3.6156289923743437
Variables4,13,the,Variables,False,217,11,17,0.6470588235294118,0.0537,True,2.957574844360352,2.8662171363830566,0.7516623139381409,-2.9243422774673182
Variables4,14,subliminal,Variables,False,217,12,17,0.7058823529411765,6.92e-07,False,12.26097796112299,12.16717703640461,0.099097334430553,-14.183679881328741
Variables4,15,messages,Variables,False,217,13,17,0.7647058823529411,3.47e-05,False,2.969043970108032,1.352192997932434,0.0353714153170585,-10.26877087101146
Variables4,16,is,Variables,False,217,14,17,0.8235294117647058,0.0117,True,4.643097877502441,3.081386089324951,1.9114177227020264,-4.448166437178426
Variables4,17,the,Variables,False,217,15,17,0.8823529411764706,0.0537,True,3.495368242263794,2.6145927906036377,3.251579523086548,-2.9243422774673182
Variables4,18,independent,Variables,False,217,16,17,0.9411764705882352,8.51e-05,False,8.633804321289062,11.437861442565918,6.766584396362305,-9.371683522384945
Variables4,19,variable,Variables,False,217,17,17,1.0,1.32e-05,False,2.488120079040528,5.88771915435791,1.449979603290558,-11.235293728371948
Variables4,20,.,Variables,True,217,17,17,1.0,0.0,False,,,,
Variables4,21,Whether,Variables,False,218,0,8,0.0,0.000209,False,7.151988983154297,6.007774353027344,6.785400867462158,-8.473176305999463
Variables4,22,the,Variables,False,218,1,8,0.125,0.0537,True,1.0592724084854126,1.1851087808609009,0.8891183137893677,-2.9243422774673182
Variables4,23,participants,Variables,False,218,2,8,0.25,2.51e-05,False,3.4374918937683105,4.417724132537842,3.8328237533569336,-10.592642711826535
Variables4,24,stop,Variables,False,218,3,8,0.375,0.000331,False,7.643697738647461,8.751625061035156,3.749259471893311,-8.01339218258721
Variables4,25,smoking,Variables,False,218,4,8,0.5,3.31e-05,False,1.3893017768859863,0.2468200027942657,0.0577089749276638,-10.315977275581258
Variables4,26,is,Variables,False,218,5,8,0.625,0.0117,True,2.4914588928222656,1.868578314781189,2.20734977722168,-4.448166437178426
Variables4,27,the,Variables,False,218,6,8,0.75,0.0537,True,1.9917538166046145,1.353214144706726,1.586652755737305,-2.9243422774673182
Variables4,28,dependent,Variables,False,218,7,8,0.875,1.91e-05,False,2.0136523246765137,4.446696758270264,0.9291625022888184,-10.86582222291169
Variables4,29,variable,Variables,False,218,8,8,1.0,1.32e-05,False,0.3541743401437998,0.115860026795417,0.3055384205654263,-11.235293728371948
Variables4,30,.,Variables,True,218,8,8,1.0,0.0,False,,,,
Variables4,31,If,Variables,False,219,0,13,0.0,0.00295,True,3.099060535430908,2.802063226699829,2.4701411724090576,-5.825950108630408
Variables4,32,the,Variables,False,219,1,13,0.0769230769230769,0.0537,True,0.9027386903762816,0.7875545620918274,0.8274838924407959,-2.9243422774673182
Variables4,33,dependent,Variables,False,219,2,13,0.1538461538461538,1.91e-05,False,7.652116775512695,9.172101020812988,6.959779739379883,-10.86582222291169
Variables4,34,variable,Variables,False,219,3,13,0.2307692307692307,1.32e-05,False,0.1119128242135047,0.0183327998965978,0.1453094333410263,-11.235293728371948
Variables4,35,depends,Variables,False,219,4,13,0.3076923076923077,3.39e-05,False,8.33098030090332,7.822678565979004,8.088314056396484,-10.29209554357787
Variables4,36,on,Variables,False,219,5,13,0.3846153846153846,0.00813,True,0.1608544886112213,0.2512814998626709,0.1609198600053787,-4.812194355422418
Variables4,37,the,Variables,False,219,6,13,0.4615384615384615,0.0537,True,0.8850201368331909,0.5319440364837646,0.6374488472938538,-2.9243422774673182
Variables4,38,independent,Variables,False,219,7,13,0.5384615384615384,8.51e-05,False,8.293517112731934,9.552230834960938,7.022539615631104,-9.371683522384945
Variables4,39,variable,Variables,False,219,8,13,0.6153846153846154,1.32e-05,False,0.1398463994264602,0.0423284657299518,0.4850635230541229,-11.235293728371948
Variables4,40,then,Variables,False,219,9,13,0.6923076923076923,0.00117,True,2.244283676147461,2.797827959060669,1.6995437145233154,-6.750751530172472
Variables4,41,this,Variables,False,219,10,13,0.7692307692307693,0.00661,True,4.054855346679688,4.616323947906494,3.4018664360046387,-5.019171625118542
Variables4,42,supports,Variables,False,219,11,13,0.8461538461538461,2.63e-05,False,8.22888469696045,9.385411262512209,8.863104820251465,-10.545941618780555
Variables4,43,our,Variables,False,219,12,13,0.9230769230769232,0.00138,True,4.674702167510986,5.677693843841553,2.945895195007324,-6.5856717798130235
Variables4,44,hypothesis,Variables,False,219,13,13,1.0,7.41e-06,False,2.157699704170227,2.376463234424591,1.0718035772442818,-11.812680118656278
Variables4,45,.,Variables,True,219,13,13,1.0,0.0,False,,,,
Variables4,46,Scientists,Variables,False,220,0,30,0.0,3.16e-05,False,10.62798309326172,8.793883323669434,7.2581787109375,-10.362353437371407
Variables4,47,generally,Variables,False,220,1,30,0.0333333333333333,8.91e-05,False,5.036689758300781,4.979480743408203,5.857799530029297,-9.32575122348751
Variables4,48,don't,Variables,False,220,2,30,0.0666666666666666,0.00158,True,4.068168396130204,3.866679757833481,4.005223367363215,-6.450330431943262
Variables4,51,cast,Variables,False,220,3,30,0.1,6.17e-05,False,10.628774642944336,10.458002090454102,10.61435890197754,-9.693226627052931
Variables4,52,judgement,Variables,False,220,4,30,0.1333333333333333,7.24e-06,False,5.404558181762695,4.075756072998047,4.254652500152588,-11.83588935156665
Variables4,54,on,Variables,False,220,5,30,0.1666666666666666,0.00813,True,0.4612081944942474,0.6688520908355713,0.4451195001602173,-4.812194355422418
Variables4,55,the,Variables,False,220,6,30,0.2,0.0537,True,1.2965238094329834,1.0670408010482788,1.063747763633728,-2.9243422774673182
Variables4,56,truth,Variables,False,220,7,30,0.2333333333333333,0.000112,False,6.856136322021484,6.532001972198486,6.697083950042725,-9.09701168666918
Variables4,57,of,Variables,False,220,8,30,0.2666666666666666,0.0251,True,0.5381188988685608,0.6016437411308289,0.5095486044883728,-3.684887432844399
Variables4,58,a,Variables,False,220,9,30,0.3,0.0229,True,2.743849754333496,2.829470157623291,2.987507104873657,-3.776618368421943
Variables4,59,hypothesis,Variables,False,220,10,30,0.3333333333333333,7.41e-06,False,3.3418893814086914,3.5349607467651367,3.0607945919036865,-11.812680118656278
Variables4,60,because,Variables,False,220,11,30,0.3666666666666666,0.00107,True,2.8469882011413574,3.1505067348480225,2.710359573364258,-6.840096630508322
Variables4,61,the,Variables,False,220,12,30,0.4,0.0537,True,2.371997117996216,2.260294914245605,2.2777459621429443,-2.9243422774673182
Variables4,62,truth,Variables,False,220,13,30,0.4333333333333333,0.000112,False,3.5415070056915283,3.8836429119110103,4.500272274017334,-9.09701168666918
Variables4,63,can,Variables,False,220,14,30,0.4666666666666667,0.00288,True,3.1545300483703613,3.188418388366699,2.7384843826293945,-5.8499649848342825
Variables4,64,never,Variables,False,220,15,30,0.5,0.000813,False,4.200681209564209,4.49669075012207,4.32065486907959,-7.1147794484164635
Variables4,65,be,Variables,False,220,16,30,0.5333333333333333,0.00617,True,0.1596681028604507,0.1576018184423446,0.134633257985115,-5.088056441064841
Variables4,66,known,Variables,False,220,17,30,0.5666666666666667,0.000245,False,2.0112335681915283,2.103156089782715,2.300358533859253,-8.314252347419547
Variables4,67,for,Variables,False,220,18,30,0.6,0.0102,True,3.5941944122314453,3.0171988010406494,2.881131172180176,-4.585367558691911
Variables4,68,certain,Variables,False,220,19,30,0.6333333333333333,0.000145,False,5.518614411354065,5.595473885536194,4.439217269420624,-8.8387768155437
Variables4,69,;,Variables,True,220,19,30,0.6333333333333333,0.0,False,,,,
Variables4,70,instead,Variables,False,220,20,30,0.6666666666666666,0.000174,False,4.994507312774658,4.414768695831299,4.779581069946289,-8.656455258749745
Variables4,71,they,Variables,False,220,21,30,0.7,0.00316,True,1.9275978803634644,1.638963222503662,1.3317599296569824,-5.757183251383316
Variables4,72,talk,Variables,False,220,22,30,0.7333333333333333,0.000263,False,6.847136497497559,7.222212791442871,7.609703063964844,-8.24335652578651
Variables4,73,about,Variables,False,220,23,30,0.7666666666666667,0.00251,True,0.0862588733434677,0.191481277346611,0.2856473624706268,-5.987472525838444
Variables4,74,how,Variables,False,220,24,30,0.8,0.00174,True,3.044099807739258,2.667393922805786,2.1583712100982666,-6.3538701657556995
Variables4,75,much,Variables,False,220,25,30,0.8333333333333334,0.001,False,3.612205982208252,4.344693183898926,3.92561149597168,-6.907755278982137
Variables4,76,the,Variables,False,220,26,30,0.8666666666666667,0.0537,True,2.410541296005249,2.0071897506713867,1.6978884935379028,-2.9243422774673182
Variables4,77,results,Variables,False,220,27,30,0.9,0.00017,False,4.124699592590332,5.169764518737793,4.342350959777832,-8.679712120914012
Variables4,78,support,Variables,False,220,28,30,0.9333333333333332,0.000339,False,2.438462495803833,2.132317066192627,2.4467740058898926,-7.989510450583824
Variables4,79,the,Variables,False,220,29,30,0.9666666666666668,0.0537,True,1.4344245195388794,1.0744091272354126,1.4384466409683228,-2.9243422774673182
Variables4,80,hypothesis,Variables,False,220,30,30,1.0,7.41e-06,False,0.9414463043212892,0.4593303501605987,0.5269049406051636,-11.812680118656278
Variables4,81,.,Variables,True,220,30,30,1.0,0.0,False,,,,
Variables5,1,Many,Variables,False,221,0,19,0.0,0.000813,False,7.227661609649658,8.291763305664062,6.198198318481445,-7.1147794484164635
Variables5,2,variables,Variables,False,221,1,19,0.0526315789473684,9.33e-06,False,9.023381233215332,8.645223617553711,5.702844619750977,-11.582275543105021
Variables5,3,aside,Variables,False,221,2,19,0.1052631578947368,3.89e-05,False,8.418956756591797,7.155583381652832,11.374221801757812,-10.154516307339874
Variables5,4,from,Variables,False,221,3,19,0.1578947368421052,0.00427,True,0.6345968246459961,0.9039646983146667,0.3458076417446136,-5.456141451741604
Variables5,5,the,Variables,False,221,4,19,0.2105263157894736,0.0537,True,1.6878641843795776,1.6638319492340088,0.4357529878616333,-2.9243422774673182
Variables5,6,independent,Variables,False,221,5,19,0.2631578947368421,8.51e-05,False,10.378615379333496,11.830102920532228,1.588473916053772,-9.371683522384945
Variables5,7,variable,Variables,False,221,6,19,0.3157894736842105,1.32e-05,False,2.8784713745117188,5.166107177734375,0.4922691285610199,-11.235293728371948
Variables5,8,could,Variables,False,221,7,19,0.3684210526315789,0.00115,False,6.775033473968506,5.383081912994385,4.546000957489014,-6.767993336606978
Variables5,9,have,Variables,False,221,8,19,0.4210526315789473,0.00513,True,2.463767766952514,2.9522128105163574,2.841109275817871,-5.272649619799459
Variables5,10,an,Variables,False,221,9,19,0.4736842105263157,0.00339,True,2.772068500518799,3.67746639251709,3.1358530521392822,-5.686925357589778
Variables5,11,impact,Variables,False,221,10,19,0.5263157894736842,8.32e-05,False,0.9316356778144836,1.3156094551086426,1.96205472946167,-9.394263210137112
Variables5,12,on,Variables,False,221,11,19,0.5789473684210527,0.00813,True,0.1424260735511779,0.3839731514453888,0.0769090875983238,-4.812194355422418
Variables5,13,the,Variables,False,221,12,19,0.631578947368421,0.0537,True,1.034327507019043,1.263551115989685,0.7586517930030823,-2.9243422774673182
Variables5,14,dependent,Variables,False,221,13,19,0.6842105263157895,1.91e-05,False,7.929182052612305,8.577079772949219,7.824841022491455,-10.86582222291169
Variables5,15,variable,Variables,False,221,14,19,0.7368421052631579,1.32e-05,False,5.132566332817078,6.2440809309482574,2.7746473252773285,-11.235293728371948
Variables5,16,;,Variables,True,221,14,19,0.7368421052631579,0.0,False,,,,
Variables5,17,these,Variables,False,221,15,19,0.7894736842105263,0.0011,True,4.683084487915039,6.750114440917969,4.628757476806641,-6.812445099177812
Variables5,18,are,Variables,False,221,16,19,0.8421052631578947,0.0055,True,3.242438793182373,1.33235764503479,2.3768465518951416,-5.2030071867437115
Variables5,19,called,Variables,False,221,17,19,0.8947368421052632,0.000389,False,3.931129932403565,4.676395416259766,4.486966133117676,-7.851931214345828
Variables5,20,confounding,Variables,False,221,18,19,0.9473684210526316,6.76e-07,False,6.173877716064453,10.39189624786377,6.423240184783936,-14.207072760903447
Variables5,21,variables,Variables,False,221,19,19,1.0,9.33e-06,False,0.6999785304069519,0.8982619196176529,0.739368125796318,-11.582275543105021
Variables5,22,.,Variables,True,221,19,19,1.0,0.0,False,,,,
Variables5,23,A,Variables,False,222,0,37,0.0,0.0229,True,3.856158971786499,4.319378852844238,3.573837280273437,-3.776618368421943
Variables5,24,well-controlled,Variables,False,222,1,37,0.027027027027027,3.75e-05,False,8.919583886861801,10.24916684627533,9.74095368385315,-10.191169624987909
Variables5,25,experiment,Variables,False,222,2,37,0.054054054054054,2.4e-05,False,3.208202838897705,2.982287645339966,0.928039848804474,-10.637456727616328
Variables5,26,would,Variables,False,222,3,37,0.081081081081081,0.00186,False,2.1031947135925293,2.08593225479126,3.019845485687256,-6.287178791257027
Variables5,27,entail,Variables,False,222,4,37,0.1081081081081081,1.62e-06,False,9.061330795288086,9.021397590637209,8.702783584594727,-13.333084408719982
Variables5,28,assigning,Variables,False,222,5,37,0.1351351351351351,1.91e-06,False,5.993687152862549,8.004955291748047,7.077709197998047,-13.168407315905736
Variables5,29,people,Variables,False,222,6,37,0.1621621621621621,0.00178,False,5.740335464477539,7.457854270935059,5.792437553405762,-6.331141914678144
Variables5,30,randomly,Variables,False,222,7,37,0.1891891891891892,9.33e-06,False,4.975767612457275,5.641916275024414,4.771073818206787,-11.582275543105021
Variables5,31,to,Variables,False,222,8,37,0.2162162162162162,0.0269,True,0.6326842904090881,2.3380932807922363,1.779004693031311,-3.6156289923743437
Variables5,32,two,Variables,False,222,9,37,0.2432432432432432,0.00126,False,2.8588547706604004,4.772660255432129,3.617174386978149,-6.676643558018751
Variables5,33,groups,Variables,False,222,10,37,0.2702702702702703,0.000132,False,1.5140056610107422,3.54762864112854,1.95528256893158,-8.932708635377903
Variables5,34,that,Variables,False,222,11,37,0.2972972972972973,0.0102,True,4.205813407897949,3.6189606189727774,3.7429213523864746,-4.585367558691911
Variables5,35,differ,Variables,False,222,12,37,0.3243243243243243,1.07e-05,False,4.030499458312988,3.900423049926758,4.502581596374512,-11.445266816496414
Variables5,36,in,Variables,False,222,13,37,0.3513513513513513,0.0186,True,0.7499342560768127,0.9410743117332458,0.5093159079551697,-3.9845936982629815
Variables5,37,whether,Variables,False,222,14,37,0.3783783783783784,0.000209,False,5.849231719970703,6.647780418395996,5.550411701202393,-8.473176305999463
Variables5,38,they,Variables,False,222,15,37,0.4054054054054054,0.00316,True,0.5213762521743774,0.7626095414161682,0.564831018447876,-5.757183251383316
Variables5,39,get,Variables,False,222,16,37,0.4324324324324324,0.00191,False,5.091756343841553,4.702521324157715,4.869253635406494,-6.260652036923599
Variables5,40,the,Variables,False,222,17,37,0.4594594594594595,0.0537,True,2.7142815589904785,1.570834398269653,1.5673558712005615,-2.9243422774673182
Variables5,41,subliminal,Variables,False,222,18,37,0.4864864864864865,6.92e-07,False,15.206130005419254,14.299371801316738,0.2859143478563055,-14.183679881328741
Variables5,42,messages,Variables,False,222,19,37,0.5135135135135135,3.47e-05,False,2.690289258956909,3.6303982734680176,0.1331080645322799,-10.26877087101146
Variables5,43,or,Variables,False,222,20,37,0.5405405405405406,0.00347,True,1.873247504234314,1.6890063285827637,0.6536010503768921,-5.663600685023369
Variables5,44,not,Variables,False,222,21,37,0.5675675675675675,0.0049,True,0.7000349164009094,0.3854226469993591,0.5132218599319458,-5.318520073865556
Variables5,45,but,Variables,False,222,22,37,0.5945945945945946,0.00427,True,5.50172233581543,7.427514553070068,6.147390842437744,-5.456141451741604
Variables5,46,crucially,Variables,False,222,23,37,0.6216216216216216,8.91e-07,False,13.180948972760234,11.1112858960405,12.354204319417477,-13.930921409475602
Variables5,47,are,Variables,False,222,24,37,0.6486486486486487,0.0055,True,4.789519786834717,4.315333843231201,4.873313903808594,-5.2030071867437115
Variables5,48,otherwise,Variables,False,222,25,37,0.6756756756756757,7.59e-05,False,6.607772350311279,6.380857467651367,6.788641929626465,-9.48609387356269
Variables5,49,as,Variables,False,222,26,37,0.7027027027027027,0.00589,True,6.195784091949463,7.188442230224609,6.832077026367188,-5.134499281318642
Variables5,50,similar,Variables,False,222,27,37,0.7297297297297297,0.000162,False,1.0746324062347412,5.8373870849609375,5.132259368896484,-8.72791422273189
Variables5,51,as,Variables,False,222,28,37,0.7567567567567568,0.00589,True,0.5358284115791321,0.6944223642349243,0.7275626063346863,-5.134499281318642
Variables5,52,possible,Variables,False,222,29,37,0.7837837837837838,0.000229,False,0.9946667551994324,0.2467591911554336,0.1471244841814041,-8.381788554410035
Variables5,53,to,Variables,False,222,30,37,0.8108108108108109,0.0269,True,2.720345020294189,1.5297234058380127,1.418323278427124,-3.6156289923743437
Variables5,54,minimize,Variables,False,222,31,37,0.8378378378378378,6.31e-06,False,10.006345748901367,9.588142395019531,9.911650657653809,-11.973374881411152
Variables5,55,the,Variables,False,222,32,37,0.8648648648648649,0.0537,True,1.1594276428222656,1.1713320016860962,1.0229369401931765,-2.9243422774673182
Variables5,56,confounding,Variables,False,222,33,37,0.8918918918918919,6.76e-07,False,2.7103402614593506,3.044863700866699,3.614851474761963,-14.207072760903447
Variables5,57,impact,Variables,False,222,34,37,0.918918918918919,8.32e-05,False,5.428194999694824,5.082339286804199,5.65885066986084,-9.394263210137112
Variables5,58,of,Variables,False,222,35,37,0.945945945945946,0.0251,True,0.7618966698646545,1.1736199855804443,1.0039198398590088,-3.684887432844399
Variables5,59,subjects',Variables,False,222,36,37,0.972972972972973,2.4e-05,False,7.44502067565918,11.20426869392395,9.592140913009644,-10.637456727616328
Variables5,62,expectations,Variables,False,222,37,37,1.0,2.75e-05,False,6.473404049873352,9.004381716251373,9.897972285747528,-10.501324553291749
Variables5,63,.,Variables,True,222,37,37,1.0,0.0,False,,,,
Variables5,64,By,Variables,False,223,0,28,0.0,0.00457,True,5.972018718719482,6.409727573394775,5.717731475830078,-5.3882420740760235
Variables5,65,choosing,Variables,False,223,1,28,0.0357142857142857,1.82e-05,False,4.738383769989014,4.005459785461426,3.7986087799072266,-10.914088963881525
Variables5,66,a,Variables,False,223,2,28,0.0714285714285714,0.0229,True,2.032031536102295,2.157442092895508,2.1286020278930664,-3.776618368421943
Variables5,67,large,Variables,False,223,3,28,0.1071428571428571,0.000245,False,5.536834716796875,5.7173943519592285,6.125857830047607,-8.314252347419547
Variables5,68,enough,Variables,False,223,4,28,0.1428571428571428,0.000347,False,4.73769998550415,4.591380596160889,5.123539447784424,-7.966185778017415
Variables5,69,sample,Variables,False,223,5,28,0.1785714285714285,3.39e-05,False,0.4263183772563934,0.6726592183113098,0.8609587550163269,-10.29209554357787
Variables5,70,it,Variables,False,223,6,28,0.2142857142857142,0.00891,True,7.476187229156494,4.619304656982422,4.2647905349731445,-4.720581037499419
Variables5,71,is,Variables,False,223,7,28,0.25,0.0117,True,1.1307213306427002,1.3160004615783691,0.8995800018310547,-4.448166437178426
Variables5,72,likely,Variables,False,223,8,28,0.2857142857142857,0.000158,False,3.944980144500733,3.6963915824890137,4.077211380004883,-8.752915524937308
Variables5,73,that,Variables,False,223,9,28,0.3214285714285714,0.0102,True,0.8595823645591736,0.5763258934020996,0.2226858735084533,-4.585367558691911
Variables5,74,potentially,Variables,False,223,10,28,0.3571428571428571,2.45e-05,False,8.274579048156738,10.17233657836914,10.646100997924805,-10.616837440413592
Variables5,75,confounding,Variables,False,223,11,28,0.3928571428571428,6.76e-07,False,0.3433713614940643,0.7203733325004578,1.09684956073761,-14.207072760903447
Variables5,76,factors,Variables,False,223,12,28,0.4285714285714285,4.37e-05,False,6.690006494522095,6.471385955810547,7.267335891723633,-10.03816245586273
Variables5,77,",",Variables,True,223,12,28,0.4285714285714285,0.0,False,,,,
Variables5,78,such,Variables,False,223,13,28,0.4642857142857143,0.000692,True,0.6082526445388794,0.690762460231781,0.3330654799938202,-7.275924602346604
Variables5,79,as,Variables,False,223,14,28,0.5,0.00589,True,0.0005942009738646,0.0024220198392868,0.0008675863500684,-5.134499281318642
Variables5,80,how,Variables,False,223,15,28,0.5357142857142857,0.00174,True,5.91001033782959,5.425136566162109,5.140527725219727,-6.3538701657556995
Variables5,81,long,Variables,False,223,16,28,0.5714285714285714,0.000646,False,4.137404441833496,3.8531954288482666,3.807795524597168,-7.344711054181673
Variables5,82,a,Variables,False,223,17,28,0.6071428571428571,0.0229,True,3.1883347034454346,2.8541808128356934,3.086120367050171,-3.776618368421943
Variables5,83,participant,Variables,False,223,18,28,0.6428571428571429,6.03e-06,False,4.194207191467285,4.324121475219727,2.9850833415985107,-12.01876354722518
Variables5,84,has,Variables,False,223,19,28,0.6785714285714286,0.00234,True,1.3903077840805054,1.766754984855652,1.9871574640274048,-6.057604349612527
Variables5,85,been,Variables,False,223,20,28,0.7142857142857143,0.00186,True,0.5878902077674866,0.7019059062004089,0.6753737926483154,-6.287178791257027
Variables5,86,smoking,Variables,False,223,21,28,0.75,3.31e-05,False,4.227612495422363,4.910277366638184,0.8475143313407898,-10.315977275581258
Variables5,87,are,Variables,False,223,22,28,0.7857142857142857,0.0055,True,9.581432342529297,9.56417465209961,8.195545196533203,-5.2030071867437115
Variables5,88,approximately,Variables,False,223,23,28,0.8214285714285714,4.37e-05,False,9.518155097961426,10.193862915039062,10.370997428894045,-10.03816245586273
Variables5,89,equal,Variables,False,223,24,28,0.8571428571428571,4.47e-05,False,2.1842620372772217,2.4282665252685547,2.097441911697388,-10.015537056344751
Variables5,90,across,Variables,False,223,25,28,0.8928571428571429,0.000178,False,2.392538547515869,3.7297284603118896,4.012149333953857,-8.633727007672189
Variables5,91,the,Variables,False,223,26,28,0.9285714285714286,0.0537,True,1.1105741262435913,1.0921355485916138,0.986440360546112,-2.9243422774673182
Variables5,92,two,Variables,False,223,27,28,0.9642857142857144,0.00126,False,1.2434321641921997,1.2227983474731443,0.9831169247627258,-6.676643558018751
Variables5,93,groups,Variables,False,223,28,28,1.0,0.000132,False,1.5311045795679092,0.6389221101999283,0.4036052972078323,-8.932708635377903
Variables5,94,.,Variables,True,223,28,28,1.0,0.0,False,,,,
Variables5,95,Another,Variables,False,224,0,28,0.0,0.00055,False,4.24246883392334,5.4409613609313965,4.242119789123535,-7.505592279737757
Variables5,96,option,Variables,False,224,1,28,0.0357142857142857,6.31e-05,False,3.544455051422119,3.9903080463409424,4.247801780700684,-9.670789788417107
Variables5,97,is,Variables,False,224,2,28,0.0714285714285714,0.0117,True,0.6207265257835388,0.811383843421936,0.6311125159263611,-4.448166437178426
Variables5,98,to,Variables,False,224,3,28,0.1071428571428571,0.0269,True,0.3246615827083587,0.2151898294687271,0.1510439664125442,-3.6156289923743437
Variables5,99,manually,Variables,False,224,4,28,0.1428571428571428,5.01e-06,False,7.827942848205566,7.453482627868652,8.360126495361328,-12.2040746428675
Variables5,100,assign,Variables,False,224,5,28,0.1785714285714285,4.57e-06,False,2.1399381160736084,1.0009922981262207,0.6209104657173157,-12.29599735305816
Variables5,101,participants,Variables,False,224,6,28,0.2142857142857142,2.51e-05,False,1.847613215446472,3.1489293575286865,2.712009906768799,-10.592642711826535
Variables5,102,to,Variables,False,224,7,28,0.25,0.0269,True,0.6456282138824463,0.7005437612533569,0.4466294646263122,-3.6156289923743437
Variables5,103,the,Variables,False,224,8,28,0.2857142857142857,0.0537,True,2.8712759017944336,2.1985559463500977,1.823019862174988,-2.9243422774673182
Variables5,104,two,Variables,False,224,9,28,0.3214285714285714,0.00126,False,3.2236592769622803,2.078785896301269,1.2725030183792114,-6.676643558018751
Variables5,105,groups,Variables,False,224,10,28,0.3571428571428571,0.000132,False,0.2586378753185272,0.173308715224266,0.1343354284763336,-8.932708635377903
Variables5,106,such,Variables,False,224,11,28,0.3928571428571428,0.000692,True,7.218861103057861,8.428106307983398,8.604133605957031,-7.275924602346604
Variables5,107,that,Variables,False,224,12,28,0.4285714285714285,0.0102,True,0.0805129408836364,0.1874149292707443,0.3548125326633453,-4.585367558691911
Variables5,108,they,Variables,False,224,13,28,0.4642857142857143,0.00316,True,1.7801610231399536,1.6478352546691897,1.4370447397232056,-5.757183251383316
Variables5,109,are,Variables,False,224,14,28,0.5,0.0055,True,1.364935278892517,1.4158461093902588,1.3584449291229248,-5.2030071867437115
Variables5,110,matched,Variables,False,224,15,28,0.5357142857142857,1.02e-05,False,3.977811813354492,4.644386291503906,4.935799598693848,-11.493122837674049
Variables5,111,on,Variables,False,224,16,28,0.5714285714285714,0.00813,True,2.497068166732788,4.413333892822266,4.507611274719238,-4.812194355422418
Variables5,112,important,Variables,False,224,17,28,0.6071428571428571,0.000275,False,7.444589614868164,9.046856880187988,8.80746841430664,-8.198739460297702
Variables5,113,confounding,Variables,False,224,18,28,0.6428571428571429,6.76e-07,False,6.506863594055176,4.579165458679199,5.0948872566223145,-14.207072760903447
Variables5,114,variables,Variables,False,224,19,28,0.6785714285714286,9.33e-06,False,0.2235413491725921,0.2347775846719741,0.2386431396007537,-11.582275543105021
Variables5,115,such,Variables,False,224,20,28,0.7142857142857143,0.000692,True,1.2366321086883545,2.4549334049224854,2.0128204822540283,-7.275924602346604
Variables5,116,as,Variables,False,224,21,28,0.75,0.00589,True,0.0051360330544412,0.0121092181652784,0.0062581761740148,-5.134499281318642
Variables5,117,how,Variables,False,224,22,28,0.7857142857142857,0.00174,True,3.091487169265747,3.1268019676208496,2.622035503387451,-6.3538701657556995
Variables5,118,many,Variables,False,224,23,28,0.8214285714285714,0.000813,False,1.6255507469177246,1.9422485828399656,1.678615927696228,-7.1147794484164635
Variables5,119,cigarettes,Variables,False,224,24,28,0.8571428571428571,1.23e-05,False,1.6215087175369265,1.2487618923187256,2.4144153594970703,-11.305911295585902
Variables5,120,are,Variables,False,224,25,28,0.8928571428571429,0.0055,True,2.8579325675964355,2.5307822227478027,2.4650704860687256,-5.2030071867437115
Variables5,121,smoked,Variables,False,224,26,28,0.9285714285714286,8.32e-06,False,1.6013743877410889,0.6184329390525818,0.5384246110916138,-11.696848303131157
Variables5,122,a,Variables,False,224,27,28,0.9642857142857144,0.0229,True,4.81629753112793,3.215783834457397,3.9864444732666016,-3.776618368421943
Variables5,123,day,Variables,False,224,28,28,1.0,0.000891,False,1.4436102360486984,1.8812097907066343,2.203399121761322,-7.023166130493465
Variables5,124,.,Variables,True,224,28,28,1.0,0.0,False,,,,
Variables6,1,The,Variables,False,225,0,17,0.0,0.0537,True,3.2761731147766118,3.5087358951568604,2.5248351097106934,-2.9243422774673182
Variables6,2,choice,Variables,False,225,1,17,0.0588235294117647,0.00012,False,9.065166473388672,8.698936462402344,4.332565784454346,-9.028018815182229
Variables6,3,of,Variables,False,225,2,17,0.1176470588235294,0.0251,True,0.7937285304069519,0.9275552034378052,0.6721591353416443,-3.684887432844399
Variables6,4,dependent,Variables,False,225,3,17,0.1764705882352941,1.91e-05,False,11.27511501312256,13.53782844543457,9.37611961364746,-10.86582222291169
Variables6,5,variable,Variables,False,225,4,17,0.2352941176470588,1.32e-05,False,4.626647472381592,5.694663047790527,2.5145516395568848,-11.235293728371948
Variables6,6,is,Variables,False,225,5,17,0.2941176470588235,0.0117,True,2.391629219055176,1.4278358221054075,0.9245750308036804,-4.448166437178426
Variables6,7,another,Variables,False,225,6,17,0.3529411764705882,0.00055,False,5.91771936416626,6.913890838623047,4.960751533508301,-7.505592279737757
Variables6,8,important,Variables,False,225,7,17,0.4117647058823529,0.000275,False,2.573256254196167,4.854046821594238,2.696361303329468,-8.198739460297702
Variables6,9,aspect,Variables,False,225,8,17,0.4705882352941176,2.57e-05,False,2.909985065460205,3.835068941116333,3.483064889907837,-10.5690195660631
Variables6,10,of,Variables,False,225,9,17,0.5294117647058824,0.0251,True,0.281408280134201,0.6330340504646301,0.1857547909021377,-3.684887432844399
Variables6,11,designing,Variables,False,225,10,17,0.5882352941176471,7.76e-06,False,6.687053680419922,6.695527076721191,4.683023929595947,-11.766528223769146
Variables6,12,a,Variables,False,225,11,17,0.6470588235294118,0.0229,True,1.845675349235535,1.3275542259216309,1.7933858633041382,-3.776618368421943
Variables6,13,scientific,Variables,False,225,12,17,0.7058823529411765,4.68e-05,False,7.770001411437988,9.072029113769531,3.4764177799224854,-9.969627355040673
Variables6,14,study,Variables,False,225,13,17,0.7647058823529411,0.000182,False,2.866168737411499,3.9879446029663086,3.309574604034424,-8.611503870887478
Variables6,15,to,Variables,False,225,14,17,0.8235294117647058,0.0269,True,4.398962497711182,3.1416165828704834,3.612958192825317,-3.6156289923743437
Variables6,16,test,Variables,False,225,15,17,0.8823529411764706,0.000155,False,3.322943210601806,4.555568695068359,2.8006865978240967,-8.772085441045027
Variables6,17,a,Variables,False,225,16,17,0.9411764705882352,0.0229,True,3.883747577667236,2.910332202911377,2.831636428833008,-3.776618368421943
Variables6,18,hypothesis,Variables,False,225,17,17,1.0,7.41e-06,False,1.0998384356498718,1.2615652084350586,0.8570214211940765,-11.812680118656278
Variables6,19,.,Variables,True,225,17,17,1.0,0.0,False,,,,
Variables6,20,Choosing,Variables,False,226,0,31,0.0,1.82e-05,False,9.604137927293776,9.043826125562193,8.251018341630697,-10.914088963881525
Variables6,21,one,Variables,False,226,1,31,0.032258064516129,0.00295,False,4.062178611755371,3.5130410194396973,3.570166110992432,-5.825950108630408
Variables6,22,variable,Variables,False,226,2,31,0.064516129032258,1.32e-05,False,0.55351722240448,2.0231032371521,2.783135414123535,-11.235293728371948
Variables6,23,over,Variables,False,226,3,31,0.0967741935483871,0.0012,True,3.842783927917481,2.9887866973876958,2.007618904113769,-6.725433722188183
Variables6,24,another,Variables,False,226,4,31,0.1290322580645161,0.00055,False,0.2341725081205368,0.3500128090381622,0.4803833067417145,-7.505592279737757
Variables6,25,is,Variables,False,226,5,31,0.1612903225806451,0.0117,True,1.2574687004089355,0.8649038672447205,0.8762996196746826,-4.448166437178426
Variables6,26,often,Variables,False,226,6,31,0.1935483870967742,0.000257,False,2.913704872131348,4.0904388427734375,3.4815449714660645,-8.266434473069054
Variables6,27,a,Variables,False,226,7,31,0.2258064516129032,0.0229,True,1.8033593893051147,1.7127974033355713,1.599559664726257,-3.776618368421943
Variables6,28,matter,Variables,False,226,8,31,0.2580645161290322,0.00024,False,2.689941644668579,3.941164493560791,3.813784122467041,-8.334871634622283
Variables6,29,of,Variables,False,226,9,31,0.2903225806451613,0.0251,True,0.0108068445697426,0.0147093571722507,0.005860882345587,-3.684887432844399
Variables6,30,convention,Variables,False,226,10,31,0.3225806451612903,3.16e-05,False,9.266295433044434,9.664713859558104,10.036014556884766,-10.362353437371407
Variables6,31,and,Variables,False,226,11,31,0.3548387096774194,0.0257,True,1.694257736206055,2.2729032039642334,1.8578259944915767,-3.661264287080963
Variables6,32,convenience,Variables,False,226,12,31,0.3870967741935484,1.05e-05,False,5.521270751953125,6.557235240936279,7.146729469299316,-11.464135300800796
Variables6,33,but,Variables,False,226,13,31,0.4193548387096774,0.00427,True,4.530252933502197,4.326372146606445,3.147942304611206,-5.456141451741604
Variables6,34,the,Variables,False,226,14,31,0.4516129032258064,0.0537,True,3.0499696731567383,2.5911569595336914,2.405770063400269,-2.9243422774673182
Variables6,35,choice,Variables,False,226,15,31,0.4838709677419355,0.00012,False,2.391505241394043,2.2156848907470703,1.6635340452194214,-9.028018815182229
Variables6,36,is,Variables,False,226,16,31,0.5161290322580645,0.0117,True,2.553009271621704,2.3183047771453857,2.3451082706451416,-4.448166437178426
Variables6,37,always,Variables,False,226,17,31,0.5483870967741935,0.000575,False,3.541322946548462,3.367196083068848,3.544698715209961,-7.461140517166924
Variables6,38,better,Variables,False,226,18,31,0.5806451612903226,0.000575,False,4.627659797668457,3.688304901123047,3.498988628387451,-7.461140517166924
Variables6,39,dictated,Variables,False,226,19,31,0.6129032258064516,2.45e-06,False,10.470991134643556,11.037043571472168,11.172327995300291,-12.919422533407639
Variables6,40,on,Variables,False,226,20,31,0.6451612903225806,0.00813,True,6.537167072296143,5.529685974121094,6.044460296630859,-4.812194355422418
Variables6,41,theoretical,Variables,False,226,21,31,0.6774193548387096,1.02e-05,False,6.606943607330322,8.41390323638916,9.194869041442873,-11.493122837674049
Variables6,42,grounds,Variables,False,226,22,31,0.7096774193548387,2.69e-05,False,1.0903769731521606,4.491333961486816,2.8673243522644043,-10.52338427135648
Variables6,43,for,Variables,False,226,23,31,0.7419354838709677,0.0102,True,5.814774513244629,5.945454120635986,6.355041980743408,-4.585367558691911
Variables6,44,its,Variables,False,226,24,31,0.7741935483870968,0.00138,True,4.249102592468262,5.883510112762451,6.33975887298584,-6.5856717798130235
Variables6,45,relevance,Variables,False,226,25,31,0.8064516129032258,5.62e-06,False,4.538596153259277,4.869483470916748,4.890360832214356,-12.089178894058675
Variables6,46,to,Variables,False,226,26,31,0.8387096774193549,0.0269,True,1.055876851081848,1.4399969577789309,0.988312005996704,-3.6156289923743437
Variables6,47,the,Variables,False,226,27,31,0.8709677419354839,0.0537,True,0.9577482342720032,0.8762657642364502,0.5965330004692078,-2.9243422774673182
Variables6,48,scientific,Variables,False,226,28,31,0.9032258064516128,4.68e-05,False,2.884127616882324,2.306812047958374,2.693892002105713,-9.969627355040673
Variables6,49,problem,Variables,False,226,29,31,0.935483870967742,0.000251,False,5.868480682373047,4.77502965927124,5.706826210021973,-8.29005761883249
Variables6,50,under,Variables,False,226,30,31,0.967741935483871,0.000537,True,7.059908390045166,7.760294914245605,8.50933837890625,-7.52951246345541
Variables6,51,investigation,Variables,False,226,31,31,1.0,5.62e-05,False,1.5515037924051285,3.476157233119011,3.453654117882252,-9.78659380106463
Variables6,52,.,Variables,True,226,31,31,1.0,0.0,False,,,,
Variables6,53,Further,Variables,False,227,0,44,0.0,0.000204,True,6.662302494049072,7.771093845367432,7.024885177612305,-8.497390564120058
Variables6,54,just,Variables,False,227,1,44,0.0227272727272727,0.00269,True,10.344925880432127,10.244884490966797,10.068594932556152,-5.9182140853683896
Variables6,56,as,Variables,False,227,2,44,0.0454545454545454,0.00589,True,1.3465900421142578,1.817199230194092,1.7167261838912964,-5.134499281318642
Variables6,57,tapping,Variables,False,227,3,44,0.0681818181818181,5.75e-06,False,12.75442123413086,13.837977409362791,13.769277572631836,-12.066310703155015
Variables6,58,several,Variables,False,227,4,44,0.0909090909090909,0.000245,False,7.300673007965088,7.6542534828186035,8.932784080505371,-8.314252347419547
Variables6,59,kinds,Variables,False,227,5,44,0.1136363636363636,3.24e-05,False,7.462559223175049,5.135673522949219,6.286979675292969,-10.33735213516599
Variables6,60,of,Variables,False,227,6,44,0.1363636363636363,0.0251,True,0.0087394369766116,0.0146987847983837,0.0040594087913632,-3.684887432844399
Variables6,61,independent,Variables,False,227,7,44,0.1590909090909091,8.51e-05,False,4.0976881980896,7.210996627807617,8.200831413269043,-9.371683522384945
Variables6,62,variables,Variables,False,227,8,44,0.1818181818181818,9.33e-06,False,0.1034273952245712,0.2241214513778686,0.0785151124000549,-11.582275543105021
Variables6,63,can,Variables,False,227,9,44,0.2045454545454545,0.00288,True,2.264739751815796,2.6074023246765137,1.9140526056289675,-5.8499649848342825
Variables6,64,increase,Variables,False,227,10,44,0.2272727272727272,0.00012,False,4.280723571777344,4.278569221496582,3.6141281127929688,-9.028018815182229
Variables6,65,the,Variables,False,227,11,44,0.25,0.0537,True,0.7931351661682129,0.471388041973114,0.5418000817298889,-2.9243422774673182
Variables6,66,generality,Variables,False,227,12,44,0.2727272727272727,3.24e-07,False,6.829917722381651,8.445962473750114,9.867821425199509,-14.942522321154081
Variables6,67,and,Variables,False,227,13,44,0.2954545454545454,0.0257,True,2.19119930267334,3.0880706310272217,3.526941537857056,-3.661264287080963
Variables6,68,applicability,Variables,False,227,14,44,0.3181818181818182,8.13e-07,False,4.019400402205065,4.619000064209104,4.566800182685256,-14.0225347273986
Variables6,69,of,Variables,False,227,15,44,0.3409090909090909,0.0251,True,0.019947987049818,0.065392717719078,0.0250303894281387,-3.684887432844399
Variables6,70,the,Variables,False,227,16,44,0.3636363636363636,0.0537,True,1.4704569578170776,1.2438384294509888,1.3440152406692505,-2.9243422774673182
Variables6,71,research,Variables,False,227,17,44,0.3863636363636363,0.000245,False,3.5857436656951904,3.922488212585449,3.538713932037353,-8.314252347419547
Variables6,72,findings,Variables,False,227,18,44,0.4090909090909091,2.4e-05,False,3.583393663167953,3.476665318012237,3.941701292991638,-10.637456727616328
Variables6,73,",",Variables,True,227,18,44,0.4090909090909091,0.0,False,,,,
Variables6,74,so,Variables,False,227,19,44,0.4318181818181818,0.00331,True,1.1892175674438477,2.2087879180908203,2.5161731243133545,-5.710807089593166
Variables6,75,can,Variables,False,227,20,44,0.4545454545454545,0.00288,True,1.805741548538208,1.6565327644348145,1.279351830482483,-5.8499649848342825
Variables6,76,the,Variables,False,227,21,44,0.4772727272727273,0.0537,True,3.3386459350585938,2.932158946990967,3.370769500732422,-2.9243422774673182
Variables6,77,measurement,Variables,False,227,22,44,0.5,1.12e-05,False,8.197572708129883,9.007420539855955,8.411898612976074,-11.399596779663225
Variables6,78,of,Variables,False,227,23,44,0.5227272727272727,0.0251,True,0.3650093376636505,0.2529411315917969,0.1557210385799408,-3.684887432844399
Variables6,79,more,Variables,False,227,24,44,0.5454545454545454,0.00229,True,7.126965522766113,6.556652069091797,6.689032554626465,-6.079203461415989
Variables6,80,than,Variables,False,227,25,44,0.5681818181818182,0.00135,True,1.2210875749588013,1.1645605564117432,1.9132583141326904,-6.607650686531799
Variables6,81,one,Variables,False,227,26,44,0.5909090909090909,0.00295,False,0.0639080554246902,0.157194122672081,0.1417369842529297,-5.825950108630408
Variables6,82,dependent,Variables,False,227,27,44,0.6136363636363636,1.91e-05,False,2.531349897384644,5.031882286071777,5.855759620666504,-10.86582222291169
Variables6,83,variable,Variables,False,227,28,44,0.6363636363636364,1.32e-05,False,0.0037876071874052,0.0065664947032928,0.0049245497211813,-11.235293728371948
Variables6,84,increase,Variables,False,227,29,44,0.6590909090909091,0.00012,False,8.694694519042969,8.498998641967773,8.31309700012207,-9.028018815182229
Variables6,85,the,Variables,False,227,30,44,0.6818181818181818,0.0537,True,0.2743992507457733,0.1487017273902893,0.19489087164402,-2.9243422774673182
Variables6,86,scope,Variables,False,227,31,44,0.7045454545454546,1.82e-05,False,5.400569438934326,6.00214958190918,6.400313377380371,-10.914088963881525
Variables6,87,of,Variables,False,227,32,44,0.7272727272727273,0.0251,True,0.4796501100063324,0.4913714528083801,0.4650832712650299,-3.684887432844399
Variables6,88,the,Variables,False,227,33,44,0.75,0.0537,True,0.5195362567901611,0.7623571753501892,0.5933636426925659,-2.9243422774673182
Variables6,89,findings,Variables,False,227,34,44,0.7727272727272727,2.4e-05,False,3.7073678970336914,5.968555450439453,5.543675899505615,-10.637456727616328
Variables6,90,by,Variables,False,227,35,44,0.7954545454545454,0.00457,True,4.948510646820068,5.142355918884277,4.981039524078369,-5.3882420740760235
Variables6,91,revealing,Variables,False,227,36,44,0.8181818181818182,9.33e-06,False,5.601407051086426,7.958270072937012,7.016166687011719,-11.582275543105021
Variables6,92,the,Variables,False,227,37,44,0.8409090909090909,0.0537,True,2.3843297958374023,1.2240829467773438,1.499657392501831,-2.9243422774673182
Variables6,93,topic,Variables,False,227,38,44,0.8636363636363636,3.09e-05,False,7.8005828857421875,9.3251314163208,9.369482040405272,-10.384754374060574
Variables6,94,of,Variables,False,227,39,44,0.8863636363636364,0.0251,True,1.553451418876648,0.8113110661506653,1.019008755683899,-3.684887432844399
Variables6,95,the,Variables,False,227,40,44,0.9090909090909092,0.0537,True,1.0988891124725342,0.6722245216369629,0.6456854939460754,-2.9243422774673182
Variables6,96,study,Variables,False,227,41,44,0.9318181818181818,0.000182,False,0.6449731588363647,0.3027653396129608,0.464573323726654,-8.611503870887478
Variables6,97,in,Variables,False,227,42,44,0.9545454545454546,0.0186,True,3.160086870193481,3.07967472076416,3.741506099700928,-3.9845936982629815
Variables6,98,more,Variables,False,227,43,44,0.9772727272727272,0.00229,True,2.9514126777648926,2.2088584899902344,1.9452794790267944,-6.079203461415989
Variables6,99,detail,Variables,False,227,44,44,1.0,3.72e-05,False,0.8243362009525299,0.6483584344387054,0.2942255884408951,-10.199201796685173
Variables6,100,.,Variables,True,227,44,44,1.0,0.0,False,,,,
Variables7,1,Suppose,Variables,False,228,0,19,0.0,3.63e-05,False,11.06008505821228,8.091585263609886,7.750009536743164,-10.223692816693468
Variables7,2,we,Variables,False,228,1,19,0.0526315789473684,0.00347,True,2.1517674922943115,10.6683988571167,1.6154683828353882,-5.663600685023369
Variables7,3,were,Variables,False,228,2,19,0.1052631578947368,0.00219,True,2.371281147003174,3.885741233825684,4.034201145172119,-6.123853735153728
Variables7,4,interested,Variables,False,228,3,19,0.1578947368421052,8.91e-05,False,5.766695022583008,7.0977888107299805,3.2780561447143555,-9.32575122348751
Variables7,5,in,Variables,False,228,4,19,0.2105263157894736,0.0186,True,0.0481006242334842,0.4236080944538116,0.064390480518341,-3.9845936982629815
Variables7,6,changes,Variables,False,228,5,19,0.2631578947368421,0.000132,False,9.195523262023926,10.654491424560549,10.362388610839844,-8.932708635377903
Variables7,7,in,Variables,False,228,6,19,0.3157894736842105,0.0186,True,0.4912198185920715,2.8916170597076416,0.435341477394104,-3.9845936982629815
Variables7,8,a,Variables,False,228,7,19,0.3684210526315789,0.0229,True,4.977660179138184,4.157390594482422,2.5656280517578125,-3.776618368421943
Variables7,9,person's,Variables,False,228,8,19,0.4210526315789473,1.1e-05,False,4.704419061541557,9.203004002571106,4.331232666969299,-11.417615285165903
Variables7,12,political,Variables,False,228,9,19,0.4736842105263157,0.000195,False,6.288386344909668,6.374040603637695,7.443914890289307,-8.542510999400527
Variables7,13,beliefs,Variables,False,228,10,19,0.5263157894736842,1.78e-05,False,1.7613226175308228,2.438796043395996,1.3446986675262451,-10.936312100666235
Variables7,14,due,Variables,False,228,11,19,0.5789473684210527,0.000224,False,6.828423500061035,7.220588207244873,5.5036139488220215,-8.403864506109235
Variables7,15,to,Variables,False,228,12,19,0.631578947368421,0.0269,True,0.0077798929996788,0.0115965325385332,0.0082007823511958,-3.6156289923743437
Variables7,16,two,Variables,False,228,13,19,0.6842105263157895,0.00126,False,6.734119892120361,8.733619689941406,7.478080749511719,-6.676643558018751
Variables7,17,types,Variables,False,228,14,19,0.7368421052631579,7.08e-05,False,6.215748310089111,5.361355304718018,3.870018720626831,-9.5556515572646
Variables7,18,of,Variables,False,228,15,19,0.7894736842105263,0.0251,True,0.0084030628204345,0.0668464079499244,0.00967503990978,-3.684887432844399
Variables7,19,propaganda,Variables,False,228,16,19,0.8421052631578947,1.48e-05,False,7.1965179443359375,7.23701810836792,7.037961959838867,-11.120883377194204
Variables7,20,emotional,Variables,False,228,17,19,0.8947368421052632,4.57e-05,False,14.639047622680664,15.053666114807127,13.416558265686035,-9.993412260064115
Variables7,21,and,Variables,False,228,18,19,0.9473684210526316,0.0257,True,3.745466470718384,3.2508084774017334,4.266852378845215,-3.661264287080963
Variables7,22,rational,Variables,False,228,19,19,1.0,1.15e-05,False,6.493093848228455,6.120837509632111,10.472891807556152,-11.37316352259507
Variables7,23,.,Variables,True,228,19,19,1.0,0.0,False,,,,
Variables7,24,First,Variables,False,229,0,22,0.0,0.00129,False,2.17048454284668,4.501007080078125,4.39724063873291,-6.653113060608557
Variables7,25,we,Variables,False,229,1,22,0.0454545454545454,0.00347,True,3.3146321773529053,3.136129856109619,2.318124294281006,-5.663600685023369
Variables7,26,may,Variables,False,229,2,22,0.0909090909090909,0.000955,False,4.816443920135498,6.027881622314453,4.547789573669434,-6.953799217483544
Variables7,27,observe,Variables,False,229,3,22,0.1363636363636363,1.15e-05,False,5.217744827270508,6.582796096801758,4.1729044914245605,-11.37316352259507
Variables7,28,how,Variables,False,229,4,22,0.1818181818181818,0.00174,True,3.94785213470459,3.872025489807129,3.72797155380249,-6.3538701657556995
Variables7,29,much,Variables,False,229,5,22,0.2272727272727272,0.001,False,4.030657768249512,4.460636138916016,3.9137215614318848,-6.907755278982137
Variables7,30,each,Variables,False,229,6,22,0.2727272727272727,0.00049,True,4.961233139038086,5.841972351074219,5.434042453765869,-7.621105166859602
Variables7,31,person's,Variables,False,229,7,22,0.3181818181818182,1.1e-05,False,3.606157064437866,3.613244414329529,4.724151849746704,-11.417615285165903
Variables7,34,beliefs,Variables,False,229,8,22,0.3636363636363636,1.78e-05,False,2.641789674758911,1.7822511196136477,1.8881824016571045,-10.936312100666235
Variables7,35,changed,Variables,False,229,9,22,0.4090909090909091,0.000117,False,2.84488582611084,4.271162033081055,4.70323657989502,-9.053336623166517
Variables7,36,when,Variables,False,229,10,22,0.4545454545454545,0.00234,True,2.7682113647460938,2.785203456878662,2.378224372863769,-6.057604349612527
Variables7,37,they,Variables,False,229,11,22,0.5,0.00316,True,1.1961811780929563,0.8974360823631287,0.8924127817153931,-5.757183251383316
Variables7,38,are,Variables,False,229,12,22,0.5454545454545454,0.0055,True,3.98859977722168,4.847129821777344,5.458015441894531,-5.2030071867437115
Variables7,39,exposed,Variables,False,229,13,22,0.5909090909090909,3.24e-05,False,1.5207207202911377,3.079709529876709,0.800089955329895,-10.33735213516599
Variables7,40,to,Variables,False,229,14,22,0.6363636363636364,0.0269,True,0.0423449203372001,0.0395141877233982,0.0053515038453042,-3.6156289923743437
Variables7,41,each,Variables,False,229,15,22,0.6818181818181818,0.00049,True,6.020773410797119,5.686725616455078,6.1932783126831055,-7.621105166859602
Variables7,42,type,Variables,False,229,16,22,0.7272727272727273,0.000186,False,1.581692457199097,1.8426457643508911,2.229902744293213,-8.589763884251074
Variables7,43,of,Variables,False,229,17,22,0.7727272727272727,0.0251,True,0.0736246183514595,0.0634261816740036,0.0166329350322484,-3.684887432844399
Variables7,44,propaganda,Variables,False,229,18,22,0.8181818181818182,1.48e-05,False,0.6169641613960266,0.1216836795210838,0.1437089741230011,-11.120883377194204
Variables7,45,(,Variables,True,229,18,22,0.8181818181818182,0.0,False,5.249192237854004,4.468496799468994,4.877712726593018,
Variables7,46,the,Variables,False,229,19,22,0.8636363636363636,0.0537,True,10.560734748840332,8.638786315917969,9.468214988708496,-2.9243422774673182
Variables7,47,direction,Variables,False,229,20,22,0.9090909090909092,8.51e-05,False,8.907405853271484,9.28935718536377,9.401677131652832,-9.371683522384945
Variables7,48,of,Variables,False,229,21,22,0.9545454545454546,0.0251,True,0.5107930302619934,0.6039465069770813,0.5505635738372803,-3.684887432844399
Variables7,49,change,Variables,False,229,22,22,1.0,0.000347,False,9.656038284301758,10.11059856414795,8.816021919250488,-7.966185778017415
Variables7,50,.,Variables,True,229,22,22,1.0,0.0,False,,,,
Variables7,51,That,Variables,False,230,0,14,0.0,0.0102,True,5.40699577331543,4.8075456619262695,5.247821807861328,-4.585367558691911
Variables7,52,would,Variables,False,230,1,14,0.0714285714285714,0.00186,False,4.881042957305908,4.759825706481934,3.9153339862823486,-6.287178791257027
Variables7,53,tell,Variables,False,230,2,14,0.1428571428571428,0.000339,False,5.903387069702148,5.772429466247559,5.413954734802246,-7.989510450583824
Variables7,54,us,Variables,False,230,3,14,0.2142857142857142,0.0011,False,0.0843442678451538,0.1381222307682037,0.034737080335617,-6.812445099177812
Variables7,55,something,Variables,False,230,4,14,0.2857142857142857,0.000646,False,2.5129313468933105,3.089019775390625,3.130067586898804,-7.344711054181673
Variables7,56,about,Variables,False,230,5,14,0.3571428571428571,0.00251,True,0.1449855864048004,0.5069279074668884,0.2226633578538894,-5.987472525838444
Variables7,57,the,Variables,False,230,6,14,0.4285714285714285,0.0537,True,1.3230303525924685,0.8582750558853149,0.7404361963272095,-2.9243422774673182
Variables7,58,relative,Variables,False,230,7,14,0.5,3.02e-05,False,5.094514846801758,6.692790508270264,6.042606353759766,-10.40766863358345
Variables7,59,strength,Variables,False,230,8,14,0.5714285714285714,6.31e-05,False,3.892202138900757,2.633788824081421,2.829005479812622,-9.670789788417107
Variables7,60,of,Variables,False,230,9,14,0.6428571428571429,0.0251,True,0.1654893457889557,0.1748797595500946,0.1409249305725097,-3.684887432844399
Variables7,61,the,Variables,False,230,10,14,0.7142857142857143,0.0537,True,1.4640722274780271,0.992767333984375,0.581304669380188,-2.9243422774673182
Variables7,62,two,Variables,False,230,11,14,0.7857142857142857,0.00126,False,1.6739362478256226,3.0465328693389893,3.597988605499268,-6.676643558018751
Variables7,63,types,Variables,False,230,12,14,0.8571428571428571,7.08e-05,False,0.8220159411430359,0.7666806578636169,1.6534863710403442,-9.5556515572646
Variables7,64,of,Variables,False,230,13,14,0.9285714285714286,0.0251,True,0.1407781094312667,0.2540465295314789,0.122427225112915,-3.684887432844399
Variables7,65,propaganda,Variables,False,230,14,14,1.0,1.48e-05,False,2.567378342151642,2.351394042372704,2.2334367632865906,-11.120883377194204
Variables7,66,.,Variables,True,230,14,14,1.0,0.0,False,,,,
Variables7,67,We,Variables,False,231,0,38,0.0,0.00347,True,2.581897258758545,3.441587209701538,2.650846242904663,-5.663600685023369
Variables7,68,could,Variables,False,231,1,38,0.0263157894736842,0.00115,False,1.8188327550888064,2.418166399002075,1.599637150764465,-6.767993336606978
Variables7,69,then,Variables,False,231,2,38,0.0526315789473684,0.00117,True,1.8239037990570068,2.762637138366699,1.6898444890975952,-6.750751530172472
Variables7,70,measure,Variables,False,231,3,38,0.0789473684210526,4.47e-05,False,3.991786241531372,5.464457988739014,3.669528007507324,-10.015537056344751
Variables7,71,the,Variables,False,231,4,38,0.1052631578947368,0.0537,True,1.05255925655365,0.6870269775390625,0.7649713158607483,-2.9243422774673182
Variables7,72,direction,Variables,False,231,5,38,0.131578947368421,8.51e-05,False,7.045852184295654,5.964633464813232,6.919771194458008,-9.371683522384945
Variables7,73,of,Variables,False,231,6,38,0.1578947368421052,0.0251,True,0.1790877878665924,0.175165444612503,0.1556992977857589,-3.684887432844399
Variables7,74,the,Variables,False,231,7,38,0.1842105263157894,0.0537,True,2.1884279251098637,2.316224813461304,2.4451262950897217,-2.9243422774673182
Variables7,75,person's,Variables,False,231,8,38,0.2105263157894736,1.1e-05,False,5.9558804258704185,6.575654424726963,7.069778762757778,-11.417615285165903
Variables7,78,beliefs,Variables,False,231,9,38,0.2368421052631578,1.78e-05,False,1.8653753995895384,0.7905880808830261,0.7722296714782715,-10.936312100666235
Variables7,79,to,Variables,False,231,10,38,0.2631578947368421,0.0269,True,3.9048662185668954,3.546591520309448,3.7915992736816406,-3.6156289923743437
Variables7,80,determine,Variables,False,231,11,38,0.2894736842105263,4.27e-05,False,1.7505061626434326,1.7023546695709229,1.542235016822815,-10.061311637729695
Variables7,81,if,Variables,False,231,12,38,0.3157894736842105,0.00295,True,1.793888807296753,2.0370004177093506,1.696805477142334,-5.825950108630408
Variables7,82,there,Variables,False,231,13,38,0.3421052631578947,0.00204,True,2.8191208839416504,3.346240758895874,3.618965148925781,-6.194805471126012
Variables7,83,were,Variables,False,231,14,38,0.3684210526315789,0.00219,True,1.8067846298217771,1.953864574432373,1.906766891479492,-6.123853735153728
Variables7,84,any,Variables,False,231,15,38,0.3947368421052631,0.00117,True,0.7808477878570557,0.5287559032440186,0.6985471844673157,-6.750751530172472
Variables7,85,changes,Variables,False,231,16,38,0.4210526315789473,0.000132,False,1.098620057106018,0.9484845399856568,1.5723785161972046,-8.932708635377903
Variables7,86,in,Variables,False,231,17,38,0.4473684210526316,0.0186,True,0.7301400899887085,0.2859130501747131,0.2306869179010391,-3.9845936982629815
Variables7,87,the,Variables,False,231,18,38,0.4736842105263157,0.0537,True,1.9229673147201536,1.3332688808441162,1.2819552421569824,-2.9243422774673182
Variables7,88,predicted,Variables,False,231,19,38,0.5,1.32e-05,False,7.63816499710083,9.421629905700684,8.959927558898926,-11.235293728371948
Variables7,89,direction,Variables,False,231,20,38,0.5263157894736842,8.51e-05,False,1.6939915418624878,0.6775805354118347,1.6553419828414917,-9.371683522384945
Variables7,90,or,Variables,False,231,21,38,0.5526315789473685,0.00347,True,4.023605823516846,3.4906115531921387,3.181945323944092,-5.663600685023369
Variables7,91,any,Variables,False,231,22,38,0.5789473684210527,0.00117,True,6.411004066467285,6.838448524475098,6.649441719055176,-6.750751530172472
Variables7,92,',Variables,True,231,22,38,0.5789473684210527,0.0,False,7.500990867614746,9.49856662750244,9.433223724365234,
Variables7,93,boomerang,Variables,False,231,23,38,0.6052631578947368,1.15e-06,False,17.368321925401688,14.696746960282326,14.08972391486168,-13.675748615589116
Variables7,94,effects,Variables,False,231,24,38,0.631578947368421,7.76e-05,False,9.147529363632202,9.753522872924805,10.163315296173096,-9.463943130775101
Variables7,96,",",Variables,True,231,24,38,0.631578947368421,0.0,False,,,,
Variables7,97,that,Variables,False,231,25,38,0.6578947368421053,0.0102,True,4.337967872619629,3.603340864181519,3.98287844657898,-4.585367558691911
Variables7,98,is,Variables,False,231,26,38,0.6842105263157895,0.0117,True,1.1316339373588562,1.4711770415306091,0.7743301391601562,-4.448166437178426
Variables7,99,",",Variables,True,231,26,38,0.6842105263157895,0.0,False,,,,
Variables7,100,beliefs,Variables,False,231,27,38,0.7105263157894737,1.78e-05,False,7.3238654136657715,8.613430976867676,8.502213478088379,-10.936312100666235
Variables7,101,changing,Variables,False,231,28,38,0.7368421052631579,5.75e-05,False,5.151429653167725,4.885726451873779,4.784541606903076,-9.76372561016097
Variables7,102,in,Variables,False,231,29,38,0.7631578947368421,0.0186,True,2.4001917839050293,1.9799293279647827,2.205810546875,-3.9845936982629815
Variables7,103,the,Variables,False,231,30,38,0.7894736842105263,0.0537,True,1.6548891067504885,1.106755018234253,1.2743418216705322,-2.9243422774673182
Variables7,104,opposite,Variables,False,231,31,38,0.8157894736842105,4.17e-05,False,3.520352363586426,4.489745140075684,4.069937229156494,-10.085009429159518
Variables7,105,direction,Variables,False,231,32,38,0.8421052631578947,8.51e-05,False,0.0215232335031032,0.0137102575972676,0.014629827812314,-9.371683522384945
Variables7,106,of,Variables,False,231,33,38,0.868421052631579,0.0251,True,2.627923011779785,1.9840863943099976,2.599466323852539,-3.684887432844399
Variables7,107,that,Variables,False,231,34,38,0.8947368421052632,0.0102,True,5.121103286743164,5.254367828369141,5.310673236846924,-4.585367558691911
Variables7,108,advocated,Variables,False,231,35,38,0.9210526315789472,3.98e-06,False,8.907378196716309,9.07017421722412,9.374310493469238,-12.434228738667928
Variables7,109,by,Variables,False,231,36,38,0.9473684210526316,0.00457,True,0.4488867819309234,0.1470802426338195,0.1270711570978164,-5.3882420740760235
Variables7,110,the,Variables,False,231,37,38,0.9736842105263158,0.0537,True,0.4847251176834106,0.6978756189346313,0.5602399706840515,-2.9243422774673182
Variables7,111,propaganda,Variables,False,231,38,38,1.0,1.48e-05,False,3.651595950126648,5.507225871086121,4.96441388130188,-11.120883377194204
Variables7,112,.,Variables,True,231,38,38,1.0,0.0,False,,,,
Variables7,113,We,Variables,False,232,0,17,0.0,0.00347,True,2.3183529376983643,2.518590450286865,2.113300085067749,-5.663600685023369
Variables7,114,could,Variables,False,232,1,17,0.0588235294117647,0.00115,False,0.8774776458740234,0.9869797825813292,0.8531822562217712,-6.767993336606978
Variables7,115,also,Variables,False,232,2,17,0.1176470588235294,0.00155,False,1.4674981832504272,1.5664560794830322,1.3999887704849243,-6.469500348050982
Variables7,116,subsequently,Variables,False,232,3,17,0.1764705882352941,1.7e-05,False,10.206025123596191,12.219127655029297,10.817354202270508,-10.982297213908058
Variables7,117,track,Variables,False,232,4,17,0.2352941176470588,0.000105,False,5.900566101074219,6.564241409301758,6.090070724487305,-9.161550207806751
Variables7,118,them,Variables,False,232,5,17,0.2941176470588235,0.00155,True,5.276249408721924,5.945263385772705,6.754210472106934,-6.469500348050982
Variables7,119,over,Variables,False,232,6,17,0.3529411764705882,0.0012,True,3.054728507995605,3.874236106872559,3.27836537361145,-6.725433722188183
Variables7,120,a,Variables,False,232,7,17,0.4117647058823529,0.0229,True,3.2359910011291504,1.937865614891052,1.8018525838851929,-3.776618368421943
Variables7,121,period,Variables,False,232,8,17,0.4705882352941176,0.000162,False,0.7001680135726929,0.5821338891983032,0.8458893895149231,-8.72791422273189
Variables7,122,of,Variables,False,232,9,17,0.5294117647058824,0.0251,True,0.0372051559388637,0.0779650285840034,0.0620403289794921,-3.684887432844399
Variables7,123,time,Variables,False,232,10,17,0.5882352941176471,0.00195,False,0.2205173075199127,0.3207713365554809,0.1811573356389999,-6.239925906406482
Variables7,124,to,Variables,False,232,11,17,0.6470588235294118,0.0269,True,1.2246547937393188,1.7110670804977417,1.5469127893447876,-3.6156289923743437
Variables7,125,see,Variables,False,232,12,17,0.7058823529411765,0.00126,False,1.0294703245162964,1.210280179977417,0.9260677099227904,-6.676643558018751
Variables7,126,for,Variables,False,232,13,17,0.7647058823529411,0.0102,True,5.394993782043457,6.88800573348999,6.593254566192627,-4.585367558691911
Variables7,127,how,Variables,False,232,14,17,0.8235294117647058,0.00174,True,4.918724060058594,3.2462716102600098,2.7669289112091064,-6.3538701657556995
Variables7,128,long,Variables,False,232,15,17,0.8823529411764706,0.000646,False,2.448438167572021,1.5962791442871094,1.5952391624450684,-7.344711054181673
Variables7,129,changes,Variables,False,232,16,17,0.9411764705882352,0.000132,False,5.959669589996338,4.92777156829834,5.012035846710205,-8.932708635377903
Variables7,130,persisted,Variables,False,232,17,17,1.0,2.19e-06,False,7.321040153503418,8.042372703552246,6.225400269031525,-13.031609014135865
Variables7,131,.,Variables,True,232,17,17,1.0,0.0,False,,,,
Variables7,134,disregarding,Variables,False,233,0,13,0.0,9.12e-07,False,20.398154251277447,18.076991248875856,17.38857275992632,-13.90762584687208
Variables7,135,),Variables,True,233,0,13,0.0,0.0,False,7.153741836547852,6.141334056854248,6.444199562072754,
Variables7,136,',Variables,True,233,0,13,0.0,0.0,False,,,,
Variables8,1,In,Variables,False,233,1,13,0.0769230769230769,0.0186,True,4.456692695617676,5.335442543029785,5.667300224304199,-3.9845936982629815
Variables8,2,behavioral,Variables,False,233,2,13,0.1538461538461538,7.24e-06,False,12.716360092163086,14.594526290893556,8.793310165405273,-11.83588935156665
Variables8,3,science,Variables,False,233,3,13,0.2307692307692307,0.000132,False,2.304140567779541,1.101187229156494,2.036864995956421,-8.932708635377903
Variables8,4,interviews,Variables,False,233,4,13,0.3076923076923077,2.29e-05,False,9.969293594360352,8.703569412231445,9.640164375305176,-10.68437364740408
Variables8,5,and,Variables,False,233,5,13,0.3846153846153846,0.0257,True,3.2297325134277344,3.9287314414978023,3.559863567352295,-3.661264287080963
Variables8,6,questionnaires,Variables,False,233,6,13,0.4615384615384615,1.07e-06,False,8.069912238046527,8.300040930509567,7.185445176437497,-13.747851909490459
Variables8,7,are,Variables,False,233,7,13,0.5384615384615384,0.0055,True,8.599370956420898,4.93297290802002,4.798260688781738,-5.2030071867437115
Variables8,8,used,Variables,False,233,8,13,0.6153846153846154,0.000631,False,2.7385599613189697,2.67814040184021,2.182422876358032,-7.368204695423061
Variables8,9,to,Variables,False,233,9,13,0.6923076923076923,0.0269,True,0.3394938707351684,0.3813533186912536,0.328412801027298,-3.6156289923743437
Variables8,10,measure,Variables,False,233,10,13,0.7692307692307693,4.47e-05,False,3.2278435230255127,2.650019645690918,1.904250741004944,-10.015537056344751
Variables8,11,many,Variables,False,233,11,13,0.8461538461538461,0.000813,False,7.005131244659424,7.079920768737793,6.180473804473877,-7.1147794484164635
Variables8,12,dependent,Variables,False,233,12,13,0.9230769230769232,1.91e-05,False,9.447647094726562,10.645795822143556,9.130809783935549,-10.86582222291169
Variables8,13,variables,Variables,False,233,13,13,1.0,9.33e-06,False,2.811119556427002,2.258444607257843,0.9204858541488647,-11.582275543105021
Variables8,14,.,Variables,True,233,13,13,1.0,0.0,False,,,,
Variables8,15,Such,Variables,False,234,0,18,0.0,0.000692,True,4.894112586975098,5.003026962280273,5.321484565734863,-7.275924602346604
Variables8,16,instruments,Variables,False,234,1,18,0.0555555555555555,2.09e-05,False,6.7853684425354,11.200872421264648,6.804108619689941,-10.77576139899351
Variables8,17,are,Variables,False,234,2,18,0.1111111111111111,0.0055,True,1.457969069480896,1.3158587217330933,1.1292290687561035,-5.2030071867437115
Variables8,18,useful,Variables,False,234,3,18,0.1666666666666666,5.25e-05,False,3.757422924041748,4.143249034881592,3.613776683807373,-9.854697388366697
Variables8,19,only,Variables,False,234,4,18,0.2222222222222222,0.00132,True,4.051162242889404,4.736078262329102,4.32295036315918,-6.630123542383857
Variables8,20,when,Variables,False,234,5,18,0.2777777777777778,0.00234,True,1.6370933055877686,1.5691845417022705,1.4769729375839231,-6.057604349612527
Variables8,21,they,Variables,False,234,6,18,0.3333333333333333,0.00316,True,1.980597257614136,1.5193103551864624,1.7350236177444458,-5.757183251383316
Variables8,22,are,Variables,False,234,7,18,0.3888888888888889,0.0055,True,1.047493577003479,0.7715466618537903,0.8123654127120972,-5.2030071867437115
Variables8,23,carefully,Variables,False,234,8,18,0.4444444444444444,2.88e-05,False,6.4732208251953125,7.239959239959717,6.501053810119629,-10.455135170822373
Variables8,24,constructed,Variables,False,234,9,18,0.5,1.95e-05,False,3.28900408744812,3.714244842529297,4.000959873199463,-10.845096092394574
Variables8,25,to,Variables,False,234,10,18,0.5555555555555556,0.0269,True,1.8192417621612549,1.7991516590118408,1.4862114191055298,-3.6156289923743437
Variables8,26,truly,Variables,False,234,11,18,0.6111111111111112,7.41e-05,False,9.37121295928955,8.091670989990234,8.745396614074707,-9.510095025662233
Variables8,27,probe,Variables,False,234,12,18,0.6666666666666666,9.77e-06,False,6.07273006439209,8.795782089233398,7.200363636016846,-11.536194091909582
Variables8,28,the,Variables,False,234,13,18,0.7222222222222222,0.0537,True,0.9946391582489014,0.8426664471626282,0.568723738193512,-2.9243422774673182
Variables8,29,aspect,Variables,False,234,14,18,0.7777777777777778,2.57e-05,False,8.516767501831055,8.935075759887695,8.531573295593262,-10.5690195660631
Variables8,30,of,Variables,False,234,15,18,0.8333333333333334,0.0251,True,0.1399977207183838,0.186818778514862,0.0900889933109283,-3.684887432844399
Variables8,31,behavior,Variables,False,234,16,18,0.8888888888888888,4.9e-05,False,3.3900363445281982,3.277938842773437,4.586452960968018,-9.923690259853647
Variables8,32,under,Variables,False,234,17,18,0.9444444444444444,0.000537,True,6.154056549072266,6.448919296264648,5.741312503814697,-7.52951246345541
Variables8,33,investigation,Variables,False,234,18,18,1.0,5.62e-05,False,2.5374472439289093,3.895961821079254,2.396138280630112,-9.78659380106463
Variables8,34,.,Variables,True,234,18,18,1.0,0.0,False,,,,
Variables8,35,An,Variables,False,235,0,41,0.0,0.00339,True,5.008749961853027,4.884892463684082,4.380168914794922,-5.686925357589778
Variables8,36,example,Variables,False,235,1,41,0.024390243902439,0.000186,False,1.376959204673767,0.7846781611442566,1.3785818815231323,-8.589763884251074
Variables8,37,where,Variables,False,235,2,41,0.048780487804878,0.001,True,7.363962650299072,7.938551902770996,6.387768268585205,-6.907755278982137
Variables8,38,this,Variables,False,235,3,41,0.073170731707317,0.00661,True,2.312743663787842,1.6014065742492676,1.658984661102295,-5.019171625118542
Variables8,39,is,Variables,False,235,4,41,0.0975609756097561,0.0117,True,1.3855464458465576,1.5277830362319946,1.516377568244934,-4.448166437178426
Variables8,40,not,Variables,False,235,5,41,0.1219512195121951,0.0049,True,2.753004789352417,3.566835880279541,3.694770097732544,-5.318520073865556
Variables8,41,the,Variables,False,235,6,41,0.1463414634146341,0.0537,True,2.503450870513916,0.9287892580032348,1.4301931858062744,-2.9243422774673182
Variables8,42,case,Variables,False,235,7,41,0.1707317073170731,0.000355,False,0.0232163295149803,0.0021465611644089,0.0027765792328864,-7.943392768488859
Variables8,43,would,Variables,False,235,8,41,0.1951219512195122,0.00186,False,2.8684849739074707,3.5450897216796875,2.298113346099853,-6.287178791257027
Variables8,44,be,Variables,False,235,9,41,0.2195121951219512,0.00617,True,0.0269698575139045,0.019612206146121,0.0237044673413038,-5.088056441064841
Variables8,45,a,Variables,False,235,10,41,0.2439024390243902,0.0229,True,2.586991786956787,2.015665292739868,1.7640472650527954,-3.776618368421943
Variables8,46,test,Variables,False,235,11,41,0.2682926829268293,0.000155,False,4.251991748809815,3.988859653472901,4.071651458740234,-8.772085441045027
Variables8,47,which,Variables,False,235,12,41,0.2926829268292683,0.002,True,4.778278827667236,5.262265205383301,4.762259483337402,-6.214608098422191
Variables8,48,is,Variables,False,235,13,41,0.3170731707317073,0.0117,True,2.3615610599517822,2.506754875183105,2.8652148246765137,-4.448166437178426
Variables8,49,supposedly,Variables,False,235,14,41,0.3414634146341463,9.12e-06,False,7.973811149597168,7.949287414550781,7.626163005828857,-11.605040753878034
Variables8,50,designed,Variables,False,235,15,41,0.3658536585365853,9.12e-05,False,1.8899556398391724,1.942832350730896,2.0546000003814697,-9.302455660883988
Variables8,51,to,Variables,False,235,16,41,0.3902439024390244,0.0269,True,0.1287532597780227,0.0959865376353263,0.0577691756188869,-3.6156289923743437
Variables8,52,measure,Variables,False,235,17,41,0.4146341463414634,4.47e-05,False,1.222375750541687,1.471168875694275,1.508517861366272,-10.015537056344751
Variables8,53,intelligence,Variables,False,235,18,41,0.4390243902439024,5.01e-05,False,5.988786697387695,6.475844383239746,6.614600658416748,-9.901489549873455
Variables8,54,but,Variables,False,235,19,41,0.4634146341463415,0.00427,True,2.623014450073242,3.81616735458374,2.9971513748168945,-5.456141451741604
Variables8,55,the,Variables,False,235,20,41,0.4878048780487805,0.0537,True,4.7241387367248535,3.717524766921997,3.4049408435821533,-2.9243422774673182
Variables8,56,questions,Variables,False,235,21,41,0.5121951219512195,0.000141,False,4.488865852355957,6.198739528656006,6.218586921691895,-8.866750667586105
Variables8,57,are,Variables,False,235,22,41,0.5365853658536586,0.0055,True,1.384740114212036,1.5381420850753784,1.5073604583740234,-5.2030071867437115
Variables8,58,written,Variables,False,235,23,41,0.5609756097560976,0.000123,False,5.3465752601623535,4.278792858123779,4.670230388641357,-9.003326202591856
Variables8,59,in,Variables,False,235,24,41,0.5853658536585366,0.0186,True,1.1077938079833984,0.9187097549438475,0.9756555557250975,-3.9845936982629815
Variables8,60,such,Variables,False,235,25,41,0.6097560975609756,0.000692,True,2.149155139923096,2.991384744644165,3.063392162322998,-7.275924602346604
Variables8,61,a,Variables,False,235,26,41,0.6341463414634146,0.0229,True,0.1480539590120315,0.4233957827091217,0.2927424013614654,-3.776618368421943
Variables8,62,way,Variables,False,235,27,41,0.6585365853658537,0.00102,False,0.0397701486945152,0.0302079655230045,0.0324430651962757,-6.887952651685957
Variables8,63,as,Variables,False,235,28,41,0.6829268292682927,0.00589,True,1.7246370315551758,2.1836721897125244,1.73518705368042,-5.134499281318642
Variables8,64,to,Variables,False,235,29,41,0.7073170731707317,0.0269,True,0.073294311761856,0.0245843064039945,0.0241628102958202,-3.6156289923743437
Variables8,65,place,Variables,False,235,30,41,0.7317073170731707,0.000513,False,5.933319091796875,7.193449020385742,7.384214401245117,-7.575234712793504
Variables8,66,demands,Variables,False,235,31,41,0.7560975609756098,2.57e-05,False,7.809098243713379,8.684558868408203,9.073028564453123,-10.5690195660631
Variables8,67,on,Variables,False,235,32,41,0.7804878048780488,0.00813,True,0.2417135685682296,0.1735533773899078,0.1666477620601654,-4.812194355422418
Variables8,68,additional,Variables,False,235,33,41,0.8048780487804879,9.55e-05,False,8.248737335205078,8.799412727355957,9.39096450805664,-9.25638431047759
Variables8,69,mental,Variables,False,235,34,41,0.8292682926829268,6.76e-05,False,5.4663591384887695,6.393006324768066,5.98487663269043,-9.601902574915355
Variables8,70,processes,Variables,False,235,35,41,0.8536585365853658,2.88e-05,False,2.9733235836029053,3.432753562927246,3.5421974658966064,-10.455135170822373
Variables8,71,such,Variables,False,235,36,41,0.8780487804878049,0.000692,True,3.631173610687256,3.729442596435547,3.145208835601806,-7.275924602346604
Variables8,72,as,Variables,False,235,37,41,0.902439024390244,0.00589,True,0.0120810698717832,0.0271342694759368,0.0172364357858896,-5.134499281318642
Variables8,73,working,Variables,False,235,38,41,0.926829268292683,0.000282,False,5.278033256530762,7.231690883636475,7.269881248474121,-8.17360348702616
Variables8,74,memory,Variables,False,235,39,41,0.951219512195122,6.46e-05,False,0.0337763577699661,0.9296248555183412,1.1444915533065796,-9.647296147175718
Variables8,75,and,Variables,False,235,40,41,0.975609756097561,0.0257,True,1.2541500329971311,1.532944679260254,1.4339029788970947,-3.661264287080963
Variables8,76,language,Variables,False,235,41,41,1.0,0.000126,False,5.934792399406433,5.776098608970642,6.014201760292053,-8.979228651012797
Variables8,77,.,Variables,True,235,41,41,1.0,0.0,False,,,,
Variables9,1,Whatever,Variables,False,236,0,19,0.0,0.000138,False,9.48166275024414,9.13282299041748,8.909412384033203,-8.88825687280707
Variables9,2,observational,Variables,False,236,1,19,0.0526315789473684,1.38e-06,False,13.506657600402832,16.90772247314453,9.263236045837402,-13.493427058795161
Variables9,3,procedures,Variables,False,236,2,19,0.1052631578947368,2.29e-05,False,6.990511894226074,11.332586288452148,6.356744289398193,-10.68437364740408
Variables9,4,we,Variables,False,236,3,19,0.1578947368421052,0.00347,True,3.3413052558898926,3.965387344360352,2.027660846710205,-5.663600685023369
Variables9,5,decide,Variables,False,236,4,19,0.2105263157894736,6.03e-05,False,5.736446857452393,7.152448177337647,6.118464469909668,-9.716178454231134
Variables9,6,to,Variables,False,236,5,19,0.2631578947368421,0.0269,True,0.175276905298233,0.3161768913269043,0.2009103000164032,-3.6156289923743437
Variables9,7,use,Variables,False,236,6,19,0.3157894736842105,0.000646,False,1.007351994514465,1.1398637294769287,0.7284561395645142,-7.344711054181673
Variables9,8,one,Variables,False,236,7,19,0.3684210526315789,0.00295,False,9.327505111694336,8.658431053161621,7.486583232879639,-5.825950108630408
Variables9,9,must,Variables,False,236,8,19,0.4210526315789473,0.000479,False,3.122994899749756,5.493605613708496,3.684237480163574,-7.643809960553359
Variables9,10,recall,Variables,False,236,9,19,0.4736842105263157,2.51e-05,False,9.532108306884766,11.343713760375977,9.727039337158203,-10.592642711826535
Variables9,11,the,Variables,False,236,10,19,0.5263157894736842,0.0537,True,1.3407808542251587,1.5573241710662842,1.3612316846847534,-2.9243422774673182
Variables9,12,relative,Variables,False,236,11,19,0.5789473684210527,3.02e-05,False,6.818119049072266,7.866620063781738,7.282029628753662,-10.40766863358345
Variables9,13,imprecision,Variables,False,236,12,19,0.631578947368421,8.13e-08,False,10.976357713341711,10.243376195430756,12.995319962501526,-16.325119820392647
Variables9,14,of,Variables,False,236,13,19,0.6842105263157895,0.0251,True,0.3250344097614288,0.4010506868362427,0.3213582932949066,-3.684887432844399
Variables9,15,measuring,Variables,False,236,14,19,0.7368421052631579,1.17e-05,False,7.382882118225098,8.01695728302002,7.687859058380127,-11.355921716160564
Variables9,16,instruments,Variables,False,236,15,19,0.7894736842105263,2.09e-05,False,6.8663763999938965,6.231253623962402,10.856892585754396,-10.77576139899351
Variables9,17,in,Variables,False,236,16,19,0.8421052631578947,0.0186,True,2.0835442543029785,2.2402453422546387,2.1557493209838867,-3.9845936982629815
Variables9,18,the,Variables,False,236,17,19,0.8947368421052632,0.0537,True,1.6267179250717163,1.226093888282776,1.80308997631073,-2.9243422774673182
Variables9,19,behavioral,Variables,False,236,18,19,0.9473684210526316,7.24e-06,False,8.74130630493164,11.394719123840332,6.801244735717773,-11.83588935156665
Variables9,20,sciences,Variables,False,236,19,19,1.0,2.45e-05,False,1.678623378276825,2.1221150755882263,2.095426023006439,-10.616837440413592
Variables9,21,.,Variables,True,236,19,19,1.0,0.0,False,,,,
Variables9,22,In,Variables,False,237,0,30,0.0,0.0186,True,2.758497953414917,3.6019582748413086,2.457824468612671,-3.9845936982629815
Variables9,23,physics,Variables,False,237,1,30,0.0333333333333333,2.45e-05,False,6.334422588348389,6.250475972890854,9.9132479429245,-10.616837440413592
Variables9,24,",",Variables,True,237,1,30,0.0333333333333333,0.0,False,,,,
Variables9,25,the,Variables,False,237,2,30,0.0666666666666666,0.0537,True,2.14896821975708,2.058469772338867,1.6496901512145996,-2.9243422774673182
Variables9,26,galvanometer,Variables,False,237,3,30,0.1,5.37e-08,False,11.420611381530762,13.050631046295166,14.327515840530396,-16.73985283543159
Variables9,27,reading,Variables,False,237,4,30,0.1333333333333333,0.000138,False,9.125783920288086,8.755867958068848,6.830251693725586,-8.88825687280707
Variables9,28,reflects,Variables,False,237,5,30,0.1666666666666666,1.29e-05,False,7.060276985168457,7.482282638549805,7.942429542541504,-11.258283246596648
Variables9,29,almost,Variables,False,237,6,30,0.2,0.000245,False,7.920725345611572,6.548844337463379,6.524808406829834,-8.314252347419547
Variables9,30,exclusively,Variables,False,237,7,30,0.2333333333333333,1.74e-05,False,3.9753568172454834,2.662076473236084,2.8777918815612797,-10.959040351743791
Variables9,31,the,Variables,False,237,8,30,0.2666666666666666,0.0537,True,0.5052540898323059,0.8790903687477112,0.7665280103683472,-2.9243422774673182
Variables9,32,single,Variables,False,237,9,30,0.3,0.000257,False,7.078222751617432,7.916647911071777,8.67616081237793,-8.266434473069054
Variables9,33,measure,Variables,False,237,10,30,0.3333333333333333,4.47e-05,False,4.15883731842041,3.970180988311768,4.539995670318604,-10.015537056344751
Variables9,34,of,Variables,False,237,11,30,0.3666666666666666,0.0251,True,0.9651740789413452,0.673177182674408,0.204724982380867,-3.684887432844399
Variables9,35,voltage,Variables,False,237,12,30,0.4,1.05e-05,False,6.520913124084473,6.498682975769043,9.216294288635254,-11.464135300800796
Variables9,36,but,Variables,False,237,13,30,0.4333333333333333,0.00427,True,6.669548511505127,6.984255790710449,5.740056037902832,-5.456141451741604
Variables9,37,in,Variables,False,237,14,30,0.4666666666666667,0.0186,True,3.029924154281616,3.7141613960266113,3.1069588661193848,-3.9845936982629815
Variables9,38,behavioral,Variables,False,237,15,30,0.5,7.24e-06,False,5.630403518676758,6.019303321838379,5.710224628448486,-11.83588935156665
Variables9,39,science,Variables,False,237,16,30,0.5333333333333333,0.000132,False,1.3397533893585205,1.4762629270553589,0.3958447277545929,-8.932708635377903
Variables9,40,our,Variables,False,237,17,30,0.5666666666666667,0.00138,True,6.187704086303711,6.698073387145996,6.05711555480957,-6.5856717798130235
Variables9,41,instruments,Variables,False,237,18,30,0.6,2.09e-05,False,3.647646188735962,4.62092399597168,4.3385186195373535,-10.77576139899351
Variables9,42,are,Variables,False,237,19,30,0.6333333333333333,0.0055,True,1.5203123092651367,1.1769241094589231,0.9830966591835022,-5.2030071867437115
Variables9,43,often,Variables,False,237,20,30,0.6666666666666666,0.000257,False,2.974632024765014,3.1067004203796387,2.846030712127685,-8.266434473069054
Variables9,44,incapable,Variables,False,237,21,30,0.7,5.25e-06,False,8.152036666870117,10.104174613952637,9.348358154296877,-12.157282481360742
Variables9,45,of,Variables,False,237,22,30,0.7333333333333333,0.0251,True,0.0253743510693311,0.0440565422177314,0.0248695854097604,-3.684887432844399
Variables9,46,differentiating,Variables,False,237,23,30,0.7666666666666667,8.91e-07,False,7.58108326792717,6.978687092661858,7.609337344765663,-13.930921409475602
Variables9,47,among,Variables,False,237,24,30,0.8,0.000204,False,6.297356128692627,5.101792335510254,5.768909931182861,-8.497390564120058
Variables9,48,any,Variables,False,237,25,30,0.8333333333333334,0.00117,True,6.195816993713379,6.727574348449707,6.419275760650635,-6.750751530172472
Variables9,49,of,Variables,False,237,26,30,0.8666666666666667,0.0251,True,1.67872416973114,1.905266642570496,1.6660114526748655,-3.684887432844399
Variables9,50,several,Variables,False,237,27,30,0.9,0.000245,False,3.4396960735321045,3.5780506134033203,3.200928211212158,-8.314252347419547
Variables9,51,simultaneous,Variables,False,237,28,30,0.9333333333333332,3.39e-06,False,7.1556715965271,6.65223503112793,6.499983787536621,-12.594680636571915
Variables9,52,psychological,Variables,False,237,29,30,0.9666666666666668,1.86e-05,False,11.339937210083008,10.676456451416016,9.66992473602295,-10.892348977245119
Variables9,53,processes,Variables,False,237,30,30,1.0,2.88e-05,False,3.224420517683029,4.636135995388031,3.0962530970573425,-10.455135170822373
Variables9,54,.,Variables,True,237,30,30,1.0,0.0,False,,,,
Variables9,55,The,Variables,False,238,0,26,0.0,0.0537,True,2.481888771057129,2.656240463256836,2.3785958290100098,-2.9243422774673182
Variables9,56,solution,Variables,False,238,1,26,0.0384615384615384,6.92e-05,False,6.877931118011475,8.097729682922363,8.101846694946289,-9.57850969534065
Variables9,57,is,Variables,False,238,2,26,0.0769230769230769,0.0117,True,1.558018922805786,1.1800934076309204,1.2538059949874878,-4.448166437178426
Variables9,58,to,Variables,False,238,3,26,0.1153846153846153,0.0269,True,0.7171317338943481,0.6377163529396057,0.7437698245048523,-3.6156289923743437
Variables9,59,strive,Variables,False,238,4,26,0.1538461538461538,5.25e-06,False,7.370150566101074,9.419717788696287,10.109654426574709,-12.157282481360742
Variables9,60,for,Variables,False,238,5,26,0.1923076923076923,0.0102,True,0.5139832496643066,0.8822318911552429,0.9628474712371826,-4.585367558691911
Variables9,61,multiple,Variables,False,238,6,26,0.2307692307692307,8.32e-05,False,5.440423965454102,5.519350528717041,5.356278896331787,-9.394263210137112
Variables9,62,confirmation,Variables,False,238,7,26,0.2692307692307692,1.2e-05,False,11.012264251708984,11.76987648010254,11.589448928833008,-11.330603908176274
Variables9,63,by,Variables,False,238,8,26,0.3076923076923077,0.00457,True,3.383107185363769,5.329122543334961,6.297000885009766,-5.3882420740760235
Variables9,64,using,Variables,False,238,9,26,0.3461538461538461,0.000295,False,3.8989462852478023,3.3671183586120605,3.138524055480957,-8.128535201624453
Variables9,65,two,Variables,False,238,10,26,0.3846153846153846,0.00126,False,4.7776079177856445,3.902388095855713,4.016207695007324,-6.676643558018751
Variables9,66,or,Variables,False,238,11,26,0.4230769230769231,0.00347,True,2.899139881134033,2.486142158508301,2.3906033039093018,-5.663600685023369
Variables9,67,more,Variables,False,238,12,26,0.4615384615384615,0.00229,True,0.2113229781389236,0.1464351266622543,0.1620783060789108,-6.079203461415989
Variables9,68,different,Variables,False,238,13,26,0.5,0.000389,False,3.096810102462769,2.266737461090088,1.905896782875061,-7.851931214345828
Variables9,69,dependent,Variables,False,238,14,26,0.5384615384615384,1.91e-05,False,10.592474937438965,12.525208473205566,11.336217880249023,-10.86582222291169
Variables9,70,variables,Variables,False,238,15,26,0.5769230769230769,9.33e-06,False,1.1961270570755005,2.374596118927002,0.0237774569541215,-11.582275543105021
Variables9,71,plausibly,Variables,False,238,16,26,0.6153846153846154,4.17e-07,False,13.314820513362063,14.909585762768984,15.369365633931013,-14.69017961514761
Variables9,72,tapping,Variables,False,238,17,26,0.6538461538461539,5.75e-06,False,12.097561836242676,11.580531120300291,12.044776916503906,-12.066310703155015
Variables9,73,the,Variables,False,238,18,26,0.6923076923076923,0.0537,True,1.927179455757141,1.8594870567321775,1.729157328605652,-2.9243422774673182
Variables9,74,same,Variables,False,238,19,26,0.7307692307692307,0.000631,True,0.9068543910980223,1.0153295993804932,0.7312582731246948,-7.368204695423061
Variables9,75,underlying,Variables,False,238,20,26,0.7692307692307693,1.48e-05,False,5.741508960723877,5.420799732208252,6.248750686645508,-11.120883377194204
Variables9,76,behavior,Variables,False,238,21,26,0.8076923076923077,4.9e-05,False,5.258971214294434,5.0135908126831055,6.356311798095703,-9.923690259853647
Variables9,77,and,Variables,False,238,22,26,0.8461538461538461,0.0257,True,3.749490261077881,3.569525241851806,3.398833513259888,-3.661264287080963
Variables9,78,then,Variables,False,238,23,26,0.8846153846153846,0.00117,True,3.5379855632781982,3.098861694335937,2.403648853302002,-6.750751530172472
Variables9,79,comparing,Variables,False,238,24,26,0.9230769230769232,1.35e-05,False,3.1075704097747803,2.9456627368927,2.431302309036255,-11.21282087251989
Variables9,80,the,Variables,False,238,25,26,0.9615384615384616,0.0537,True,1.5210095643997192,1.4859663248062134,1.2969621419906616,-2.9243422774673182
Variables9,81,results,Variables,False,238,26,26,1.0,0.00017,False,2.3868300914764404,2.200747311115265,1.685776948928833,-8.679712120914012
Variables9,82,.,Variables,True,238,26,26,1.0,0.0,False,,,,
Variables9,83,One,Variables,False,239,0,10,0.0,0.00295,False,3.965534210205078,4.595669746398926,4.528063774108887,-5.825950108630408
Variables9,84,may,Variables,False,239,1,10,0.1,0.000955,False,4.318652153015137,4.8064470291137695,4.442014217376709,-6.953799217483544
Variables9,85,reduce,Variables,False,239,2,10,0.2,5.37e-05,False,7.143818378448486,8.057063102722168,8.649837493896484,-9.832097556449455
Variables9,86,error,Variables,False,239,3,10,0.3,3.55e-05,False,6.530426025390625,7.503892421722412,8.937122344970703,-10.245977861482904
Variables9,87,by,Variables,False,239,4,10,0.4,0.00457,True,1.0665292739868164,1.3297326564788818,1.0793451070785522,-5.3882420740760235
Variables9,88,combining,Variables,False,239,5,10,0.5,7.94e-06,False,4.852561950683594,4.861120700836182,5.067066192626953,-11.74359728270523
Variables9,89,the,Variables,False,239,6,10,0.6,0.0537,True,1.5798677206039429,1.1125755310058594,0.9681838750839232,-2.9243422774673182
Variables9,90,results,Variables,False,239,7,10,0.7,0.00017,False,3.293610095977783,3.5908260345458984,3.1285171508789062,-8.679712120914012
Variables9,91,of,Variables,False,239,8,10,0.8,0.0251,True,0.8599880337715149,0.6488513350486755,0.6735965609550476,-3.684887432844399
Variables9,92,multiple,Variables,False,239,9,10,0.9,8.32e-05,False,2.5649642944335938,2.619898557662964,2.94107723236084,-9.394263210137112
Variables9,93,tests,Variables,False,239,10,10,1.0,4.68e-05,False,5.422974586486816,4.83112907409668,3.814292311668396,-9.969627355040673
Variables9,94,.,Variables,True,239,10,10,1.0,0.0,False,,,,
Variables9,95,If,Variables,False,240,0,14,0.0,0.00295,True,4.121951103210449,4.489233493804932,3.3839893341064453,-5.825950108630408
Variables9,96,the,Variables,False,240,1,14,0.0714285714285714,0.0537,True,1.911647200584412,1.2659878730773926,1.2971268892288208,-2.9243422774673182
Variables9,97,hypothesis,Variables,False,240,2,14,0.1428571428571428,7.41e-06,False,5.4147257804870605,5.6136474609375,4.987237930297852,-11.812680118656278
Variables9,98,is,Variables,False,240,3,14,0.2142857142857142,0.0117,True,0.8490900993347168,0.8336217999458313,0.6909155249595642,-4.448166437178426
Variables9,99,supported,Variables,False,240,4,14,0.2857142857142857,4.79e-05,False,3.276007652282715,4.518241882324219,4.5142364501953125,-9.946395053547404
Variables9,100,by,Variables,False,240,5,14,0.3571428571428571,0.00457,True,0.6819249391555786,0.5963355898857117,0.3804551959037781,-5.3882420740760235
Variables9,101,two,Variables,False,240,6,14,0.4285714285714285,0.00126,False,3.43604063987732,3.9459054470062256,3.868889093399048,-6.676643558018751
Variables9,102,or,Variables,False,240,7,14,0.5,0.00347,True,2.0909907817840576,1.1645177602767944,1.4625895023345947,-5.663600685023369
Variables9,103,more,Variables,False,240,8,14,0.5714285714285714,0.00229,True,0.0286053400486707,0.0209001339972019,0.0208438616245985,-6.079203461415989
Variables9,104,independent,Variables,False,240,9,14,0.6428571428571429,8.51e-05,False,1.0202850103378296,1.695960521697998,1.203639030456543,-9.371683522384945
Variables9,105,measures,Variables,False,240,10,14,0.7142857142857143,4.68e-05,False,4.9247236251831055,5.020473122596741,11.335719108581545,-9.969627355040673
Variables9,106,",",Variables,True,240,10,14,0.7142857142857143,0.0,False,,,,
Variables9,107,it,Variables,False,240,11,14,0.7857142857142857,0.00891,True,2.3749098777771,2.995431423187256,2.7974965572357178,-4.720581037499419
Variables9,108,becomes,Variables,False,240,12,14,0.8571428571428571,6.76e-05,False,3.0031704902648926,3.250575542449951,3.677305459976196,-9.601902574915355
Variables9,109,more,Variables,False,240,13,14,0.9285714285714286,0.00229,True,2.769254684448242,2.5862836837768555,2.710446834564209,-6.079203461415989
Variables9,110,convincing,Variables,False,240,14,14,1.0,9.33e-06,False,7.430074214935303,7.175987958908081,8.412050724029541,-11.582275543105021
Variables9,111,.,Variables,True,240,14,14,1.0,0.0,False,,,,
